record_id,level,filename,template_path,field_order,field_name,field_label,semantic_definition,entry_rule,requiredness,controlled_vocabulary,controlled_values,sensitivity,validation_rule,book_anchor
MIN-CLAIM_EVIDENCE_MAP_MIN,minimum,CLAIM_EVIDENCE_MAP_MIN.csv,companion/03_TEMPLATES_MINIMUM/CLAIM_EVIDENCE_MAP_MIN.csv,1,claim_id,Claim id,Stable identifier for one exact claim wording.,Record the accepted current value and place supporting evidence or authority in the linked field or record.,required unless explicitly and defensibly not applicable; completed records must not leave the field blank,,,"controlled project metadata; no credentials, direct identifiers or confidential payloads",non-empty stable identifier; unique within the project namespace,6.1 The favourable result that outran its evidence
MIN-CLAIM_EVIDENCE_MAP_MIN,minimum,CLAIM_EVIDENCE_MAP_MIN.csv,companion/03_TEMPLATES_MINIMUM/CLAIM_EVIDENCE_MAP_MIN.csv,2,exact_claim_text,Exact claim text,Exact sentence or proposition whose wording is being authorised or rejected.,Record the accepted current value and place supporting evidence or authority in the linked field or record.,required unless explicitly and defensibly not applicable; completed records must not leave the field blank,,,"controlled project metadata; no credentials, direct identifiers or confidential payloads",non-empty when required; internally consistent with linked records,6.1 The favourable result that outran its evidence
MIN-CLAIM_EVIDENCE_MAP_MIN,minimum,CLAIM_EVIDENCE_MAP_MIN.csv,companion/03_TEMPLATES_MINIMUM/CLAIM_EVIDENCE_MAP_MIN.csv,3,evidence_object,Evidence object,Stable identifier or safe locator for the evidence used. Do not paste confidential payloads.,Record the accepted current value and place supporting evidence or authority in the linked field or record.,required unless explicitly and defensibly not applicable; completed records must not leave the field blank,,,"controlled project metadata; no credentials, direct identifiers or confidential payloads",non-empty when required; internally consistent with linked records,6.1 The favourable result that outran its evidence
MIN-CLAIM_EVIDENCE_MAP_MIN,minimum,CLAIM_EVIDENCE_MAP_MIN.csv,companion/03_TEMPLATES_MINIMUM/CLAIM_EVIDENCE_MAP_MIN.csv,4,method_or_source,Method or source,"Verified source or identity information for method or source, sufficient for independent resolution.",Record the accepted current value and place supporting evidence or authority in the linked field or record.,required unless explicitly and defensibly not applicable; completed records must not leave the field blank,,,"controlled project metadata; no credentials, direct identifiers or confidential payloads",non-empty when required; internally consistent with linked records,6.1 The favourable result that outran its evidence
MIN-CLAIM_EVIDENCE_MAP_MIN,minimum,CLAIM_EVIDENCE_MAP_MIN.csv,companion/03_TEMPLATES_MINIMUM/CLAIM_EVIDENCE_MAP_MIN.csv,5,uncertainty,uncertainty,"Statistical, numerical, measurement, interpretive, model or transfer uncertainty relevant to the decision.",Record the accepted current value and place supporting evidence or authority in the linked field or record.,required unless explicitly and defensibly not applicable; completed records must not leave the field blank,,,"controlled project metadata; no credentials, direct identifiers or confidential payloads",non-empty when required; internally consistent with linked records,6.1 The favourable result that outran its evidence
MIN-CLAIM_EVIDENCE_MAP_MIN,minimum,CLAIM_EVIDENCE_MAP_MIN.csv,companion/03_TEMPLATES_MINIMUM/CLAIM_EVIDENCE_MAP_MIN.csv,6,boundary,boundary,"Explicit scope limit for population, case, corpus, time, environment, method or transfer.",Record the accepted current value and place supporting evidence or authority in the linked field or record.,required unless explicitly and defensibly not applicable; completed records must not leave the field blank,,,"controlled project metadata; no credentials, direct identifiers or confidential payloads",non-empty when required; internally consistent with linked records,6.1 The favourable result that outran its evidence
MIN-CLAIM_EVIDENCE_MAP_MIN,minimum,CLAIM_EVIDENCE_MAP_MIN.csv,companion/03_TEMPLATES_MINIMUM/CLAIM_EVIDENCE_MAP_MIN.csv,7,counter_evidence_or_alternative,Counter evidence or alternative,Evidence or credible explanation that resists the preferred interpretation.,Record the accepted current value and place supporting evidence or authority in the linked field or record.,required unless explicitly and defensibly not applicable; completed records must not leave the field blank,,,"controlled project metadata; no credentials, direct identifiers or confidential payloads",non-empty when required; internally consistent with linked records,6.1 The favourable result that outran its evidence
MIN-CLAIM_EVIDENCE_MAP_MIN,minimum,CLAIM_EVIDENCE_MAP_MIN.csv,companion/03_TEMPLATES_MINIMUM/CLAIM_EVIDENCE_MAP_MIN.csv,8,stronger_wording_rejected,Stronger wording rejected,Attractive but unsupported wording that the evidence does not authorise.,Record the accepted current value and place supporting evidence or authority in the linked field or record.,required unless explicitly and defensibly not applicable; completed records must not leave the field blank,,,"controlled project metadata; no credentials, direct identifiers or confidential payloads",non-empty when required; internally consistent with linked records,6.1 The favourable result that outran its evidence
MIN-CLAIM_EVIDENCE_MAP_MIN,minimum,CLAIM_EVIDENCE_MAP_MIN.csv,companion/03_TEMPLATES_MINIMUM/CLAIM_EVIDENCE_MAP_MIN.csv,9,status,status,Current lifecycle or decision status. Use the controlled vocabulary declared for the record.,Record the accepted current value and place supporting evidence or authority in the linked field or record.,required unless explicitly and defensibly not applicable; completed records must not leave the field blank,claim_status,candidate; supported conditionally; supported; narrowed; suspended; rejected,"controlled project metadata; no credentials, direct identifiers or confidential payloads",use one exact value from controlled vocabulary: claim_status,6.1 The favourable result that outran its evidence
MIN-CORPUS_LEDGER_MIN,minimum,CORPUS_LEDGER_MIN.csv,companion/03_TEMPLATES_MINIMUM/CORPUS_LEDGER_MIN.csv,1,record_id,Record id,Stable identifier for the record. It must not change when the file is copied.,Record the accepted current value and place supporting evidence or authority in the linked field or record.,required unless explicitly and defensibly not applicable; completed records must not leave the field blank,,,bibliographic and source metadata only; do not redistribute restricted full texts,non-empty stable identifier; unique within the project namespace,"3.3 Keep records, publications, studies and evidence distinct"
MIN-CORPUS_LEDGER_MIN,minimum,CORPUS_LEDGER_MIN.csv,companion/03_TEMPLATES_MINIMUM/CORPUS_LEDGER_MIN.csv,2,citation_or_object,Citation or object,"Verified source or identity information for citation or object, sufficient for independent resolution.",Record the accepted current value and place supporting evidence or authority in the linked field or record.,required unless explicitly and defensibly not applicable; completed records must not leave the field blank,,,bibliographic and source metadata only; do not redistribute restricted full texts,non-empty when required; internally consistent with linked records,"3.3 Keep records, publications, studies and evidence distinct"
MIN-CORPUS_LEDGER_MIN,minimum,CORPUS_LEDGER_MIN.csv,companion/03_TEMPLATES_MINIMUM/CORPUS_LEDGER_MIN.csv,3,source_class,Source class,"Verified source or identity information for source class, sufficient for independent resolution.",Record the accepted current value and place supporting evidence or authority in the linked field or record.,required unless explicitly and defensibly not applicable; completed records must not leave the field blank,,,bibliographic and source metadata only; do not redistribute restricted full texts,non-empty when required; internally consistent with linked records,"3.3 Keep records, publications, studies and evidence distinct"
MIN-CORPUS_LEDGER_MIN,minimum,CORPUS_LEDGER_MIN.csv,companion/03_TEMPLATES_MINIMUM/CORPUS_LEDGER_MIN.csv,4,search_or_access_route,Search or access route,Record search or access route in sufficiently precise terms for a competent reviewer to reconstruct and challenge the decision.,Record the accepted current value and place supporting evidence or authority in the linked field or record.,required unless explicitly and defensibly not applicable; completed records must not leave the field blank,,,bibliographic and source metadata only; do not redistribute restricted full texts,non-empty when required; internally consistent with linked records,"3.3 Keep records, publications, studies and evidence distinct"
MIN-CORPUS_LEDGER_MIN,minimum,CORPUS_LEDGER_MIN.csv,companion/03_TEMPLATES_MINIMUM/CORPUS_LEDGER_MIN.csv,5,identity_or_study_id,Identity or study id,"Resolved identity at the appropriate level, separating records, publications and studies when relevant.",Record the accepted current value and place supporting evidence or authority in the linked field or record.,required unless explicitly and defensibly not applicable; completed records must not leave the field blank,,,bibliographic and source metadata only; do not redistribute restricted full texts,non-empty stable identifier; unique within the project namespace,"3.3 Keep records, publications, studies and evidence distinct"
MIN-CORPUS_LEDGER_MIN,minimum,CORPUS_LEDGER_MIN.csv,companion/03_TEMPLATES_MINIMUM/CORPUS_LEDGER_MIN.csv,6,inclusion_status,Inclusion status,"Candidate, included, excluded, duplicate or superseded state for the source or object.",Record the accepted current value and place supporting evidence or authority in the linked field or record.,required unless explicitly and defensibly not applicable; completed records must not leave the field blank,inclusion_status,candidate; included; excluded; duplicate; superseded,bibliographic and source metadata only; do not redistribute restricted full texts,use one exact value from controlled vocabulary: inclusion_status,"3.3 Keep records, publications, studies and evidence distinct"
MIN-CORPUS_LEDGER_MIN,minimum,CORPUS_LEDGER_MIN.csv,companion/03_TEMPLATES_MINIMUM/CORPUS_LEDGER_MIN.csv,7,appraisal,appraisal,Record appraisal in sufficiently precise terms for a competent reviewer to reconstruct and challenge the decision.,Record the accepted current value and place supporting evidence or authority in the linked field or record.,required unless explicitly and defensibly not applicable; completed records must not leave the field blank,,,bibliographic and source metadata only; do not redistribute restricted full texts,non-empty when required; internally consistent with linked records,"3.3 Keep records, publications, studies and evidence distinct"
MIN-CORPUS_LEDGER_MIN,minimum,CORPUS_LEDGER_MIN.csv,companion/03_TEMPLATES_MINIMUM/CORPUS_LEDGER_MIN.csv,8,rights_or_access,Rights or access,"Named authority, permission or rights basis governing rights or access.",Record the accepted current value and place supporting evidence or authority in the linked field or record.,required unless explicitly and defensibly not applicable; completed records must not leave the field blank,,,bibliographic and source metadata only; do not redistribute restricted full texts,non-empty when required; internally consistent with linked records,"3.3 Keep records, publications, studies and evidence distinct"
MIN-CORPUS_LEDGER_MIN,minimum,CORPUS_LEDGER_MIN.csv,companion/03_TEMPLATES_MINIMUM/CORPUS_LEDGER_MIN.csv,9,claim_or_decision_use,Claim or decision use,Exact bounded claim or claim-related role represented by claim or decision use.,Record the accepted current value and place supporting evidence or authority in the linked field or record.,required unless explicitly and defensibly not applicable; completed records must not leave the field blank,,,bibliographic and source metadata only; do not redistribute restricted full texts,non-empty when required; internally consistent with linked records,"3.3 Keep records, publications, studies and evidence distinct"
MIN-CORPUS_LEDGER_MIN,minimum,CORPUS_LEDGER_MIN.csv,companion/03_TEMPLATES_MINIMUM/CORPUS_LEDGER_MIN.csv,10,version,version,Explicit version identifier for the record or object. Do not rely on file modification time.,Record the accepted current value and place supporting evidence or authority in the linked field or record.,required unless explicitly and defensibly not applicable; completed records must not leave the field blank,,,bibliographic and source metadata only; do not redistribute restricted full texts,explicit version or dated revision; no ambiguous labels such as final-final,"3.3 Keep records, publications, studies and evidence distinct"
MIN-CORPUS_LEDGER_MIN,minimum,CORPUS_LEDGER_MIN.csv,companion/03_TEMPLATES_MINIMUM/CORPUS_LEDGER_MIN.csv,11,notes,notes,Record notes in sufficiently precise terms for a competent reviewer to reconstruct and challenge the decision.,Record the accepted current value and place supporting evidence or authority in the linked field or record.,optional; do not use for unstructured personal or confidential payloads,,,bibliographic and source metadata only; do not redistribute restricted full texts,non-empty when required; internally consistent with linked records,"3.3 Keep records, publications, studies and evidence distinct"
MIN-DECIDE_RECORD_MIN,minimum,DECIDE_RECORD_MIN.csv,companion/03_TEMPLATES_MINIMUM/DECIDE_RECORD_MIN.csv,1,decision_id,Decision id,Stable identifier for one consequential decision.,Record the accepted current value and place supporting evidence or authority in the linked field or record.,required unless explicitly and defensibly not applicable; completed records must not leave the field blank,,,"controlled project metadata; no credentials, direct identifiers or confidential payloads",non-empty stable identifier; unique within the project namespace,4.3 Use DECIDE to turn evidence into a conditional commitment
MIN-DECIDE_RECORD_MIN,minimum,DECIDE_RECORD_MIN.csv,companion/03_TEMPLATES_MINIMUM/DECIDE_RECORD_MIN.csv,2,decision,decision,Explicit disposition selected from the record’s controlled outcomes and justified by named evidence.,Record the accepted current value and place supporting evidence or authority in the linked field or record.,required unless explicitly and defensibly not applicable; completed records must not leave the field blank,,,"controlled project metadata; no credentials, direct identifiers or confidential payloads",non-empty when required; internally consistent with linked records,4.3 Use DECIDE to turn evidence into a conditional commitment
MIN-DECIDE_RECORD_MIN,minimum,DECIDE_RECORD_MIN.csv,companion/03_TEMPLATES_MINIMUM/DECIDE_RECORD_MIN.csv,3,credible_alternatives,Credible alternatives,Record credible alternatives in sufficiently precise terms for a competent reviewer to reconstruct and challenge the decision.,Record the accepted current value and place supporting evidence or authority in the linked field or record.,required unless explicitly and defensibly not applicable; completed records must not leave the field blank,,,"controlled project metadata; no credentials, direct identifiers or confidential payloads",non-empty when required; internally consistent with linked records,4.3 Use DECIDE to turn evidence into a conditional commitment
MIN-DECIDE_RECORD_MIN,minimum,DECIDE_RECORD_MIN.csv,companion/03_TEMPLATES_MINIMUM/DECIDE_RECORD_MIN.csv,4,criteria,criteria,Record criteria in sufficiently precise terms for a competent reviewer to reconstruct and challenge the decision.,Record the accepted current value and place supporting evidence or authority in the linked field or record.,required unless explicitly and defensibly not applicable; completed records must not leave the field blank,,,"controlled project metadata; no credentials, direct identifiers or confidential payloads",non-empty when required; internally consistent with linked records,4.3 Use DECIDE to turn evidence into a conditional commitment
MIN-DECIDE_RECORD_MIN,minimum,DECIDE_RECORD_MIN.csv,companion/03_TEMPLATES_MINIMUM/DECIDE_RECORD_MIN.csv,5,evidence_and_authority,Evidence and authority,"Named, retrievable evidence relevant to evidence and authority; use a safe locator rather than confidential payload.",Record the accepted current value and place supporting evidence or authority in the linked field or record.,required unless explicitly and defensibly not applicable; completed records must not leave the field blank,,,"controlled project metadata; no credentials, direct identifiers or confidential payloads",non-empty when required; internally consistent with linked records,4.3 Use DECIDE to turn evidence into a conditional commitment
MIN-DECIDE_RECORD_MIN,minimum,DECIDE_RECORD_MIN.csv,companion/03_TEMPLATES_MINIMUM/DECIDE_RECORD_MIN.csv,6,assumptions_and_risks,Assumptions and risks,"Material constraint, uncertainty or boundary associated with assumptions and risks.",Record the accepted current value and place supporting evidence or authority in the linked field or record.,required unless explicitly and defensibly not applicable; completed records must not leave the field blank,,,"controlled project metadata; no credentials, direct identifiers or confidential payloads",non-empty when required; internally consistent with linked records,4.3 Use DECIDE to turn evidence into a conditional commitment
MIN-DECIDE_RECORD_MIN,minimum,DECIDE_RECORD_MIN.csv,companion/03_TEMPLATES_MINIMUM/DECIDE_RECORD_MIN.csv,7,conditional_commitment,Conditional commitment,Record conditional commitment in sufficiently precise terms for a competent reviewer to reconstruct and challenge the decision.,Record the accepted current value and place supporting evidence or authority in the linked field or record.,required unless explicitly and defensibly not applicable; completed records must not leave the field blank,,,"controlled project metadata; no credentials, direct identifiers or confidential payloads",non-empty when required; internally consistent with linked records,4.3 Use DECIDE to turn evidence into a conditional commitment
MIN-DECIDE_RECORD_MIN,minimum,DECIDE_RECORD_MIN.csv,companion/03_TEMPLATES_MINIMUM/DECIDE_RECORD_MIN.csv,8,early_test,Early test,Record early test in sufficiently precise terms for a competent reviewer to reconstruct and challenge the decision.,Record the accepted current value and place supporting evidence or authority in the linked field or record.,required unless explicitly and defensibly not applicable; completed records must not leave the field blank,,,"controlled project metadata; no credentials, direct identifiers or confidential payloads",non-empty when required; internally consistent with linked records,4.3 Use DECIDE to turn evidence into a conditional commitment
MIN-DECIDE_RECORD_MIN,minimum,DECIDE_RECORD_MIN.csv,companion/03_TEMPLATES_MINIMUM/DECIDE_RECORD_MIN.csv,9,reopening_trigger,Reopening trigger,Observable condition that invalidates or narrows the current commitment and reopens a named gate.,Record the accepted current value and place supporting evidence or authority in the linked field or record.,required unless explicitly and defensibly not applicable; completed records must not leave the field blank,,,"controlled project metadata; no credentials, direct identifiers or confidential payloads",non-empty when required; internally consistent with linked records,4.3 Use DECIDE to turn evidence into a conditional commitment
MIN-DECIDE_RECORD_MIN,minimum,DECIDE_RECORD_MIN.csv,companion/03_TEMPLATES_MINIMUM/DECIDE_RECORD_MIN.csv,10,reviewer,reviewer,Named person or competent role that inspected the current version.,Record the accepted current value and place supporting evidence or authority in the linked field or record.,required unless explicitly and defensibly not applicable; completed records must not leave the field blank,,,"controlled project metadata; no credentials, direct identifiers or confidential payloads",non-empty when required; internally consistent with linked records,4.3 Use DECIDE to turn evidence into a conditional commitment
MIN-DECIDE_RECORD_MIN,minimum,DECIDE_RECORD_MIN.csv,companion/03_TEMPLATES_MINIMUM/DECIDE_RECORD_MIN.csv,11,date,date,"ISO 8601 date on which the action, observation or disposition occurred.",Record the accepted current value and place supporting evidence or authority in the linked field or record.,required unless explicitly and defensibly not applicable; completed records must not leave the field blank,,,"controlled project metadata; no credentials, direct identifiers or confidential payloads",ISO 8601 date (YYYY-MM-DD),4.3 Use DECIDE to turn evidence into a conditional commitment
MIN-DECIDE_RECORD_MIN,minimum,DECIDE_RECORD_MIN.csv,companion/03_TEMPLATES_MINIMUM/DECIDE_RECORD_MIN.csv,12,status,status,Current lifecycle or decision status. Use the controlled vocabulary declared for the record.,Record the accepted current value and place supporting evidence or authority in the linked field or record.,required unless explicitly and defensibly not applicable; completed records must not leave the field blank,lifecycle_status,draft; candidate; reviewed; accepted locally; superseded; withdrawn,"controlled project metadata; no credentials, direct identifiers or confidential payloads",use one exact value from controlled vocabulary: lifecycle_status,4.3 Use DECIDE to turn evidence into a conditional commitment
MIN-DEFENCE_QUESTION_MATRIX_MIN,minimum,DEFENCE_QUESTION_MATRIX_MIN.csv,companion/03_TEMPLATES_MINIMUM/DEFENCE_QUESTION_MATRIX_MIN.csv,1,question_family,Question family,Exact question represented by question family.,Record the accepted current value and place supporting evidence or authority in the linked field or record.,required unless explicitly and defensibly not applicable; completed records must not leave the field blank,,,may reference restricted administrative objects; store only safe identifiers and segregated locators,non-empty when required; internally consistent with linked records,"9.6 Answer from evidence, boundary and consequence"
MIN-DEFENCE_QUESTION_MATRIX_MIN,minimum,DEFENCE_QUESTION_MATRIX_MIN.csv,companion/03_TEMPLATES_MINIMUM/DEFENCE_QUESTION_MATRIX_MIN.csv,2,hostile_question,Hostile question,"Realistic adversarial question that tests evidence, reasoning, uncertainty, authority or ownership.",Record the accepted current value and place supporting evidence or authority in the linked field or record.,required unless explicitly and defensibly not applicable; completed records must not leave the field blank,,,may reference restricted administrative objects; store only safe identifiers and segregated locators,non-empty when required; internally consistent with linked records,"9.6 Answer from evidence, boundary and consequence"
MIN-DEFENCE_QUESTION_MATRIX_MIN,minimum,DEFENCE_QUESTION_MATRIX_MIN.csv,companion/03_TEMPLATES_MINIMUM/DEFENCE_QUESTION_MATRIX_MIN.csv,3,direct_answer,Direct answer,Concise answer that addresses the question before explanation and does not exceed the accepted claim.,Record the accepted current value and place supporting evidence or authority in the linked field or record.,required unless explicitly and defensibly not applicable; completed records must not leave the field blank,,,may reference restricted administrative objects; store only safe identifiers and segregated locators,non-empty when required; internally consistent with linked records,"9.6 Answer from evidence, boundary and consequence"
MIN-DEFENCE_QUESTION_MATRIX_MIN,minimum,DEFENCE_QUESTION_MATRIX_MIN.csv,companion/03_TEMPLATES_MINIMUM/DEFENCE_QUESTION_MATRIX_MIN.csv,4,evidence_anchor,Evidence anchor,"Named, retrievable evidence relevant to evidence anchor; use a safe locator rather than confidential payload.",Record the accepted current value and place supporting evidence or authority in the linked field or record.,required unless explicitly and defensibly not applicable; completed records must not leave the field blank,,,may reference restricted administrative objects; store only safe identifiers and segregated locators,non-empty when required; internally consistent with linked records,"9.6 Answer from evidence, boundary and consequence"
MIN-DEFENCE_QUESTION_MATRIX_MIN,minimum,DEFENCE_QUESTION_MATRIX_MIN.csv,companion/03_TEMPLATES_MINIMUM/DEFENCE_QUESTION_MATRIX_MIN.csv,5,inferential_link,Inferential link,Record inferential link in sufficiently precise terms for a competent reviewer to reconstruct and challenge the decision.,Record the accepted current value and place supporting evidence or authority in the linked field or record.,required unless explicitly and defensibly not applicable; completed records must not leave the field blank,,,may reference restricted administrative objects; store only safe identifiers and segregated locators,non-empty when required; internally consistent with linked records,"9.6 Answer from evidence, boundary and consequence"
MIN-DEFENCE_QUESTION_MATRIX_MIN,minimum,DEFENCE_QUESTION_MATRIX_MIN.csv,companion/03_TEMPLATES_MINIMUM/DEFENCE_QUESTION_MATRIX_MIN.csv,6,limitation,limitation,"Condition that materially restricts interpretation, transfer or use of the finding.",Record the accepted current value and place supporting evidence or authority in the linked field or record.,required unless explicitly and defensibly not applicable; completed records must not leave the field blank,,,may reference restricted administrative objects; store only safe identifiers and segregated locators,non-empty when required; internally consistent with linked records,"9.6 Answer from evidence, boundary and consequence"
MIN-DEFENCE_QUESTION_MATRIX_MIN,minimum,DEFENCE_QUESTION_MATRIX_MIN.csv,companion/03_TEMPLATES_MINIMUM/DEFENCE_QUESTION_MATRIX_MIN.csv,7,what_does_not_follow,What does not follow,Record what does not follow in sufficiently precise terms for a competent reviewer to reconstruct and challenge the decision.,Record the accepted current value and place supporting evidence or authority in the linked field or record.,required unless explicitly and defensibly not applicable; completed records must not leave the field blank,,,may reference restricted administrative objects; store only safe identifiers and segregated locators,non-empty when required; internally consistent with linked records,"9.6 Answer from evidence, boundary and consequence"
MIN-DEFENCE_QUESTION_MATRIX_MIN,minimum,DEFENCE_QUESTION_MATRIX_MIN.csv,companion/03_TEMPLATES_MINIMUM/DEFENCE_QUESTION_MATRIX_MIN.csv,8,follow_up,Follow up,Record follow up in sufficiently precise terms for a competent reviewer to reconstruct and challenge the decision.,Record the accepted current value and place supporting evidence or authority in the linked field or record.,required unless explicitly and defensibly not applicable; completed records must not leave the field blank,,,may reference restricted administrative objects; store only safe identifiers and segregated locators,non-empty when required; internally consistent with linked records,"9.6 Answer from evidence, boundary and consequence"
MIN-DEFENCE_QUESTION_MATRIX_MIN,minimum,DEFENCE_QUESTION_MATRIX_MIN.csv,companion/03_TEMPLATES_MINIMUM/DEFENCE_QUESTION_MATRIX_MIN.csv,9,rehearsal_status,Rehearsal status,"State of independent rehearsal and unresolved defect, not a prediction of examination outcome.",Record the accepted current value and place supporting evidence or authority in the linked field or record.,required unless explicitly and defensibly not applicable; completed records must not leave the field blank,lifecycle_status,draft; candidate; reviewed; accepted locally; superseded; withdrawn,may reference restricted administrative objects; store only safe identifiers and segregated locators,use one exact value from controlled vocabulary: lifecycle_status,"9.6 Answer from evidence, boundary and consequence"
MIN-DEMONSTRATION_RUNBOOK_MIN,minimum,DEMONSTRATION_RUNBOOK_MIN.csv,companion/03_TEMPLATES_MINIMUM/DEMONSTRATION_RUNBOOK_MIN.csv,1,step,step,Record step in sufficiently precise terms for a competent reviewer to reconstruct and challenge the decision.,Record the accepted current value and place supporting evidence or authority in the linked field or record.,required unless explicitly and defensibly not applicable; completed records must not leave the field blank,,,"record versions and evidence locators, not secrets, personal data or proprietary payloads",non-empty when required; internally consistent with linked records,"9.4 Demonstrate an evidence path, not a product tour"
MIN-DEMONSTRATION_RUNBOOK_MIN,minimum,DEMONSTRATION_RUNBOOK_MIN.csv,companion/03_TEMPLATES_MINIMUM/DEMONSTRATION_RUNBOOK_MIN.csv,2,purpose,purpose,Record purpose in sufficiently precise terms for a competent reviewer to reconstruct and challenge the decision.,Record the accepted current value and place supporting evidence or authority in the linked field or record.,required unless explicitly and defensibly not applicable; completed records must not leave the field blank,,,"record versions and evidence locators, not secrets, personal data or proprietary payloads",non-empty when required; internally consistent with linked records,"9.4 Demonstrate an evidence path, not a product tour"
MIN-DEMONSTRATION_RUNBOOK_MIN,minimum,DEMONSTRATION_RUNBOOK_MIN.csv,companion/03_TEMPLATES_MINIMUM/DEMONSTRATION_RUNBOOK_MIN.csv,3,route,route,One of the eight locked inquiry routes or an explicitly justified hybrid component.,Record the accepted current value and place supporting evidence or authority in the linked field or record.,required unless explicitly and defensibly not applicable; completed records must not leave the field blank,route,build-and-evaluate; algorithmic or simulation study; predictive or machine-learning study; quantitative empirical study; qualitative inquiry; case study; formal evidence synthesis; hybrid route,"record versions and evidence locators, not secrets, personal data or proprietary payloads",use one exact value from controlled vocabulary: route,"9.4 Demonstrate an evidence path, not a product tour"
MIN-DEMONSTRATION_RUNBOOK_MIN,minimum,DEMONSTRATION_RUNBOOK_MIN.csv,companion/03_TEMPLATES_MINIMUM/DEMONSTRATION_RUNBOOK_MIN.csv,4,release_or_state,Release or state,Record release or state in sufficiently precise terms for a competent reviewer to reconstruct and challenge the decision.,Record the accepted current value and place supporting evidence or authority in the linked field or record.,required unless explicitly and defensibly not applicable; completed records must not leave the field blank,,,"record versions and evidence locators, not secrets, personal data or proprietary payloads",non-empty when required; internally consistent with linked records,"9.4 Demonstrate an evidence path, not a product tour"
MIN-DEMONSTRATION_RUNBOOK_MIN,minimum,DEMONSTRATION_RUNBOOK_MIN.csv,companion/03_TEMPLATES_MINIMUM/DEMONSTRATION_RUNBOOK_MIN.csv,5,action,action,"Specific, owned and testable action for action.",Record the accepted current value and place supporting evidence or authority in the linked field or record.,required unless explicitly and defensibly not applicable; completed records must not leave the field blank,,,"record versions and evidence locators, not secrets, personal data or proprietary payloads",non-empty when required; internally consistent with linked records,"9.4 Demonstrate an evidence path, not a product tour"
MIN-DEMONSTRATION_RUNBOOK_MIN,minimum,DEMONSTRATION_RUNBOOK_MIN.csv,companion/03_TEMPLATES_MINIMUM/DEMONSTRATION_RUNBOOK_MIN.csv,6,expected_evidence,Expected evidence,Evidence object that should be produced if the step behaves as designed.,Record the accepted current value and place supporting evidence or authority in the linked field or record.,required unless explicitly and defensibly not applicable; completed records must not leave the field blank,,,"record versions and evidence locators, not secrets, personal data or proprietary payloads",non-empty when required; internally consistent with linked records,"9.4 Demonstrate an evidence path, not a product tour"
MIN-DEMONSTRATION_RUNBOOK_MIN,minimum,DEMONSTRATION_RUNBOOK_MIN.csv,companion/03_TEMPLATES_MINIMUM/DEMONSTRATION_RUNBOOK_MIN.csv,7,failure_case,Failure case,Known or rehearsed condition in which the primary path fails or the claim boundary is tested.,Record the accepted current value and place supporting evidence or authority in the linked field or record.,required unless explicitly and defensibly not applicable; completed records must not leave the field blank,,,"record versions and evidence locators, not secrets, personal data or proprietary payloads",non-empty when required; internally consistent with linked records,"9.4 Demonstrate an evidence path, not a product tour"
MIN-DEMONSTRATION_RUNBOOK_MIN,minimum,DEMONSTRATION_RUNBOOK_MIN.csv,companion/03_TEMPLATES_MINIMUM/DEMONSTRATION_RUNBOOK_MIN.csv,8,fallback,fallback,Safe secondary path using the same accepted release and scientific claim boundary.,Record the accepted current value and place supporting evidence or authority in the linked field or record.,required unless explicitly and defensibly not applicable; completed records must not leave the field blank,,,"record versions and evidence locators, not secrets, personal data or proprietary payloads",non-empty when required; internally consistent with linked records,"9.4 Demonstrate an evidence path, not a product tour"
MIN-DEMONSTRATION_RUNBOOK_MIN,minimum,DEMONSTRATION_RUNBOOK_MIN.csv,companion/03_TEMPLATES_MINIMUM/DEMONSTRATION_RUNBOOK_MIN.csv,9,reset_or_stop_rule,Reset or stop rule,"Condition for safe reset, containment or termination of the demonstration or work unit.",Record the accepted current value and place supporting evidence or authority in the linked field or record.,required unless explicitly and defensibly not applicable; completed records must not leave the field blank,,,"record versions and evidence locators, not secrets, personal data or proprietary payloads",non-empty when required; internally consistent with linked records,"9.4 Demonstrate an evidence path, not a product tour"
MIN-DEMONSTRATION_RUNBOOK_MIN,minimum,DEMONSTRATION_RUNBOOK_MIN.csv,companion/03_TEMPLATES_MINIMUM/DEMONSTRATION_RUNBOOK_MIN.csv,10,time_boundary,Time boundary,"Material constraint, uncertainty or boundary associated with time boundary.",Record the accepted current value and place supporting evidence or authority in the linked field or record.,required unless explicitly and defensibly not applicable; completed records must not leave the field blank,,,"record versions and evidence locators, not secrets, personal data or proprietary payloads",non-empty when required; internally consistent with linked records,"9.4 Demonstrate an evidence path, not a product tour"
MIN-DEMONSTRATION_RUNBOOK_MIN,minimum,DEMONSTRATION_RUNBOOK_MIN.csv,companion/03_TEMPLATES_MINIMUM/DEMONSTRATION_RUNBOOK_MIN.csv,11,status,status,Current lifecycle or decision status. Use the controlled vocabulary declared for the record.,Record the accepted current value and place supporting evidence or authority in the linked field or record.,required unless explicitly and defensibly not applicable; completed records must not leave the field blank,lifecycle_status,draft; candidate; reviewed; accepted locally; superseded; withdrawn,"record versions and evidence locators, not secrets, personal data or proprietary payloads",use one exact value from controlled vocabulary: lifecycle_status,"9.4 Demonstrate an evidence path, not a product tour"
MIN-FEASIBILITY_SPRINT_RECORD_MIN,minimum,FEASIBILITY_SPRINT_RECORD_MIN.csv,companion/03_TEMPLATES_MINIMUM/FEASIBILITY_SPRINT_RECORD_MIN.csv,1,Critical uncertainty,Critical uncertainty,Name the uncertainty with the greatest downstream cost.,Record the accepted current value and place supporting evidence or authority in the linked field or record.,required unless explicitly and defensibly not applicable; completed records must not leave the field blank,,,"controlled project metadata; no credentials, direct identifiers or confidential payloads",non-empty when required; internally consistent with linked records,2.6 Run a bounded feasibility sprint
MIN-FEASIBILITY_SPRINT_RECORD_MIN,minimum,FEASIBILITY_SPRINT_RECORD_MIN.csv,companion/03_TEMPLATES_MINIMUM/FEASIBILITY_SPRINT_RECORD_MIN.csv,2,Bounded action,Bounded action,State the smallest safe test.,Record the accepted current value and place supporting evidence or authority in the linked field or record.,required unless explicitly and defensibly not applicable; completed records must not leave the field blank,,,"controlled project metadata; no credentials, direct identifiers or confidential payloads",non-empty when required; internally consistent with linked records,2.6 Run a bounded feasibility sprint
MIN-FEASIBILITY_SPRINT_RECORD_MIN,minimum,FEASIBILITY_SPRINT_RECORD_MIN.csv,companion/03_TEMPLATES_MINIMUM/FEASIBILITY_SPRINT_RECORD_MIN.csv,3,Evidence produced,Evidence produced,Name the retained evidence object.,Record the accepted current value and place supporting evidence or authority in the linked field or record.,required unless explicitly and defensibly not applicable; completed records must not leave the field blank,,,"controlled project metadata; no credentials, direct identifiers or confidential payloads",non-empty when required; internally consistent with linked records,2.6 Run a bounded feasibility sprint
MIN-FEASIBILITY_SPRINT_RECORD_MIN,minimum,FEASIBILITY_SPRINT_RECORD_MIN.csv,companion/03_TEMPLATES_MINIMUM/FEASIBILITY_SPRINT_RECORD_MIN.csv,4,Acceptance criterion,Acceptance criterion,State the criterion before reporting the outcome.,Record the accepted current value and place supporting evidence or authority in the linked field or record.,required unless explicitly and defensibly not applicable; completed records must not leave the field blank,,,"controlled project metadata; no credentials, direct identifiers or confidential payloads",non-empty when required; internally consistent with linked records,2.6 Run a bounded feasibility sprint
MIN-FEASIBILITY_SPRINT_RECORD_MIN,minimum,FEASIBILITY_SPRINT_RECORD_MIN.csv,companion/03_TEMPLATES_MINIMUM/FEASIBILITY_SPRINT_RECORD_MIN.csv,5,Decision consequence,Decision consequence,"Continue, narrow, pivot or stop.",Record the accepted current value and place supporting evidence or authority in the linked field or record.,required unless explicitly and defensibly not applicable; completed records must not leave the field blank,,continue; narrow; pivot; stop,"controlled project metadata; no credentials, direct identifiers or confidential payloads",non-empty when required; internally consistent with linked records,2.6 Run a bounded feasibility sprint
MIN-FEASIBILITY_SPRINT_RECORD_MIN,minimum,FEASIBILITY_SPRINT_RECORD_MIN.csv,companion/03_TEMPLATES_MINIMUM/FEASIBILITY_SPRINT_RECORD_MIN.csv,6,Gate reopened if failed,Gate reopened if failed,Name the earliest responsible gate.,Record the accepted current value and place supporting evidence or authority in the linked field or record.,required unless explicitly and defensibly not applicable; completed records must not leave the field blank,,Project Start Pack / opening control; Problem Gate; Evidence Gate; Design Gate; Execution Gate; Claim Gate; Argument Gate; Editorial Gate; Defence Readiness Gate,"controlled project metadata; no credentials, direct identifiers or confidential payloads",use one exact common gate/control name or an explicit justified external authority route where the record permits it,2.6 Run a bounded feasibility sprint
MIN-FEASIBILITY_SPRINT_RECORD_MIN,minimum,FEASIBILITY_SPRINT_RECORD_MIN.csv,companion/03_TEMPLATES_MINIMUM/FEASIBILITY_SPRINT_RECORD_MIN.csv,7,Owner and dates,Owner and dates,"Record owner, start and end.",Record the accepted current value and place supporting evidence or authority in the linked field or record.,required unless explicitly and defensibly not applicable; completed records must not leave the field blank,,,"controlled project metadata; no credentials, direct identifiers or confidential payloads",non-empty when required; internally consistent with linked records,2.6 Run a bounded feasibility sprint
MIN-FEASIBILITY_SPRINT_RECORD_MIN,minimum,FEASIBILITY_SPRINT_RECORD_MIN.csv,companion/03_TEMPLATES_MINIMUM/FEASIBILITY_SPRINT_RECORD_MIN.csv,8,Version and status,Version and status,"Assign identifier, version and disposition.",Record the accepted current value and place supporting evidence or authority in the linked field or record.,required unless explicitly and defensibly not applicable; completed records must not leave the field blank,,,"controlled project metadata; no credentials, direct identifiers or confidential payloads",explicit version or dated revision; no ambiguous labels such as final-final,2.6 Run a bounded feasibility sprint
MIN-GATE_RECORD_MIN,minimum,GATE_RECORD_MIN.csv,companion/03_TEMPLATES_MINIMUM/GATE_RECORD_MIN.csv,1,gate,gate,Current gate or opening control under which the decision is being reviewed.,Record the accepted current value and place supporting evidence or authority in the linked field or record.,required unless explicitly and defensibly not applicable; completed records must not leave the field blank,,Project Start Pack / opening control; Problem Gate; Evidence Gate; Design Gate; Execution Gate; Claim Gate; Argument Gate; Editorial Gate; Defence Readiness Gate,"controlled project metadata; no credentials, direct identifiers or confidential payloads",use one exact common gate/control name or an explicit justified external authority route where the record permits it,Cross-cutting companion control; consult BOOK_TO_COMPANION_CROSSWALK.csv
MIN-GATE_RECORD_MIN,minimum,GATE_RECORD_MIN.csv,companion/03_TEMPLATES_MINIMUM/GATE_RECORD_MIN.csv,2,decision_question,Decision question,Exact question that the gate or control must answer before progression.,Record the accepted current value and place supporting evidence or authority in the linked field or record.,required unless explicitly and defensibly not applicable; completed records must not leave the field blank,,,"controlled project metadata; no credentials, direct identifiers or confidential payloads",non-empty when required; internally consistent with linked records,Cross-cutting companion control; consult BOOK_TO_COMPANION_CROSSWALK.csv
MIN-GATE_RECORD_MIN,minimum,GATE_RECORD_MIN.csv,companion/03_TEMPLATES_MINIMUM/GATE_RECORD_MIN.csv,3,required_objects,Required objects,Record required objects in sufficiently precise terms for a competent reviewer to reconstruct and challenge the decision.,Record the accepted current value and place supporting evidence or authority in the linked field or record.,required unless explicitly and defensibly not applicable; completed records must not leave the field blank,,,"controlled project metadata; no credentials, direct identifiers or confidential payloads",non-empty when required; internally consistent with linked records,Cross-cutting companion control; consult BOOK_TO_COMPANION_CROSSWALK.csv
MIN-GATE_RECORD_MIN,minimum,GATE_RECORD_MIN.csv,companion/03_TEMPLATES_MINIMUM/GATE_RECORD_MIN.csv,4,evidence_status,Evidence status,"State of the required evidence: missing, candidate, verified, conditionally accepted or rejected.",Record the accepted current value and place supporting evidence or authority in the linked field or record.,required unless explicitly and defensibly not applicable; completed records must not leave the field blank,evidence_status,missing; candidate; verified; accepted conditionally; rejected,"controlled project metadata; no credentials, direct identifiers or confidential payloads",use one exact value from controlled vocabulary: evidence_status,Cross-cutting companion control; consult BOOK_TO_COMPANION_CROSSWALK.csv
MIN-GATE_RECORD_MIN,minimum,GATE_RECORD_MIN.csv,companion/03_TEMPLATES_MINIMUM/GATE_RECORD_MIN.csv,5,strongest_hostile_objection,Strongest hostile objection,Record strongest hostile objection in sufficiently precise terms for a competent reviewer to reconstruct and challenge the decision.,Record the accepted current value and place supporting evidence or authority in the linked field or record.,required unless explicitly and defensibly not applicable; completed records must not leave the field blank,,,"controlled project metadata; no credentials, direct identifiers or confidential payloads",non-empty when required; internally consistent with linked records,Cross-cutting companion control; consult BOOK_TO_COMPANION_CROSSWALK.csv
MIN-GATE_RECORD_MIN,minimum,GATE_RECORD_MIN.csv,companion/03_TEMPLATES_MINIMUM/GATE_RECORD_MIN.csv,6,decision,decision,Explicit disposition selected from the record’s controlled outcomes and justified by named evidence.,Record the accepted current value and place supporting evidence or authority in the linked field or record.,required unless explicitly and defensibly not applicable; completed records must not leave the field blank,gate_decision,pass; pass with conditions; repair; return; await authority; stop,"controlled project metadata; no credentials, direct identifiers or confidential payloads",use one exact value from controlled vocabulary: gate_decision,Cross-cutting companion control; consult BOOK_TO_COMPANION_CROSSWALK.csv
MIN-GATE_RECORD_MIN,minimum,GATE_RECORD_MIN.csv,companion/03_TEMPLATES_MINIMUM/GATE_RECORD_MIN.csv,7,named_actions,Named actions,"Specific, owned and testable action for named actions.",Record the accepted current value and place supporting evidence or authority in the linked field or record.,required unless explicitly and defensibly not applicable; completed records must not leave the field blank,,,"controlled project metadata; no credentials, direct identifiers or confidential payloads",non-empty when required; internally consistent with linked records,Cross-cutting companion control; consult BOOK_TO_COMPANION_CROSSWALK.csv
MIN-GATE_RECORD_MIN,minimum,GATE_RECORD_MIN.csv,companion/03_TEMPLATES_MINIMUM/GATE_RECORD_MIN.csv,8,return_route,Return route,Record return route in sufficiently precise terms for a competent reviewer to reconstruct and challenge the decision.,Record the accepted current value and place supporting evidence or authority in the linked field or record.,required unless explicitly and defensibly not applicable; completed records must not leave the field blank,,Project Start Pack / opening control; Problem Gate; Evidence Gate; Design Gate; Execution Gate; Claim Gate; Argument Gate; Editorial Gate; Defence Readiness Gate,"controlled project metadata; no credentials, direct identifiers or confidential payloads",use one exact common gate/control name or an explicit justified external authority route where the record permits it,Cross-cutting companion control; consult BOOK_TO_COMPANION_CROSSWALK.csv
MIN-GATE_RECORD_MIN,minimum,GATE_RECORD_MIN.csv,companion/03_TEMPLATES_MINIMUM/GATE_RECORD_MIN.csv,9,reviewer,reviewer,Named person or competent role that inspected the current version.,Record the accepted current value and place supporting evidence or authority in the linked field or record.,required unless explicitly and defensibly not applicable; completed records must not leave the field blank,,,"controlled project metadata; no credentials, direct identifiers or confidential payloads",non-empty when required; internally consistent with linked records,Cross-cutting companion control; consult BOOK_TO_COMPANION_CROSSWALK.csv
MIN-GATE_RECORD_MIN,minimum,GATE_RECORD_MIN.csv,companion/03_TEMPLATES_MINIMUM/GATE_RECORD_MIN.csv,10,date,date,"ISO 8601 date on which the action, observation or disposition occurred.",Record the accepted current value and place supporting evidence or authority in the linked field or record.,required unless explicitly and defensibly not applicable; completed records must not leave the field blank,,,"controlled project metadata; no credentials, direct identifiers or confidential payloads",ISO 8601 date (YYYY-MM-DD),Cross-cutting companion control; consult BOOK_TO_COMPANION_CROSSWALK.csv
MIN-GATE_RECORD_MIN,minimum,GATE_RECORD_MIN.csv,companion/03_TEMPLATES_MINIMUM/GATE_RECORD_MIN.csv,11,version,version,Explicit version identifier for the record or object. Do not rely on file modification time.,Record the accepted current value and place supporting evidence or authority in the linked field or record.,required unless explicitly and defensibly not applicable; completed records must not leave the field blank,,,"controlled project metadata; no credentials, direct identifiers or confidential payloads",explicit version or dated revision; no ambiguous labels such as final-final,Cross-cutting companion control; consult BOOK_TO_COMPANION_CROSSWALK.csv
MIN-PROJECT_START_PACK_MIN,minimum,PROJECT_START_PACK_MIN.csv,companion/03_TEMPLATES_MINIMUM/PROJECT_START_PACK_MIN.csv,1,Product,Product,Name the assessed product.,Record the accepted current value and place supporting evidence or authority in the linked field or record.,required unless explicitly and defensibly not applicable; completed records must not leave the field blank,,,"controlled project metadata; no credentials, direct identifiers or confidential payloads",non-empty when required; internally consistent with linked records,1.6 Set up the work before it grows
MIN-PROJECT_START_PACK_MIN,minimum,PROJECT_START_PACK_MIN.csv,companion/03_TEMPLATES_MINIMUM/PROJECT_START_PACK_MIN.csv,2,Working title,Working title,Use the exact current title.,Record the accepted current value and place supporting evidence or authority in the linked field or record.,required unless explicitly and defensibly not applicable; completed records must not leave the field blank,,,"controlled project metadata; no credentials, direct identifiers or confidential payloads",non-empty when required; internally consistent with linked records,1.6 Set up the work before it grows
MIN-PROJECT_START_PACK_MIN,minimum,PROJECT_START_PACK_MIN.csv,companion/03_TEMPLATES_MINIMUM/PROJECT_START_PACK_MIN.csv,3,Problem,Problem,State the concrete problem and affected context.,Record the accepted current value and place supporting evidence or authority in the linked field or record.,required unless explicitly and defensibly not applicable; completed records must not leave the field blank,,,"controlled project metadata; no credentials, direct identifiers or confidential payloads",non-empty when required; internally consistent with linked records,1.6 Set up the work before it grows
MIN-PROJECT_START_PACK_MIN,minimum,PROJECT_START_PACK_MIN.csv,companion/03_TEMPLATES_MINIMUM/PROJECT_START_PACK_MIN.csv,4,Provisional route,Provisional route,Select the dominant route.,Record the accepted current value and place supporting evidence or authority in the linked field or record.,required unless explicitly and defensibly not applicable; completed records must not leave the field blank,route,build-and-evaluate; algorithmic or simulation study; predictive or machine-learning study; quantitative empirical study; qualitative inquiry; case study; formal evidence synthesis; hybrid route,"controlled project metadata; no credentials, direct identifiers or confidential payloads",use one exact value from controlled vocabulary: route,1.6 Set up the work before it grows
MIN-PROJECT_START_PACK_MIN,minimum,PROJECT_START_PACK_MIN.csv,companion/03_TEMPLATES_MINIMUM/PROJECT_START_PACK_MIN.csv,5,Access,Access,"Record data, participants, systems, sources, licences and permissions.",Record the accepted current value and place supporting evidence or authority in the linked field or record.,required unless explicitly and defensibly not applicable; completed records must not leave the field blank,,,"controlled project metadata; no credentials, direct identifiers or confidential payloads",non-empty when required; internally consistent with linked records,1.6 Set up the work before it grows
MIN-PROJECT_START_PACK_MIN,minimum,PROJECT_START_PACK_MIN.csv,companion/03_TEMPLATES_MINIMUM/PROJECT_START_PACK_MIN.csv,6,Authority,Authority,"Name who can advise, approve access or impose a rule.",Record the accepted current value and place supporting evidence or authority in the linked field or record.,required unless explicitly and defensibly not applicable; completed records must not leave the field blank,,,"controlled project metadata; no credentials, direct identifiers or confidential payloads",non-empty when required; internally consistent with linked records,1.6 Set up the work before it grows
MIN-PROJECT_START_PACK_MIN,minimum,PROJECT_START_PACK_MIN.csv,companion/03_TEMPLATES_MINIMUM/PROJECT_START_PACK_MIN.csv,7,First deliverable,First deliverable,Name one bounded object due next.,Record the accepted current value and place supporting evidence or authority in the linked field or record.,required unless explicitly and defensibly not applicable; completed records must not leave the field blank,,,"controlled project metadata; no credentials, direct identifiers or confidential payloads",non-empty when required; internally consistent with linked records,1.6 Set up the work before it grows
MIN-PROJECT_START_PACK_MIN,minimum,PROJECT_START_PACK_MIN.csv,companion/03_TEMPLATES_MINIMUM/PROJECT_START_PACK_MIN.csv,8,Owner,Owner,Name the responsible student.,Record the accepted current value and place supporting evidence or authority in the linked field or record.,required unless explicitly and defensibly not applicable; completed records must not leave the field blank,,,"controlled project metadata; no credentials, direct identifiers or confidential payloads",non-empty when required; internally consistent with linked records,1.6 Set up the work before it grows
MIN-PROJECT_START_PACK_MIN,minimum,PROJECT_START_PACK_MIN.csv,companion/03_TEMPLATES_MINIMUM/PROJECT_START_PACK_MIN.csv,9,Reviewer and date,Reviewer and date,"Record reviewer, decision and date.",Record the accepted current value and place supporting evidence or authority in the linked field or record.,required unless explicitly and defensibly not applicable; completed records must not leave the field blank,,,"controlled project metadata; no credentials, direct identifiers or confidential payloads",ISO 8601 date (YYYY-MM-DD),1.6 Set up the work before it grows
MIN-PROJECT_START_PACK_MIN,minimum,PROJECT_START_PACK_MIN.csv,companion/03_TEMPLATES_MINIMUM/PROJECT_START_PACK_MIN.csv,10,Version and status,Version and status,Assign a stable identifier and status.,Record the accepted current value and place supporting evidence or authority in the linked field or record.,required unless explicitly and defensibly not applicable; completed records must not leave the field blank,,,"controlled project metadata; no credentials, direct identifiers or confidential payloads",explicit version or dated revision; no ambiguous labels such as final-final,1.6 Set up the work before it grows
MIN-ROUTE_SELECTOR_MIN,minimum,ROUTE_SELECTOR_MIN.csv,companion/03_TEMPLATES_MINIMUM/ROUTE_SELECTOR_MIN.csv,1,Assessed product,Assessed product,"Project, bachelor’s thesis, master’s dissertation or formal evidence synthesis.",Record the accepted current value and place supporting evidence or authority in the linked field or record.,required unless explicitly and defensibly not applicable; completed records must not leave the field blank,,,"controlled project metadata; no credentials, direct identifiers or confidential payloads",non-empty when required; internally consistent with linked records,"1.1 One technology label, four different pieces of work; 1.2 What are you actually preparing?; 1.3 Choose a provisional inquiry route"
MIN-ROUTE_SELECTOR_MIN,minimum,ROUTE_SELECTOR_MIN.csv,companion/03_TEMPLATES_MINIMUM/ROUTE_SELECTOR_MIN.csv,2,Dominant route,Dominant route,Select one of the eight routes.,Record the accepted current value and place supporting evidence or authority in the linked field or record.,required unless explicitly and defensibly not applicable; completed records must not leave the field blank,route,build-and-evaluate; algorithmic or simulation study; predictive or machine-learning study; quantitative empirical study; qualitative inquiry; case study; formal evidence synthesis; hybrid route,"controlled project metadata; no credentials, direct identifiers or confidential payloads",use one exact value from controlled vocabulary: route,"1.1 One technology label, four different pieces of work; 1.2 What are you actually preparing?; 1.3 Choose a provisional inquiry route"
MIN-ROUTE_SELECTOR_MIN,minimum,ROUTE_SELECTOR_MIN.csv,companion/03_TEMPLATES_MINIMUM/ROUTE_SELECTOR_MIN.csv,3,Secondary component,Secondary component,Use only when it has a distinct evidence role.,Record the accepted current value and place supporting evidence or authority in the linked field or record.,conditional; in completed records use “not applicable — reason” rather than a blank cell,,,"controlled project metadata; no credentials, direct identifiers or confidential payloads",non-empty when required; internally consistent with linked records,"1.1 One technology label, four different pieces of work; 1.2 What are you actually preparing?; 1.3 Choose a provisional inquiry route"
MIN-ROUTE_SELECTOR_MIN,minimum,ROUTE_SELECTOR_MIN.csv,companion/03_TEMPLATES_MINIMUM/ROUTE_SELECTOR_MIN.csv,4,Unit of analysis,Unit of analysis,"Name the artefact, participant, case, study, run, record or other unit.",Record the accepted current value and place supporting evidence or authority in the linked field or record.,required unless explicitly and defensibly not applicable; completed records must not leave the field blank,,,"controlled project metadata; no credentials, direct identifiers or confidential payloads",non-empty when required; internally consistent with linked records,"1.1 One technology label, four different pieces of work; 1.2 What are you actually preparing?; 1.3 Choose a provisional inquiry route"
MIN-ROUTE_SELECTOR_MIN,minimum,ROUTE_SELECTOR_MIN.csv,companion/03_TEMPLATES_MINIMUM/ROUTE_SELECTOR_MIN.csv,5,Core evidence object,Core evidence object,Name the evidence that must exist before the principal claim can be made.,Record the accepted current value and place supporting evidence or authority in the linked field or record.,required unless explicitly and defensibly not applicable; completed records must not leave the field blank,,,"controlled project metadata; no credentials, direct identifiers or confidential payloads",non-empty when required; internally consistent with linked records,"1.1 One technology label, four different pieces of work; 1.2 What are you actually preparing?; 1.3 Choose a provisional inquiry route"
MIN-ROUTE_SELECTOR_MIN,minimum,ROUTE_SELECTOR_MIN.csv,companion/03_TEMPLATES_MINIMUM/ROUTE_SELECTOR_MIN.csv,6,Credible comparison or reference,Credible comparison or reference,"Name the baseline, reference case, alternative account or protocol basis.",Record the accepted current value and place supporting evidence or authority in the linked field or record.,required unless explicitly and defensibly not applicable; completed records must not leave the field blank,,,"controlled project metadata; no credentials, direct identifiers or confidential payloads",non-empty when required; internally consistent with linked records,"1.1 One technology label, four different pieces of work; 1.2 What are you actually preparing?; 1.3 Choose a provisional inquiry route"
MIN-ROUTE_SELECTOR_MIN,minimum,ROUTE_SELECTOR_MIN.csv,companion/03_TEMPLATES_MINIMUM/ROUTE_SELECTOR_MIN.csv,7,Uncertainty or boundary,Uncertainty or boundary,State the main limit that must remain visible.,Record the accepted current value and place supporting evidence or authority in the linked field or record.,required unless explicitly and defensibly not applicable; completed records must not leave the field blank,,,"controlled project metadata; no credentials, direct identifiers or confidential payloads",non-empty when required; internally consistent with linked records,"1.1 One technology label, four different pieces of work; 1.2 What are you actually preparing?; 1.3 Choose a provisional inquiry route"
MIN-ROUTE_SELECTOR_MIN,minimum,ROUTE_SELECTOR_MIN.csv,companion/03_TEMPLATES_MINIMUM/ROUTE_SELECTOR_MIN.csv,8,Prohibited inference,Prohibited inference,Write the attractive but unsupported claim that must not be made.,Record the accepted current value and place supporting evidence or authority in the linked field or record.,required unless explicitly and defensibly not applicable; completed records must not leave the field blank,,,"controlled project metadata; no credentials, direct identifiers or confidential payloads",non-empty when required; internally consistent with linked records,"1.1 One technology label, four different pieces of work; 1.2 What are you actually preparing?; 1.3 Choose a provisional inquiry route"
MIN-ROUTE_SELECTOR_MIN,minimum,ROUTE_SELECTOR_MIN.csv,companion/03_TEMPLATES_MINIMUM/ROUTE_SELECTOR_MIN.csv,9,Current gate,Current gate,Name the gate currently being prepared.,Record the accepted current value and place supporting evidence or authority in the linked field or record.,required unless explicitly and defensibly not applicable; completed records must not leave the field blank,,Project Start Pack / opening control; Problem Gate; Evidence Gate; Design Gate; Execution Gate; Claim Gate; Argument Gate; Editorial Gate; Defence Readiness Gate,"controlled project metadata; no credentials, direct identifiers or confidential payloads",use one exact common gate/control name or an explicit justified external authority route where the record permits it,"1.1 One technology label, four different pieces of work; 1.2 What are you actually preparing?; 1.3 Choose a provisional inquiry route"
MIN-ROUTE_SELECTOR_MIN,minimum,ROUTE_SELECTOR_MIN.csv,companion/03_TEMPLATES_MINIMUM/ROUTE_SELECTOR_MIN.csv,10,Single next record,Single next record,Name the next record that will reduce the most consequential uncertainty.,Record the accepted current value and place supporting evidence or authority in the linked field or record.,required unless explicitly and defensibly not applicable; completed records must not leave the field blank,,,"controlled project metadata; no credentials, direct identifiers or confidential payloads",non-empty when required; internally consistent with linked records,"1.1 One technology label, four different pieces of work; 1.2 What are you actually preparing?; 1.3 Choose a provisional inquiry route"
MIN-SCOPE_CANVAS_MIN,minimum,SCOPE_CANVAS_MIN.csv,companion/03_TEMPLATES_MINIMUM/SCOPE_CANVAS_MIN.csv,1,Situation,Situation,What concrete context has been observed?.,Record the accepted current value and place supporting evidence or authority in the linked field or record.,required unless explicitly and defensibly not applicable; completed records must not leave the field blank,,,"controlled project metadata; no credentials, direct identifiers or confidential payloads",non-empty when required; internally consistent with linked records,2.1 The topic that survived the title test and failed the access test; 2.4 Use the SCOPE framing canvas
MIN-SCOPE_CANVAS_MIN,minimum,SCOPE_CANVAS_MIN.csv,companion/03_TEMPLATES_MINIMUM/SCOPE_CANVAS_MIN.csv,2,Concern,Concern,What consequential problem or gap exists?.,Record the accepted current value and place supporting evidence or authority in the linked field or record.,required unless explicitly and defensibly not applicable; completed records must not leave the field blank,,,"controlled project metadata; no credentials, direct identifiers or confidential payloads",non-empty when required; internally consistent with linked records,2.1 The topic that survived the title test and failed the access test; 2.4 Use the SCOPE framing canvas
MIN-SCOPE_CANVAS_MIN,minimum,SCOPE_CANVAS_MIN.csv,companion/03_TEMPLATES_MINIMUM/SCOPE_CANVAS_MIN.csv,3,Object,Object,"What artefact, population, corpus, process or case is studied?.",Record the accepted current value and place supporting evidence or authority in the linked field or record.,required unless explicitly and defensibly not applicable; completed records must not leave the field blank,,,"controlled project metadata; no credentials, direct identifiers or confidential payloads",non-empty when required; internally consistent with linked records,2.1 The topic that survived the title test and failed the access test; 2.4 Use the SCOPE framing canvas
MIN-SCOPE_CANVAS_MIN,minimum,SCOPE_CANVAS_MIN.csv,companion/03_TEMPLATES_MINIMUM/SCOPE_CANVAS_MIN.csv,4,Purpose,Purpose,"What will be built, tested, compared, explained or synthesised?.",Record the accepted current value and place supporting evidence or authority in the linked field or record.,required unless explicitly and defensibly not applicable; completed records must not leave the field blank,,,"controlled project metadata; no credentials, direct identifiers or confidential payloads",non-empty when required; internally consistent with linked records,2.1 The topic that survived the title test and failed the access test; 2.4 Use the SCOPE framing canvas
MIN-SCOPE_CANVAS_MIN,minimum,SCOPE_CANVAS_MIN.csv,companion/03_TEMPLATES_MINIMUM/SCOPE_CANVAS_MIN.csv,5,Evidence,Evidence,What evidence could answer the question?.,Record the accepted current value and place supporting evidence or authority in the linked field or record.,required unless explicitly and defensibly not applicable; completed records must not leave the field blank,,,"controlled project metadata; no credentials, direct identifiers or confidential payloads",non-empty when required; internally consistent with linked records,2.1 The topic that survived the title test and failed the access test; 2.4 Use the SCOPE framing canvas
MIN-SCOPE_CANVAS_MIN,minimum,SCOPE_CANVAS_MIN.csv,companion/03_TEMPLATES_MINIMUM/SCOPE_CANVAS_MIN.csv,6,Boundary,Boundary,What is excluded and where does transfer stop?.,Record the accepted current value and place supporting evidence or authority in the linked field or record.,required unless explicitly and defensibly not applicable; completed records must not leave the field blank,,,"controlled project metadata; no credentials, direct identifiers or confidential payloads",non-empty when required; internally consistent with linked records,2.1 The topic that survived the title test and failed the access test; 2.4 Use the SCOPE framing canvas
MIN-SCOPE_CANVAS_MIN,minimum,SCOPE_CANVAS_MIN.csv,companion/03_TEMPLATES_MINIMUM/SCOPE_CANVAS_MIN.csv,7,Contribution,Contribution,What is the smallest defensible contribution?.,Record the accepted current value and place supporting evidence or authority in the linked field or record.,required unless explicitly and defensibly not applicable; completed records must not leave the field blank,,,"controlled project metadata; no credentials, direct identifiers or confidential payloads",non-empty when required; internally consistent with linked records,2.1 The topic that survived the title test and failed the access test; 2.4 Use the SCOPE framing canvas
MIN-SCOPE_CANVAS_MIN,minimum,SCOPE_CANVAS_MIN.csv,companion/03_TEMPLATES_MINIMUM/SCOPE_CANVAS_MIN.csv,8,Research question,Research question,Write one route-aligned question.,Record the accepted current value and place supporting evidence or authority in the linked field or record.,required unless explicitly and defensibly not applicable; completed records must not leave the field blank,,,"controlled project metadata; no credentials, direct identifiers or confidential payloads",non-empty when required; internally consistent with linked records,2.1 The topic that survived the title test and failed the access test; 2.4 Use the SCOPE framing canvas
MIN-SCOPE_CANVAS_MIN,minimum,SCOPE_CANVAS_MIN.csv,companion/03_TEMPLATES_MINIMUM/SCOPE_CANVAS_MIN.csv,9,Reopening trigger,Reopening trigger,"What finding would force narrowing, pivoting or stopping?.",Record the accepted current value and place supporting evidence or authority in the linked field or record.,required unless explicitly and defensibly not applicable; completed records must not leave the field blank,,,"controlled project metadata; no credentials, direct identifiers or confidential payloads",non-empty when required; internally consistent with linked records,2.1 The topic that survived the title test and failed the access test; 2.4 Use the SCOPE framing canvas
MIN-TRACE_RECORD_MIN,minimum,TRACE_RECORD_MIN.csv,companion/03_TEMPLATES_MINIMUM/TRACE_RECORD_MIN.csv,1,use_id,Use id,Stable identifier for one consequential generative AI use event.,Record the accepted current value and place supporting evidence or authority in the linked field or record.,required unless explicitly and defensibly not applicable; completed records must not leave the field blank,,,"do not paste confidential prompts, participant data, credentials or restricted source content",non-empty stable identifier; unique within the project namespace,"1.7 Agree how AI may be used; 3.6 Use discovery, citation and AI tools under control"
MIN-TRACE_RECORD_MIN,minimum,TRACE_RECORD_MIN.csv,companion/03_TEMPLATES_MINIMUM/TRACE_RECORD_MIN.csv,2,task,task,Record task in sufficiently precise terms for a competent reviewer to reconstruct and challenge the decision.,Record the accepted current value and place supporting evidence or authority in the linked field or record.,required unless explicitly and defensibly not applicable; completed records must not leave the field blank,,,"do not paste confidential prompts, participant data, credentials or restricted source content",non-empty when required; internally consistent with linked records,"1.7 Agree how AI may be used; 3.6 Use discovery, citation and AI tools under control"
MIN-TRACE_RECORD_MIN,minimum,TRACE_RECORD_MIN.csv,companion/03_TEMPLATES_MINIMUM/TRACE_RECORD_MIN.csv,3,tool_and_version,Tool and version,Exact tool and version used for the recorded task.,Record the accepted current value and place supporting evidence or authority in the linked field or record.,required unless explicitly and defensibly not applicable; completed records must not leave the field blank,,,"do not paste confidential prompts, participant data, credentials or restricted source content",explicit version or dated revision; no ambiguous labels such as final-final,"1.7 Agree how AI may be used; 3.6 Use discovery, citation and AI tools under control"
MIN-TRACE_RECORD_MIN,minimum,TRACE_RECORD_MIN.csv,companion/03_TEMPLATES_MINIMUM/TRACE_RECORD_MIN.csv,4,context_supplied,Context supplied,Record context supplied in sufficiently precise terms for a competent reviewer to reconstruct and challenge the decision.,Record the accepted current value and place supporting evidence or authority in the linked field or record.,required unless explicitly and defensibly not applicable; completed records must not leave the field blank,,,"do not paste confidential prompts, participant data, credentials or restricted source content",non-empty when required; internally consistent with linked records,"1.7 Agree how AI may be used; 3.6 Use discovery, citation and AI tools under control"
MIN-TRACE_RECORD_MIN,minimum,TRACE_RECORD_MIN.csv,companion/03_TEMPLATES_MINIMUM/TRACE_RECORD_MIN.csv,5,candidate_output,Candidate output,Object produced by the work unit before inspection and disposition.,Record the accepted current value and place supporting evidence or authority in the linked field or record.,required unless explicitly and defensibly not applicable; completed records must not leave the field blank,,,"do not paste confidential prompts, participant data, credentials or restricted source content",non-empty when required; internally consistent with linked records,"1.7 Agree how AI may be used; 3.6 Use discovery, citation and AI tools under control"
MIN-TRACE_RECORD_MIN,minimum,TRACE_RECORD_MIN.csv,companion/03_TEMPLATES_MINIMUM/TRACE_RECORD_MIN.csv,6,independent_verification,Independent verification,"Source, test, primary artefact or competent review path independent of the generating tool output.",Record the accepted current value and place supporting evidence or authority in the linked field or record.,required unless explicitly and defensibly not applicable; completed records must not leave the field blank,,,"do not paste confidential prompts, participant data, credentials or restricted source content",non-empty when required; internally consistent with linked records,"1.7 Agree how AI may be used; 3.6 Use discovery, citation and AI tools under control"
MIN-TRACE_RECORD_MIN,minimum,TRACE_RECORD_MIN.csv,companion/03_TEMPLATES_MINIMUM/TRACE_RECORD_MIN.csv,7,decision,decision,Explicit disposition selected from the record’s controlled outcomes and justified by named evidence.,Record the accepted current value and place supporting evidence or authority in the linked field or record.,required unless explicitly and defensibly not applicable; completed records must not leave the field blank,ai_disposition,accepted; modified; rejected,"do not paste confidential prompts, participant data, credentials or restricted source content",use one exact value from controlled vocabulary: ai_disposition,"1.7 Agree how AI may be used; 3.6 Use discovery, citation and AI tools under control"
MIN-TRACE_RECORD_MIN,minimum,TRACE_RECORD_MIN.csv,companion/03_TEMPLATES_MINIMUM/TRACE_RECORD_MIN.csv,8,effect_on_evidence_reasoning_or_wording,Effect on evidence reasoning or wording,"Named, retrievable evidence relevant to effect on evidence reasoning or wording; use a safe locator rather than confidential payload.",Record the accepted current value and place supporting evidence or authority in the linked field or record.,required unless explicitly and defensibly not applicable; completed records must not leave the field blank,,,"do not paste confidential prompts, participant data, credentials or restricted source content",non-empty when required; internally consistent with linked records,"1.7 Agree how AI may be used; 3.6 Use discovery, citation and AI tools under control"
MIN-TRACE_RECORD_MIN,minimum,TRACE_RECORD_MIN.csv,companion/03_TEMPLATES_MINIMUM/TRACE_RECORD_MIN.csv,9,disclosure_mapping,Disclosure mapping,Record disclosure mapping in sufficiently precise terms for a competent reviewer to reconstruct and challenge the decision.,Record the accepted current value and place supporting evidence or authority in the linked field or record.,required unless explicitly and defensibly not applicable; completed records must not leave the field blank,,,"do not paste confidential prompts, participant data, credentials or restricted source content",non-empty when required; internally consistent with linked records,"1.7 Agree how AI may be used; 3.6 Use discovery, citation and AI tools under control"
MIN-TRACE_RECORD_MIN,minimum,TRACE_RECORD_MIN.csv,companion/03_TEMPLATES_MINIMUM/TRACE_RECORD_MIN.csv,10,date,date,"ISO 8601 date on which the action, observation or disposition occurred.",Record the accepted current value and place supporting evidence or authority in the linked field or record.,required unless explicitly and defensibly not applicable; completed records must not leave the field blank,,,"do not paste confidential prompts, participant data, credentials or restricted source content",ISO 8601 date (YYYY-MM-DD),"1.7 Agree how AI may be used; 3.6 Use discovery, citation and AI tools under control"
MIN-TRACE_RECORD_MIN,minimum,TRACE_RECORD_MIN.csv,companion/03_TEMPLATES_MINIMUM/TRACE_RECORD_MIN.csv,11,owner,owner,Person responsible for the object or next action. Use a role rather than personal contact data when appropriate.,Record the accepted current value and place supporting evidence or authority in the linked field or record.,required unless explicitly and defensibly not applicable; completed records must not leave the field blank,,,"do not paste confidential prompts, participant data, credentials or restricted source content",non-empty when required; internally consistent with linked records,"1.7 Agree how AI may be used; 3.6 Use discovery, citation and AI tools under control"
MIN-VERSION_MANIFEST_RECORD_MIN,minimum,VERSION_MANIFEST_RECORD_MIN.csv,companion/03_TEMPLATES_MINIMUM/VERSION_MANIFEST_RECORD_MIN.csv,1,Authoritative object,Authoritative object,Name the source-of-truth file.,Record the accepted current value and place supporting evidence or authority in the linked field or record.,required unless explicitly and defensibly not applicable; completed records must not leave the field blank,,,"controlled project metadata; no credentials, direct identifiers or confidential payloads",non-empty when required; internally consistent with linked records,1.6 Set up the work before it grows
MIN-VERSION_MANIFEST_RECORD_MIN,minimum,VERSION_MANIFEST_RECORD_MIN.csv,companion/03_TEMPLATES_MINIMUM/VERSION_MANIFEST_RECORD_MIN.csv,2,Version,Version,Use an explicit version identifier.,Record the accepted current value and place supporting evidence or authority in the linked field or record.,required unless explicitly and defensibly not applicable; completed records must not leave the field blank,,,"controlled project metadata; no credentials, direct identifiers or confidential payloads",explicit version or dated revision; no ambiguous labels such as final-final,1.6 Set up the work before it grows
MIN-VERSION_MANIFEST_RECORD_MIN,minimum,VERSION_MANIFEST_RECORD_MIN.csv,companion/03_TEMPLATES_MINIMUM/VERSION_MANIFEST_RECORD_MIN.csv,3,Date,Date,Use ISO date in filenames.,Record the accepted current value and place supporting evidence or authority in the linked field or record.,required unless explicitly and defensibly not applicable; completed records must not leave the field blank,,,"controlled project metadata; no credentials, direct identifiers or confidential payloads",ISO 8601 date (YYYY-MM-DD),1.6 Set up the work before it grows
MIN-VERSION_MANIFEST_RECORD_MIN,minimum,VERSION_MANIFEST_RECORD_MIN.csv,companion/03_TEMPLATES_MINIMUM/VERSION_MANIFEST_RECORD_MIN.csv,4,SHA-256,SHA-256,Record the digest.,Record the accepted current value and place supporting evidence or authority in the linked field or record.,required unless explicitly and defensibly not applicable; completed records must not leave the field blank,,,"controlled project metadata; no credentials, direct identifiers or confidential payloads",non-empty when required; internally consistent with linked records,1.6 Set up the work before it grows
MIN-VERSION_MANIFEST_RECORD_MIN,minimum,VERSION_MANIFEST_RECORD_MIN.csv,companion/03_TEMPLATES_MINIMUM/VERSION_MANIFEST_RECORD_MIN.csv,5,Derived objects,Derived objects,"List PDF, archive, slides or data derivatives.",Record the accepted current value and place supporting evidence or authority in the linked field or record.,required unless explicitly and defensibly not applicable; completed records must not leave the field blank,,,"controlled project metadata; no credentials, direct identifiers or confidential payloads",non-empty when required; internally consistent with linked records,1.6 Set up the work before it grows
MIN-VERSION_MANIFEST_RECORD_MIN,minimum,VERSION_MANIFEST_RECORD_MIN.csv,companion/03_TEMPLATES_MINIMUM/VERSION_MANIFEST_RECORD_MIN.csv,6,Content identity,Content identity,"Confirm the same question, evidence, result and limitation.",Record the accepted current value and place supporting evidence or authority in the linked field or record.,required unless explicitly and defensibly not applicable; completed records must not leave the field blank,,,"controlled project metadata; no credentials, direct identifiers or confidential payloads",non-empty when required; internally consistent with linked records,1.6 Set up the work before it grows
MIN-VERSION_MANIFEST_RECORD_MIN,minimum,VERSION_MANIFEST_RECORD_MIN.csv,companion/03_TEMPLATES_MINIMUM/VERSION_MANIFEST_RECORD_MIN.csv,7,Rights and privacy,Rights and privacy,"Confirm access, licence, consent and redaction status.",Record the accepted current value and place supporting evidence or authority in the linked field or record.,required unless explicitly and defensibly not applicable; completed records must not leave the field blank,,,"controlled project metadata; no credentials, direct identifiers or confidential payloads",non-empty when required; internally consistent with linked records,1.6 Set up the work before it grows
MIN-VERSION_MANIFEST_RECORD_MIN,minimum,VERSION_MANIFEST_RECORD_MIN.csv,companion/03_TEMPLATES_MINIMUM/VERSION_MANIFEST_RECORD_MIN.csv,8,Status and next action,Status and next action,Name the current state and next authorised action.,Record the accepted current value and place supporting evidence or authority in the linked field or record.,required unless explicitly and defensibly not applicable; completed records must not leave the field blank,,,"controlled project metadata; no credentials, direct identifiers or confidential payloads",non-empty when required; internally consistent with linked records,1.6 Set up the work before it grows
FULL-ACCESSIBILITY_RENDER_AUDIT_FULL,full,ACCESSIBILITY_RENDER_AUDIT_FULL.csv,companion/04_TEMPLATES_FULL/ACCESSIBILITY_RENDER_AUDIT_FULL.csv,1,check_id,Check id,Stable identifier for check id. Use a reproducible project naming convention.,Record the accepted current value and place supporting evidence or authority in the linked field or record.,required unless explicitly and defensibly not applicable; completed records must not leave the field blank,,,"controlled project metadata; no credentials, direct identifiers or confidential payloads",non-empty stable identifier; unique within the project namespace,8.7 Freeze one authoritative DOCX and prove the rendered object
FULL-ACCESSIBILITY_RENDER_AUDIT_FULL,full,ACCESSIBILITY_RENDER_AUDIT_FULL.csv,companion/04_TEMPLATES_FULL/ACCESSIBILITY_RENDER_AUDIT_FULL.csv,2,object_or_page,Object or page,Record object or page in sufficiently precise terms for a competent reviewer to reconstruct and challenge the decision.,Record the accepted current value and place supporting evidence or authority in the linked field or record.,required unless explicitly and defensibly not applicable; completed records must not leave the field blank,,,"controlled project metadata; no credentials, direct identifiers or confidential payloads",non-empty when required; internally consistent with linked records,8.7 Freeze one authoritative DOCX and prove the rendered object
FULL-ACCESSIBILITY_RENDER_AUDIT_FULL,full,ACCESSIBILITY_RENDER_AUDIT_FULL.csv,companion/04_TEMPLATES_FULL/ACCESSIBILITY_RENDER_AUDIT_FULL.csv,3,check_type,Check type,Record check type in sufficiently precise terms for a competent reviewer to reconstruct and challenge the decision.,Record the accepted current value and place supporting evidence or authority in the linked field or record.,required unless explicitly and defensibly not applicable; completed records must not leave the field blank,,,"controlled project metadata; no credentials, direct identifiers or confidential payloads",non-empty when required; internally consistent with linked records,8.7 Freeze one authoritative DOCX and prove the rendered object
FULL-ACCESSIBILITY_RENDER_AUDIT_FULL,full,ACCESSIBILITY_RENDER_AUDIT_FULL.csv,companion/04_TEMPLATES_FULL/ACCESSIBILITY_RENDER_AUDIT_FULL.csv,4,criterion,criterion,Record criterion in sufficiently precise terms for a competent reviewer to reconstruct and challenge the decision.,Record the accepted current value and place supporting evidence or authority in the linked field or record.,required unless explicitly and defensibly not applicable; completed records must not leave the field blank,,,"controlled project metadata; no credentials, direct identifiers or confidential payloads",non-empty when required; internally consistent with linked records,8.7 Freeze one authoritative DOCX and prove the rendered object
FULL-ACCESSIBILITY_RENDER_AUDIT_FULL,full,ACCESSIBILITY_RENDER_AUDIT_FULL.csv,companion/04_TEMPLATES_FULL/ACCESSIBILITY_RENDER_AUDIT_FULL.csv,5,result,result,"Observed result for result, recorded without inflating interpretation.",Record the accepted current value and place supporting evidence or authority in the linked field or record.,required unless explicitly and defensibly not applicable; completed records must not leave the field blank,audit_result,pass; fail; not applicable; pending,"controlled project metadata; no credentials, direct identifiers or confidential payloads",use one exact value from controlled vocabulary: audit_result,8.7 Freeze one authoritative DOCX and prove the rendered object
FULL-ACCESSIBILITY_RENDER_AUDIT_FULL,full,ACCESSIBILITY_RENDER_AUDIT_FULL.csv,companion/04_TEMPLATES_FULL/ACCESSIBILITY_RENDER_AUDIT_FULL.csv,6,severity,severity,Record severity in sufficiently precise terms for a competent reviewer to reconstruct and challenge the decision.,Record the accepted current value and place supporting evidence or authority in the linked field or record.,required unless explicitly and defensibly not applicable; completed records must not leave the field blank,,low; medium; high; blocking,"controlled project metadata; no credentials, direct identifiers or confidential payloads",non-empty when required; internally consistent with linked records,8.7 Freeze one authoritative DOCX and prove the rendered object
FULL-ACCESSIBILITY_RENDER_AUDIT_FULL,full,ACCESSIBILITY_RENDER_AUDIT_FULL.csv,companion/04_TEMPLATES_FULL/ACCESSIBILITY_RENDER_AUDIT_FULL.csv,7,finding,finding,"Observed result for finding, recorded without inflating interpretation.",Record the accepted current value and place supporting evidence or authority in the linked field or record.,required unless explicitly and defensibly not applicable; completed records must not leave the field blank,,,"controlled project metadata; no credentials, direct identifiers or confidential payloads",non-empty when required; internally consistent with linked records,8.7 Freeze one authoritative DOCX and prove the rendered object
FULL-ACCESSIBILITY_RENDER_AUDIT_FULL,full,ACCESSIBILITY_RENDER_AUDIT_FULL.csv,companion/04_TEMPLATES_FULL/ACCESSIBILITY_RENDER_AUDIT_FULL.csv,8,remediation,remediation,"Specific, owned and testable action for remediation.",Record the accepted current value and place supporting evidence or authority in the linked field or record.,required unless explicitly and defensibly not applicable; completed records must not leave the field blank,,,"controlled project metadata; no credentials, direct identifiers or confidential payloads",non-empty when required; internally consistent with linked records,8.7 Freeze one authoritative DOCX and prove the rendered object
FULL-ACCESSIBILITY_RENDER_AUDIT_FULL,full,ACCESSIBILITY_RENDER_AUDIT_FULL.csv,companion/04_TEMPLATES_FULL/ACCESSIBILITY_RENDER_AUDIT_FULL.csv,9,evidence_location,Evidence location,"Authorised workspace path, repository-relative path or stable identifier from which the evidence can be retrieved.",Record the accepted current value and place supporting evidence or authority in the linked field or record.,required unless explicitly and defensibly not applicable; completed records must not leave the field blank,,,"controlled project metadata; no credentials, direct identifiers or confidential payloads",non-empty when required; internally consistent with linked records,8.7 Freeze one authoritative DOCX and prove the rendered object
FULL-ACCESSIBILITY_RENDER_AUDIT_FULL,full,ACCESSIBILITY_RENDER_AUDIT_FULL.csv,companion/04_TEMPLATES_FULL/ACCESSIBILITY_RENDER_AUDIT_FULL.csv,10,reviewer,reviewer,Named person or competent role that inspected the current version.,Record the accepted current value and place supporting evidence or authority in the linked field or record.,required unless explicitly and defensibly not applicable; completed records must not leave the field blank,,,"controlled project metadata; no credentials, direct identifiers or confidential payloads",non-empty when required; internally consistent with linked records,8.7 Freeze one authoritative DOCX and prove the rendered object
FULL-ACCESSIBILITY_RENDER_AUDIT_FULL,full,ACCESSIBILITY_RENDER_AUDIT_FULL.csv,companion/04_TEMPLATES_FULL/ACCESSIBILITY_RENDER_AUDIT_FULL.csv,11,date,date,"ISO 8601 date on which the action, observation or disposition occurred.",Record the accepted current value and place supporting evidence or authority in the linked field or record.,required unless explicitly and defensibly not applicable; completed records must not leave the field blank,,,"controlled project metadata; no credentials, direct identifiers or confidential payloads",ISO 8601 date (YYYY-MM-DD),8.7 Freeze one authoritative DOCX and prove the rendered object
FULL-ACCESSIBILITY_RENDER_AUDIT_FULL,full,ACCESSIBILITY_RENDER_AUDIT_FULL.csv,companion/04_TEMPLATES_FULL/ACCESSIBILITY_RENDER_AUDIT_FULL.csv,12,proof_hash,Proof hash,Cryptographic digest or controlled identifier for proof hash.,Record the accepted current value and place supporting evidence or authority in the linked field or record.,required unless explicitly and defensibly not applicable; completed records must not leave the field blank,,,"controlled project metadata; no credentials, direct identifiers or confidential payloads",64 lowercase hexadecimal characters where a file digest applies,8.7 Freeze one authoritative DOCX and prove the rendered object
FULL-APPRAISAL_RECORD_FULL,full,APPRAISAL_RECORD_FULL.csv,companion/04_TEMPLATES_FULL/APPRAISAL_RECORD_FULL.csv,1,record_id,Record id,Stable identifier for the record. It must not change when the file is copied.,Record the accepted current value and place supporting evidence or authority in the linked field or record.,required unless explicitly and defensibly not applicable; completed records must not leave the field blank,,,bibliographic and source metadata only; do not redistribute restricted full texts,non-empty stable identifier; unique within the project namespace,"3.5 Read, verify and appraise load-bearing sources"
FULL-APPRAISAL_RECORD_FULL,full,APPRAISAL_RECORD_FULL.csv,companion/04_TEMPLATES_FULL/APPRAISAL_RECORD_FULL.csv,2,relevance,relevance,Record relevance in sufficiently precise terms for a competent reviewer to reconstruct and challenge the decision.,Record the accepted current value and place supporting evidence or authority in the linked field or record.,required unless explicitly and defensibly not applicable; completed records must not leave the field blank,,,bibliographic and source metadata only; do not redistribute restricted full texts,non-empty when required; internally consistent with linked records,"3.5 Read, verify and appraise load-bearing sources"
FULL-APPRAISAL_RECORD_FULL,full,APPRAISAL_RECORD_FULL.csv,companion/04_TEMPLATES_FULL/APPRAISAL_RECORD_FULL.csv,3,authority_basis,Authority basis,"Named authority, permission or rights basis governing authority basis.",Record the accepted current value and place supporting evidence or authority in the linked field or record.,required unless explicitly and defensibly not applicable; completed records must not leave the field blank,,,bibliographic and source metadata only; do not redistribute restricted full texts,non-empty when required; internally consistent with linked records,"3.5 Read, verify and appraise load-bearing sources"
FULL-APPRAISAL_RECORD_FULL,full,APPRAISAL_RECORD_FULL.csv,companion/04_TEMPLATES_FULL/APPRAISAL_RECORD_FULL.csv,4,method_fit,Method fit,Record method fit in sufficiently precise terms for a competent reviewer to reconstruct and challenge the decision.,Record the accepted current value and place supporting evidence or authority in the linked field or record.,required unless explicitly and defensibly not applicable; completed records must not leave the field blank,,,bibliographic and source metadata only; do not redistribute restricted full texts,non-empty when required; internally consistent with linked records,"3.5 Read, verify and appraise load-bearing sources"
FULL-APPRAISAL_RECORD_FULL,full,APPRAISAL_RECORD_FULL.csv,companion/04_TEMPLATES_FULL/APPRAISAL_RECORD_FULL.csv,5,risk_of_bias_or_limitation,Risk of bias or limitation,"Material constraint, uncertainty or boundary associated with risk of bias or limitation.",Record the accepted current value and place supporting evidence or authority in the linked field or record.,required unless explicitly and defensibly not applicable; completed records must not leave the field blank,,,bibliographic and source metadata only; do not redistribute restricted full texts,non-empty when required; internally consistent with linked records,"3.5 Read, verify and appraise load-bearing sources"
FULL-APPRAISAL_RECORD_FULL,full,APPRAISAL_RECORD_FULL.csv,companion/04_TEMPLATES_FULL/APPRAISAL_RECORD_FULL.csv,6,directness,directness,Record directness in sufficiently precise terms for a competent reviewer to reconstruct and challenge the decision.,Record the accepted current value and place supporting evidence or authority in the linked field or record.,required unless explicitly and defensibly not applicable; completed records must not leave the field blank,,,bibliographic and source metadata only; do not redistribute restricted full texts,non-empty when required; internally consistent with linked records,"3.5 Read, verify and appraise load-bearing sources"
FULL-APPRAISAL_RECORD_FULL,full,APPRAISAL_RECORD_FULL.csv,companion/04_TEMPLATES_FULL/APPRAISAL_RECORD_FULL.csv,7,consistency,consistency,Record consistency in sufficiently precise terms for a competent reviewer to reconstruct and challenge the decision.,Record the accepted current value and place supporting evidence or authority in the linked field or record.,required unless explicitly and defensibly not applicable; completed records must not leave the field blank,,,bibliographic and source metadata only; do not redistribute restricted full texts,non-empty when required; internally consistent with linked records,"3.5 Read, verify and appraise load-bearing sources"
FULL-APPRAISAL_RECORD_FULL,full,APPRAISAL_RECORD_FULL.csv,companion/04_TEMPLATES_FULL/APPRAISAL_RECORD_FULL.csv,8,currency_or_version,Currency or version,"Explicit version, revision or dated state for currency or version.",Record the accepted current value and place supporting evidence or authority in the linked field or record.,required unless explicitly and defensibly not applicable; completed records must not leave the field blank,,,bibliographic and source metadata only; do not redistribute restricted full texts,explicit version or dated revision; no ambiguous labels such as final-final,"3.5 Read, verify and appraise load-bearing sources"
FULL-APPRAISAL_RECORD_FULL,full,APPRAISAL_RECORD_FULL.csv,companion/04_TEMPLATES_FULL/APPRAISAL_RECORD_FULL.csv,9,claim_fitness,Claim fitness,Exact bounded claim or claim-related role represented by claim fitness.,Record the accepted current value and place supporting evidence or authority in the linked field or record.,required unless explicitly and defensibly not applicable; completed records must not leave the field blank,,,bibliographic and source metadata only; do not redistribute restricted full texts,non-empty when required; internally consistent with linked records,"3.5 Read, verify and appraise load-bearing sources"
FULL-APPRAISAL_RECORD_FULL,full,APPRAISAL_RECORD_FULL.csv,companion/04_TEMPLATES_FULL/APPRAISAL_RECORD_FULL.csv,10,decision_use,Decision use,Record decision use in sufficiently precise terms for a competent reviewer to reconstruct and challenge the decision.,Record the accepted current value and place supporting evidence or authority in the linked field or record.,required unless explicitly and defensibly not applicable; completed records must not leave the field blank,,,bibliographic and source metadata only; do not redistribute restricted full texts,non-empty when required; internally consistent with linked records,"3.5 Read, verify and appraise load-bearing sources"
FULL-APPRAISAL_RECORD_FULL,full,APPRAISAL_RECORD_FULL.csv,companion/04_TEMPLATES_FULL/APPRAISAL_RECORD_FULL.csv,11,reviewer,reviewer,Named person or competent role that inspected the current version.,Record the accepted current value and place supporting evidence or authority in the linked field or record.,required unless explicitly and defensibly not applicable; completed records must not leave the field blank,,,bibliographic and source metadata only; do not redistribute restricted full texts,non-empty when required; internally consistent with linked records,"3.5 Read, verify and appraise load-bearing sources"
FULL-APPRAISAL_RECORD_FULL,full,APPRAISAL_RECORD_FULL.csv,companion/04_TEMPLATES_FULL/APPRAISAL_RECORD_FULL.csv,12,date,date,"ISO 8601 date on which the action, observation or disposition occurred.",Record the accepted current value and place supporting evidence or authority in the linked field or record.,required unless explicitly and defensibly not applicable; completed records must not leave the field blank,,,bibliographic and source metadata only; do not redistribute restricted full texts,ISO 8601 date (YYYY-MM-DD),"3.5 Read, verify and appraise load-bearing sources"
FULL-ARGUMENT_SPINE_MAP_FULL,full,ARGUMENT_SPINE_MAP_FULL.csv,companion/04_TEMPLATES_FULL/ARGUMENT_SPINE_MAP_FULL.csv,1,Thesis answer in one sentence,Thesis answer in one sentence,Bounded answer.,Record the accepted current value and place supporting evidence or authority in the linked field or record.,required unless explicitly and defensibly not applicable; completed records must not leave the field blank,,,"controlled project metadata; no credentials, direct identifiers or confidential payloads",non-empty when required; internally consistent with linked records,7.1 The complete-looking thesis that still has no answer; 7.2 Build the argument spine before drafting full chapters; 7.8 Assemble the coherent manuscript and pass the Argument Gate
FULL-ARGUMENT_SPINE_MAP_FULL,full,ARGUMENT_SPINE_MAP_FULL.csv,companion/04_TEMPLATES_FULL/ARGUMENT_SPINE_MAP_FULL.csv,2,Problem,Problem,Why the answer matters.,Record the accepted current value and place supporting evidence or authority in the linked field or record.,required unless explicitly and defensibly not applicable; completed records must not leave the field blank,,,"controlled project metadata; no credentials, direct identifiers or confidential payloads",non-empty when required; internally consistent with linked records,7.1 The complete-looking thesis that still has no answer; 7.2 Build the argument spine before drafting full chapters; 7.8 Assemble the coherent manuscript and pass the Argument Gate
FULL-ARGUMENT_SPINE_MAP_FULL,full,ARGUMENT_SPINE_MAP_FULL.csv,companion/04_TEMPLATES_FULL/ARGUMENT_SPINE_MAP_FULL.csv,3,Knowledge position,Knowledge position,What the verified literature permits.,Record the accepted current value and place supporting evidence or authority in the linked field or record.,required unless explicitly and defensibly not applicable; completed records must not leave the field blank,,,"controlled project metadata; no credentials, direct identifiers or confidential payloads",non-empty when required; internally consistent with linked records,7.1 The complete-looking thesis that still has no answer; 7.2 Build the argument spine before drafting full chapters; 7.8 Assemble the coherent manuscript and pass the Argument Gate
FULL-ARGUMENT_SPINE_MAP_FULL,full,ARGUMENT_SPINE_MAP_FULL.csv,companion/04_TEMPLATES_FULL/ARGUMENT_SPINE_MAP_FULL.csv,4,Method actually executed,Method actually executed,Not only planned method.,Record the accepted current value and place supporting evidence or authority in the linked field or record.,required unless explicitly and defensibly not applicable; completed records must not leave the field blank,,,"controlled project metadata; no credentials, direct identifiers or confidential payloads",non-empty when required; internally consistent with linked records,7.1 The complete-looking thesis that still has no answer; 7.2 Build the argument spine before drafting full chapters; 7.8 Assemble the coherent manuscript and pass the Argument Gate
FULL-ARGUMENT_SPINE_MAP_FULL,full,ARGUMENT_SPINE_MAP_FULL.csv,companion/04_TEMPLATES_FULL/ARGUMENT_SPINE_MAP_FULL.csv,5,Evidence body,Evidence body,Named objects.,Record the accepted current value and place supporting evidence or authority in the linked field or record.,required unless explicitly and defensibly not applicable; completed records must not leave the field blank,,,"controlled project metadata; no credentials, direct identifiers or confidential payloads",non-empty when required; internally consistent with linked records,7.1 The complete-looking thesis that still has no answer; 7.2 Build the argument spine before drafting full chapters; 7.8 Assemble the coherent manuscript and pass the Argument Gate
FULL-ARGUMENT_SPINE_MAP_FULL,full,ARGUMENT_SPINE_MAP_FULL.csv,companion/04_TEMPLATES_FULL/ARGUMENT_SPINE_MAP_FULL.csv,6,Principal claim,Principal claim,Exact wording.,Record the accepted current value and place supporting evidence or authority in the linked field or record.,required unless explicitly and defensibly not applicable; completed records must not leave the field blank,,,"controlled project metadata; no credentials, direct identifiers or confidential payloads",non-empty when required; internally consistent with linked records,7.1 The complete-looking thesis that still has no answer; 7.2 Build the argument spine before drafting full chapters; 7.8 Assemble the coherent manuscript and pass the Argument Gate
FULL-ARGUMENT_SPINE_MAP_FULL,full,ARGUMENT_SPINE_MAP_FULL.csv,companion/04_TEMPLATES_FULL/ARGUMENT_SPINE_MAP_FULL.csv,7,Uncertainty and limitation,Uncertainty and limitation,Must constrain the claim.,Record the accepted current value and place supporting evidence or authority in the linked field or record.,required unless explicitly and defensibly not applicable; completed records must not leave the field blank,,,"controlled project metadata; no credentials, direct identifiers or confidential payloads",non-empty when required; internally consistent with linked records,7.1 The complete-looking thesis that still has no answer; 7.2 Build the argument spine before drafting full chapters; 7.8 Assemble the coherent manuscript and pass the Argument Gate
FULL-ARGUMENT_SPINE_MAP_FULL,full,ARGUMENT_SPINE_MAP_FULL.csv,companion/04_TEMPLATES_FULL/ARGUMENT_SPINE_MAP_FULL.csv,8,Contribution,Contribution,What the work adds.,Record the accepted current value and place supporting evidence or authority in the linked field or record.,required unless explicitly and defensibly not applicable; completed records must not leave the field blank,,,"controlled project metadata; no credentials, direct identifiers or confidential payloads",non-empty when required; internally consistent with linked records,7.1 The complete-looking thesis that still has no answer; 7.2 Build the argument spine before drafting full chapters; 7.8 Assemble the coherent manuscript and pass the Argument Gate
FULL-ARGUMENT_SPINE_MAP_FULL,full,ARGUMENT_SPINE_MAP_FULL.csv,companion/04_TEMPLATES_FULL/ARGUMENT_SPINE_MAP_FULL.csv,9,Rejected stronger answer,Rejected stronger answer,Wording not supported.,Record the accepted current value and place supporting evidence or authority in the linked field or record.,required unless explicitly and defensibly not applicable; completed records must not leave the field blank,,,"controlled project metadata; no credentials, direct identifiers or confidential payloads",non-empty when required; internally consistent with linked records,7.1 The complete-looking thesis that still has no answer; 7.2 Build the argument spine before drafting full chapters; 7.8 Assemble the coherent manuscript and pass the Argument Gate
FULL-ARGUMENT_SPINE_MAP_FULL,full,ARGUMENT_SPINE_MAP_FULL.csv,companion/04_TEMPLATES_FULL/ARGUMENT_SPINE_MAP_FULL.csv,10,Gate records used,Gate records used,Stable IDs.,Record the accepted current value and place supporting evidence or authority in the linked field or record.,required unless explicitly and defensibly not applicable; completed records must not leave the field blank,,,"controlled project metadata; no credentials, direct identifiers or confidential payloads",non-empty when required; internally consistent with linked records,7.1 The complete-looking thesis that still has no answer; 7.2 Build the argument spine before drafting full chapters; 7.8 Assemble the coherent manuscript and pass the Argument Gate
FULL-ARGUMENT_SPINE_MAP_FULL,full,ARGUMENT_SPINE_MAP_FULL.csv,companion/04_TEMPLATES_FULL/ARGUMENT_SPINE_MAP_FULL.csv,11,Reader hand-off,Reader hand-off,How the answer is distributed through sections.,Record the accepted current value and place supporting evidence or authority in the linked field or record.,required unless explicitly and defensibly not applicable; completed records must not leave the field blank,,,"controlled project metadata; no credentials, direct identifiers or confidential payloads",non-empty when required; internally consistent with linked records,7.1 The complete-looking thesis that still has no answer; 7.2 Build the argument spine before drafting full chapters; 7.8 Assemble the coherent manuscript and pass the Argument Gate
FULL-ARGUMENT_SPINE_MAP_FULL,full,ARGUMENT_SPINE_MAP_FULL.csv,companion/04_TEMPLATES_FULL/ARGUMENT_SPINE_MAP_FULL.csv,12,Version and reviewer,Version and reviewer,Lifecycle record.,Record the accepted current value and place supporting evidence or authority in the linked field or record.,required unless explicitly and defensibly not applicable; completed records must not leave the field blank,,,"controlled project metadata; no credentials, direct identifiers or confidential payloads",explicit version or dated revision; no ambiguous labels such as final-final,7.1 The complete-looking thesis that still has no answer; 7.2 Build the argument spine before drafting full chapters; 7.8 Assemble the coherent manuscript and pass the Argument Gate
FULL-AUTHORITATIVE_FILE_VERSION_RECORD_FULL,full,AUTHORITATIVE_FILE_VERSION_RECORD_FULL.csv,companion/04_TEMPLATES_FULL/AUTHORITATIVE_FILE_VERSION_RECORD_FULL.csv,1,Authoritative object,Authoritative object,Exact filename.,Record the accepted current value and place supporting evidence or authority in the linked field or record.,required unless explicitly and defensibly not applicable; completed records must not leave the field blank,,,"controlled project metadata; no credentials, direct identifiers or confidential payloads",non-empty when required; internally consistent with linked records,5.3 Freeze the starting state before consequential action; 8.7 Freeze one authoritative DOCX and prove the rendered object
FULL-AUTHORITATIVE_FILE_VERSION_RECORD_FULL,full,AUTHORITATIVE_FILE_VERSION_RECORD_FULL.csv,companion/04_TEMPLATES_FULL/AUTHORITATIVE_FILE_VERSION_RECORD_FULL.csv,2,Version,Version,Semantic version or controlled project version.,Record the accepted current value and place supporting evidence or authority in the linked field or record.,required unless explicitly and defensibly not applicable; completed records must not leave the field blank,,,"controlled project metadata; no credentials, direct identifiers or confidential payloads",explicit version or dated revision; no ambiguous labels such as final-final,5.3 Freeze the starting state before consequential action; 8.7 Freeze one authoritative DOCX and prove the rendered object
FULL-AUTHORITATIVE_FILE_VERSION_RECORD_FULL,full,AUTHORITATIVE_FILE_VERSION_RECORD_FULL.csv,companion/04_TEMPLATES_FULL/AUTHORITATIVE_FILE_VERSION_RECORD_FULL.csv,3,Date,Date,ISO date.,Record the accepted current value and place supporting evidence or authority in the linked field or record.,required unless explicitly and defensibly not applicable; completed records must not leave the field blank,,,"controlled project metadata; no credentials, direct identifiers or confidential payloads",ISO 8601 date (YYYY-MM-DD),5.3 Freeze the starting state before consequential action; 8.7 Freeze one authoritative DOCX and prove the rendered object
FULL-AUTHORITATIVE_FILE_VERSION_RECORD_FULL,full,AUTHORITATIVE_FILE_VERSION_RECORD_FULL.csv,companion/04_TEMPLATES_FULL/AUTHORITATIVE_FILE_VERSION_RECORD_FULL.csv,4,SHA-256,SHA-256,Digest.,Record the accepted current value and place supporting evidence or authority in the linked field or record.,required unless explicitly and defensibly not applicable; completed records must not leave the field blank,,,"controlled project metadata; no credentials, direct identifiers or confidential payloads",non-empty when required; internally consistent with linked records,5.3 Freeze the starting state before consequential action; 8.7 Freeze one authoritative DOCX and prove the rendered object
FULL-AUTHORITATIVE_FILE_VERSION_RECORD_FULL,full,AUTHORITATIVE_FILE_VERSION_RECORD_FULL.csv,companion/04_TEMPLATES_FULL/AUTHORITATIVE_FILE_VERSION_RECORD_FULL.csv,5,Source master,Source master,Upstream object.,Record the accepted current value and place supporting evidence or authority in the linked field or record.,required unless explicitly and defensibly not applicable; completed records must not leave the field blank,,,"controlled project metadata; no credentials, direct identifiers or confidential payloads",non-empty when required; internally consistent with linked records,5.3 Freeze the starting state before consequential action; 8.7 Freeze one authoritative DOCX and prove the rendered object
FULL-AUTHORITATIVE_FILE_VERSION_RECORD_FULL,full,AUTHORITATIVE_FILE_VERSION_RECORD_FULL.csv,companion/04_TEMPLATES_FULL/AUTHORITATIVE_FILE_VERSION_RECORD_FULL.csv,6,Derived objects,Derived objects,"PDF, archive, slides, data, figures or companion.",Record the accepted current value and place supporting evidence or authority in the linked field or record.,required unless explicitly and defensibly not applicable; completed records must not leave the field blank,,,"controlled project metadata; no credentials, direct identifiers or confidential payloads",non-empty when required; internally consistent with linked records,5.3 Freeze the starting state before consequential action; 8.7 Freeze one authoritative DOCX and prove the rendered object
FULL-AUTHORITATIVE_FILE_VERSION_RECORD_FULL,full,AUTHORITATIVE_FILE_VERSION_RECORD_FULL.csv,companion/04_TEMPLATES_FULL/AUTHORITATIVE_FILE_VERSION_RECORD_FULL.csv,7,Content identity check,Content identity check,"Same question, evidence, result and limit.",Record the accepted current value and place supporting evidence or authority in the linked field or record.,required unless explicitly and defensibly not applicable; completed records must not leave the field blank,,,"controlled project metadata; no credentials, direct identifiers or confidential payloads",non-empty when required; internally consistent with linked records,5.3 Freeze the starting state before consequential action; 8.7 Freeze one authoritative DOCX and prove the rendered object
FULL-AUTHORITATIVE_FILE_VERSION_RECORD_FULL,full,AUTHORITATIVE_FILE_VERSION_RECORD_FULL.csv,companion/04_TEMPLATES_FULL/AUTHORITATIVE_FILE_VERSION_RECORD_FULL.csv,8,StoryRanges and fields state,StoryRanges and fields state,Updated or pending.,Record the accepted current value and place supporting evidence or authority in the linked field or record.,required unless explicitly and defensibly not applicable; completed records must not leave the field blank,,,"controlled project metadata; no credentials, direct identifiers or confidential payloads",non-empty when required; internally consistent with linked records,5.3 Freeze the starting state before consequential action; 8.7 Freeze one authoritative DOCX and prove the rendered object
FULL-AUTHORITATIVE_FILE_VERSION_RECORD_FULL,full,AUTHORITATIVE_FILE_VERSION_RECORD_FULL.csv,companion/04_TEMPLATES_FULL/AUTHORITATIVE_FILE_VERSION_RECORD_FULL.csv,9,Proof state,Proof state,"Technical, Word proof, rejected or final candidate.",Record the accepted current value and place supporting evidence or authority in the linked field or record.,required unless explicitly and defensibly not applicable; completed records must not leave the field blank,render_status,not rendered; candidate; passed technical proof; failed; pending Microsoft Word proof,"controlled project metadata; no credentials, direct identifiers or confidential payloads",use one exact value from controlled vocabulary: render_status,5.3 Freeze the starting state before consequential action; 8.7 Freeze one authoritative DOCX and prove the rendered object
FULL-AUTHORITATIVE_FILE_VERSION_RECORD_FULL,full,AUTHORITATIVE_FILE_VERSION_RECORD_FULL.csv,companion/04_TEMPLATES_FULL/AUTHORITATIVE_FILE_VERSION_RECORD_FULL.csv,10,Rights and privacy,Rights and privacy,Status.,Record the accepted current value and place supporting evidence or authority in the linked field or record.,required unless explicitly and defensibly not applicable; completed records must not leave the field blank,,,"controlled project metadata; no credentials, direct identifiers or confidential payloads",non-empty when required; internally consistent with linked records,5.3 Freeze the starting state before consequential action; 8.7 Freeze one authoritative DOCX and prove the rendered object
FULL-AUTHORITATIVE_FILE_VERSION_RECORD_FULL,full,AUTHORITATIVE_FILE_VERSION_RECORD_FULL.csv,companion/04_TEMPLATES_FULL/AUTHORITATIVE_FILE_VERSION_RECORD_FULL.csv,11,Supersedes,Supersedes,Prior version.,Record the accepted current value and place supporting evidence or authority in the linked field or record.,conditional; in completed records use “not applicable — reason” rather than a blank cell,,,"controlled project metadata; no credentials, direct identifiers or confidential payloads",non-empty when required; internally consistent with linked records,5.3 Freeze the starting state before consequential action; 8.7 Freeze one authoritative DOCX and prove the rendered object
FULL-AUTHORITATIVE_FILE_VERSION_RECORD_FULL,full,AUTHORITATIVE_FILE_VERSION_RECORD_FULL.csv,companion/04_TEMPLATES_FULL/AUTHORITATIVE_FILE_VERSION_RECORD_FULL.csv,12,"Owner, reviewer and next action","Owner, reviewer and next action",Lifecycle record.,Record the accepted current value and place supporting evidence or authority in the linked field or record.,required unless explicitly and defensibly not applicable; completed records must not leave the field blank,,,"controlled project metadata; no credentials, direct identifiers or confidential payloads",non-empty when required; internally consistent with linked records,5.3 Freeze the starting state before consequential action; 8.7 Freeze one authoritative DOCX and prove the rendered object
FULL-AUTHORITY_MATRIX_FULL,full,AUTHORITY_MATRIX_FULL.csv,companion/04_TEMPLATES_FULL/AUTHORITY_MATRIX_FULL.csv,1,authority_id,Authority id,Stable identifier for authority id. Use a reproducible project naming convention.,Record the accepted current value and place supporting evidence or authority in the linked field or record.,required unless explicitly and defensibly not applicable; completed records must not leave the field blank,,,may reference restricted administrative objects; store only safe identifiers and segregated locators,non-empty stable identifier; unique within the project namespace,"1.5 Who owns which decision?; 4.6 Treat authority, ethics, data, security and licences as design inputs"
FULL-AUTHORITY_MATRIX_FULL,full,AUTHORITY_MATRIX_FULL.csv,companion/04_TEMPLATES_FULL/AUTHORITY_MATRIX_FULL.csv,2,decision_or_resource,Decision or resource,"Verified source or identity information for decision or resource, sufficient for independent resolution.",Record the accepted current value and place supporting evidence or authority in the linked field or record.,required unless explicitly and defensibly not applicable; completed records must not leave the field blank,,,may reference restricted administrative objects; store only safe identifiers and segregated locators,non-empty when required; internally consistent with linked records,"1.5 Who owns which decision?; 4.6 Treat authority, ethics, data, security and licences as design inputs"
FULL-AUTHORITY_MATRIX_FULL,full,AUTHORITY_MATRIX_FULL.csv,companion/04_TEMPLATES_FULL/AUTHORITY_MATRIX_FULL.csv,3,authority_type,Authority type,"Named authority, permission or rights basis governing authority type.",Record the accepted current value and place supporting evidence or authority in the linked field or record.,required unless explicitly and defensibly not applicable; completed records must not leave the field blank,,,may reference restricted administrative objects; store only safe identifiers and segregated locators,non-empty when required; internally consistent with linked records,"1.5 Who owns which decision?; 4.6 Treat authority, ethics, data, security and licences as design inputs"
FULL-AUTHORITY_MATRIX_FULL,full,AUTHORITY_MATRIX_FULL.csv,companion/04_TEMPLATES_FULL/AUTHORITY_MATRIX_FULL.csv,4,named_role_or_body,Named role or body,Record named role or body in sufficiently precise terms for a competent reviewer to reconstruct and challenge the decision.,Record the accepted current value and place supporting evidence or authority in the linked field or record.,required unless explicitly and defensibly not applicable; completed records must not leave the field blank,,,may reference restricted administrative objects; store only safe identifiers and segregated locators,non-empty when required; internally consistent with linked records,"1.5 Who owns which decision?; 4.6 Treat authority, ethics, data, security and licences as design inputs"
FULL-AUTHORITY_MATRIX_FULL,full,AUTHORITY_MATRIX_FULL.csv,companion/04_TEMPLATES_FULL/AUTHORITY_MATRIX_FULL.csv,5,basis_or_source,Basis or source,"Verified source or identity information for basis or source, sufficient for independent resolution.",Record the accepted current value and place supporting evidence or authority in the linked field or record.,required unless explicitly and defensibly not applicable; completed records must not leave the field blank,,,may reference restricted administrative objects; store only safe identifiers and segregated locators,non-empty when required; internally consistent with linked records,"1.5 Who owns which decision?; 4.6 Treat authority, ethics, data, security and licences as design inputs"
FULL-AUTHORITY_MATRIX_FULL,full,AUTHORITY_MATRIX_FULL.csv,companion/04_TEMPLATES_FULL/AUTHORITY_MATRIX_FULL.csv,6,status,status,Current lifecycle or decision status. Use the controlled vocabulary declared for the record.,Record the accepted current value and place supporting evidence or authority in the linked field or record.,required unless explicitly and defensibly not applicable; completed records must not leave the field blank,source_status,current; pending verification; conflict; superseded; broken link,may reference restricted administrative objects; store only safe identifiers and segregated locators,use one exact value from controlled vocabulary: source_status,"1.5 Who owns which decision?; 4.6 Treat authority, ethics, data, security and licences as design inputs"
FULL-AUTHORITY_MATRIX_FULL,full,AUTHORITY_MATRIX_FULL.csv,companion/04_TEMPLATES_FULL/AUTHORITY_MATRIX_FULL.csv,7,conditions,conditions,Record conditions in sufficiently precise terms for a competent reviewer to reconstruct and challenge the decision.,Record the accepted current value and place supporting evidence or authority in the linked field or record.,required unless explicitly and defensibly not applicable; completed records must not leave the field blank,,,may reference restricted administrative objects; store only safe identifiers and segregated locators,non-empty when required; internally consistent with linked records,"1.5 Who owns which decision?; 4.6 Treat authority, ethics, data, security and licences as design inputs"
FULL-AUTHORITY_MATRIX_FULL,full,AUTHORITY_MATRIX_FULL.csv,companion/04_TEMPLATES_FULL/AUTHORITY_MATRIX_FULL.csv,8,evidence_object,Evidence object,Stable identifier or safe locator for the evidence used. Do not paste confidential payloads.,Record the accepted current value and place supporting evidence or authority in the linked field or record.,required unless explicitly and defensibly not applicable; completed records must not leave the field blank,,,may reference restricted administrative objects; store only safe identifiers and segregated locators,non-empty when required; internally consistent with linked records,"1.5 Who owns which decision?; 4.6 Treat authority, ethics, data, security and licences as design inputs"
FULL-AUTHORITY_MATRIX_FULL,full,AUTHORITY_MATRIX_FULL.csv,companion/04_TEMPLATES_FULL/AUTHORITY_MATRIX_FULL.csv,9,expiry_or_recheck,Expiry or recheck,Record expiry or recheck in sufficiently precise terms for a competent reviewer to reconstruct and challenge the decision.,Record the accepted current value and place supporting evidence or authority in the linked field or record.,required unless explicitly and defensibly not applicable; completed records must not leave the field blank,,,may reference restricted administrative objects; store only safe identifiers and segregated locators,non-empty when required; internally consistent with linked records,"1.5 Who owns which decision?; 4.6 Treat authority, ethics, data, security and licences as design inputs"
FULL-AUTHORITY_MATRIX_FULL,full,AUTHORITY_MATRIX_FULL.csv,companion/04_TEMPLATES_FULL/AUTHORITY_MATRIX_FULL.csv,10,owner,owner,Person responsible for the object or next action. Use a role rather than personal contact data when appropriate.,Record the accepted current value and place supporting evidence or authority in the linked field or record.,required unless explicitly and defensibly not applicable; completed records must not leave the field blank,,,may reference restricted administrative objects; store only safe identifiers and segregated locators,non-empty when required; internally consistent with linked records,"1.5 Who owns which decision?; 4.6 Treat authority, ethics, data, security and licences as design inputs"
FULL-AUTHORITY_MATRIX_FULL,full,AUTHORITY_MATRIX_FULL.csv,companion/04_TEMPLATES_FULL/AUTHORITY_MATRIX_FULL.csv,11,notes,notes,Record notes in sufficiently precise terms for a competent reviewer to reconstruct and challenge the decision.,Record the accepted current value and place supporting evidence or authority in the linked field or record.,optional; do not use for unstructured personal or confidential payloads,,,may reference restricted administrative objects; store only safe identifiers and segregated locators,non-empty when required; internally consistent with linked records,"1.5 Who owns which decision?; 4.6 Treat authority, ethics, data, security and licences as design inputs"
FULL-AUTHOR_IDENTITY_HEADLINE_RECORD_FULL,full,AUTHOR_IDENTITY_HEADLINE_RECORD_FULL.csv,companion/04_TEMPLATES_FULL/AUTHOR_IDENTITY_HEADLINE_RECORD_FULL.csv,1,Author order,Author order,Exact final order.,Record the accepted current value and place supporting evidence or authority in the linked field or record.,required unless explicitly and defensibly not applicable; completed records must not leave the field blank,,,"controlled project metadata; no credentials, direct identifiers or confidential payloads",non-empty when required; internally consistent with linked records,"8.3 Lock authorship, headline layers and terminology to one claim"
FULL-AUTHOR_IDENTITY_HEADLINE_RECORD_FULL,full,AUTHOR_IDENTITY_HEADLINE_RECORD_FULL.csv,companion/04_TEMPLATES_FULL/AUTHOR_IDENTITY_HEADLINE_RECORD_FULL.csv,2,Author identifiers,Author identifiers,Only verified affiliations and ORCIDs.,Record the accepted current value and place supporting evidence or authority in the linked field or record.,required unless explicitly and defensibly not applicable; completed records must not leave the field blank,,,"controlled project metadata; no credentials, direct identifiers or confidential payloads",non-empty when required; internally consistent with linked records,"8.3 Lock authorship, headline layers and terminology to one claim"
FULL-AUTHOR_IDENTITY_HEADLINE_RECORD_FULL,full,AUTHOR_IDENTITY_HEADLINE_RECORD_FULL.csv,companion/04_TEMPLATES_FULL/AUTHOR_IDENTITY_HEADLINE_RECORD_FULL.csv,3,Contribution statement,Contribution statement,Only confirmed contributions.,Record the accepted current value and place supporting evidence or authority in the linked field or record.,required unless explicitly and defensibly not applicable; completed records must not leave the field blank,,,"controlled project metadata; no credentials, direct identifiers or confidential payloads",non-empty when required; internally consistent with linked records,"8.3 Lock authorship, headline layers and terminology to one claim"
FULL-AUTHOR_IDENTITY_HEADLINE_RECORD_FULL,full,AUTHOR_IDENTITY_HEADLINE_RECORD_FULL.csv,companion/04_TEMPLATES_FULL/AUTHOR_IDENTITY_HEADLINE_RECORD_FULL.csv,4,Title,Title,Bounded and accurate.,Record the accepted current value and place supporting evidence or authority in the linked field or record.,required unless explicitly and defensibly not applicable; completed records must not leave the field blank,,,"controlled project metadata; no credentials, direct identifiers or confidential payloads",non-empty when required; internally consistent with linked records,"8.3 Lock authorship, headline layers and terminology to one claim"
FULL-AUTHOR_IDENTITY_HEADLINE_RECORD_FULL,full,AUTHOR_IDENTITY_HEADLINE_RECORD_FULL.csv,companion/04_TEMPLATES_FULL/AUTHOR_IDENTITY_HEADLINE_RECORD_FULL.csv,5,Subtitle,Subtitle,If used.,Record the accepted current value and place supporting evidence or authority in the linked field or record.,required unless explicitly and defensibly not applicable; completed records must not leave the field blank,,,"controlled project metadata; no credentials, direct identifiers or confidential payloads",non-empty when required; internally consistent with linked records,"8.3 Lock authorship, headline layers and terminology to one claim"
FULL-AUTHOR_IDENTITY_HEADLINE_RECORD_FULL,full,AUTHOR_IDENTITY_HEADLINE_RECORD_FULL.csv,companion/04_TEMPLATES_FULL/AUTHOR_IDENTITY_HEADLINE_RECORD_FULL.csv,6,Abstract question,Abstract question,Matches manuscript.,Record the accepted current value and place supporting evidence or authority in the linked field or record.,required unless explicitly and defensibly not applicable; completed records must not leave the field blank,,,"controlled project metadata; no credentials, direct identifiers or confidential payloads",non-empty when required; internally consistent with linked records,"8.3 Lock authorship, headline layers and terminology to one claim"
FULL-AUTHOR_IDENTITY_HEADLINE_RECORD_FULL,full,AUTHOR_IDENTITY_HEADLINE_RECORD_FULL.csv,companion/04_TEMPLATES_FULL/AUTHOR_IDENTITY_HEADLINE_RECORD_FULL.csv,7,Abstract method,Abstract method,Executed method.,Record the accepted current value and place supporting evidence or authority in the linked field or record.,required unless explicitly and defensibly not applicable; completed records must not leave the field blank,,,"controlled project metadata; no credentials, direct identifiers or confidential payloads",non-empty when required; internally consistent with linked records,"8.3 Lock authorship, headline layers and terminology to one claim"
FULL-AUTHOR_IDENTITY_HEADLINE_RECORD_FULL,full,AUTHOR_IDENTITY_HEADLINE_RECORD_FULL.csv,companion/04_TEMPLATES_FULL/AUTHOR_IDENTITY_HEADLINE_RECORD_FULL.csv,8,Abstract result,Abstract result,Evidence-aligned.,Record the accepted current value and place supporting evidence or authority in the linked field or record.,required unless explicitly and defensibly not applicable; completed records must not leave the field blank,,,"controlled project metadata; no credentials, direct identifiers or confidential payloads",non-empty when required; internally consistent with linked records,"8.3 Lock authorship, headline layers and terminology to one claim"
FULL-AUTHOR_IDENTITY_HEADLINE_RECORD_FULL,full,AUTHOR_IDENTITY_HEADLINE_RECORD_FULL.csv,companion/04_TEMPLATES_FULL/AUTHOR_IDENTITY_HEADLINE_RECORD_FULL.csv,9,Abstract conclusion,Abstract conclusion,Bounded claim.,Record the accepted current value and place supporting evidence or authority in the linked field or record.,required unless explicitly and defensibly not applicable; completed records must not leave the field blank,,,"controlled project metadata; no credentials, direct identifiers or confidential payloads",non-empty when required; internally consistent with linked records,"8.3 Lock authorship, headline layers and terminology to one claim"
FULL-AUTHOR_IDENTITY_HEADLINE_RECORD_FULL,full,AUTHOR_IDENTITY_HEADLINE_RECORD_FULL.csv,companion/04_TEMPLATES_FULL/AUTHOR_IDENTITY_HEADLINE_RECORD_FULL.csv,10,Keywords,Keywords,Stable terminology.,Record the accepted current value and place supporting evidence or authority in the linked field or record.,required unless explicitly and defensibly not applicable; completed records must not leave the field blank,,,"controlled project metadata; no credentials, direct identifiers or confidential payloads",non-empty when required; internally consistent with linked records,"8.3 Lock authorship, headline layers and terminology to one claim"
FULL-AUTHOR_IDENTITY_HEADLINE_RECORD_FULL,full,AUTHOR_IDENTITY_HEADLINE_RECORD_FULL.csv,companion/04_TEMPLATES_FULL/AUTHOR_IDENTITY_HEADLINE_RECORD_FULL.csv,11,Conclusion wording,Conclusion wording,Does not restore rejected claim.,Record the accepted current value and place supporting evidence or authority in the linked field or record.,required unless explicitly and defensibly not applicable; completed records must not leave the field blank,,,"controlled project metadata; no credentials, direct identifiers or confidential payloads",non-empty when required; internally consistent with linked records,"8.3 Lock authorship, headline layers and terminology to one claim"
FULL-AUTHOR_IDENTITY_HEADLINE_RECORD_FULL,full,AUTHOR_IDENTITY_HEADLINE_RECORD_FULL.csv,companion/04_TEMPLATES_FULL/AUTHOR_IDENTITY_HEADLINE_RECORD_FULL.csv,12,File and repository metadata,File and repository metadata,Same identity.,Record the accepted current value and place supporting evidence or authority in the linked field or record.,required unless explicitly and defensibly not applicable; completed records must not leave the field blank,,,"controlled project metadata; no credentials, direct identifiers or confidential payloads",non-empty when required; internally consistent with linked records,"8.3 Lock authorship, headline layers and terminology to one claim"
FULL-AUTHOR_IDENTITY_HEADLINE_RECORD_FULL,full,AUTHOR_IDENTITY_HEADLINE_RECORD_FULL.csv,companion/04_TEMPLATES_FULL/AUTHOR_IDENTITY_HEADLINE_RECORD_FULL.csv,13,Verification and version,Verification and version,"Reviewer, date and status.",Record the accepted current value and place supporting evidence or authority in the linked field or record.,required unless explicitly and defensibly not applicable; completed records must not leave the field blank,,,"controlled project metadata; no credentials, direct identifiers or confidential payloads",explicit version or dated revision; no ambiguous labels such as final-final,"8.3 Lock authorship, headline layers and terminology to one claim"
FULL-CANDIDATE_ARTEFACT_INSPECTION_RECORD_FULL,full,CANDIDATE_ARTEFACT_INSPECTION_RECORD_FULL.csv,companion/04_TEMPLATES_FULL/CANDIDATE_ARTEFACT_INSPECTION_RECORD_FULL.csv,1,Candidate identifier,Candidate identifier,Stable ID.,Record the accepted current value and place supporting evidence or authority in the linked field or record.,required unless explicitly and defensibly not applicable; completed records must not leave the field blank,,,"record versions and evidence locators, not secrets, personal data or proprietary payloads",non-empty when required; internally consistent with linked records,"5.5 Inspect the primary artefact, preserve failure and decide disposition"
FULL-CANDIDATE_ARTEFACT_INSPECTION_RECORD_FULL,full,CANDIDATE_ARTEFACT_INSPECTION_RECORD_FULL.csv,companion/04_TEMPLATES_FULL/CANDIDATE_ARTEFACT_INSPECTION_RECORD_FULL.csv,2,Object and version,Object and version,Primary artefact.,Record the accepted current value and place supporting evidence or authority in the linked field or record.,required unless explicitly and defensibly not applicable; completed records must not leave the field blank,,,"record versions and evidence locators, not secrets, personal data or proprietary payloads",explicit version or dated revision; no ambiguous labels such as final-final,"5.5 Inspect the primary artefact, preserve failure and decide disposition"
FULL-CANDIDATE_ARTEFACT_INSPECTION_RECORD_FULL,full,CANDIDATE_ARTEFACT_INSPECTION_RECORD_FULL.csv,companion/04_TEMPLATES_FULL/CANDIDATE_ARTEFACT_INSPECTION_RECORD_FULL.csv,3,Work-unit link,Work-unit link,Authorised unit.,Record the accepted current value and place supporting evidence or authority in the linked field or record.,required unless explicitly and defensibly not applicable; completed records must not leave the field blank,,,"record versions and evidence locators, not secrets, personal data or proprietary payloads",non-empty when required; internally consistent with linked records,"5.5 Inspect the primary artefact, preserve failure and decide disposition"
FULL-CANDIDATE_ARTEFACT_INSPECTION_RECORD_FULL,full,CANDIDATE_ARTEFACT_INSPECTION_RECORD_FULL.csv,companion/04_TEMPLATES_FULL/CANDIDATE_ARTEFACT_INSPECTION_RECORD_FULL.csv,4,Inspection basis,Inspection basis,"Specification, protocol, reference, known case or reviewer basis.",Record the accepted current value and place supporting evidence or authority in the linked field or record.,required unless explicitly and defensibly not applicable; completed records must not leave the field blank,,,"record versions and evidence locators, not secrets, personal data or proprietary payloads",non-empty when required; internally consistent with linked records,"5.5 Inspect the primary artefact, preserve failure and decide disposition"
FULL-CANDIDATE_ARTEFACT_INSPECTION_RECORD_FULL,full,CANDIDATE_ARTEFACT_INSPECTION_RECORD_FULL.csv,companion/04_TEMPLATES_FULL/CANDIDATE_ARTEFACT_INSPECTION_RECORD_FULL.csv,5,Checks performed,Checks performed,Route-appropriate checks.,Record the accepted current value and place supporting evidence or authority in the linked field or record.,required unless explicitly and defensibly not applicable; completed records must not leave the field blank,,,"record versions and evidence locators, not secrets, personal data or proprietary payloads",non-empty when required; internally consistent with linked records,"5.5 Inspect the primary artefact, preserve failure and decide disposition"
FULL-CANDIDATE_ARTEFACT_INSPECTION_RECORD_FULL,full,CANDIDATE_ARTEFACT_INSPECTION_RECORD_FULL.csv,companion/04_TEMPLATES_FULL/CANDIDATE_ARTEFACT_INSPECTION_RECORD_FULL.csv,6,Failed or adverse cases,Failed or adverse cases,Retained evidence.,Record the accepted current value and place supporting evidence or authority in the linked field or record.,required unless explicitly and defensibly not applicable; completed records must not leave the field blank,,,"record versions and evidence locators, not secrets, personal data or proprietary payloads",non-empty when required; internally consistent with linked records,"5.5 Inspect the primary artefact, preserve failure and decide disposition"
FULL-CANDIDATE_ARTEFACT_INSPECTION_RECORD_FULL,full,CANDIDATE_ARTEFACT_INSPECTION_RECORD_FULL.csv,companion/04_TEMPLATES_FULL/CANDIDATE_ARTEFACT_INSPECTION_RECORD_FULL.csv,7,External effects,External effects,"Network, file system, participant, organisational or other effects.",Record the accepted current value and place supporting evidence or authority in the linked field or record.,required unless explicitly and defensibly not applicable; completed records must not leave the field blank,,,"record versions and evidence locators, not secrets, personal data or proprietary payloads",non-empty when required; internally consistent with linked records,"5.5 Inspect the primary artefact, preserve failure and decide disposition"
FULL-CANDIDATE_ARTEFACT_INSPECTION_RECORD_FULL,full,CANDIDATE_ARTEFACT_INSPECTION_RECORD_FULL.csv,companion/04_TEMPLATES_FULL/CANDIDATE_ARTEFACT_INSPECTION_RECORD_FULL.csv,8,"Secrets, privacy and licences","Secrets, privacy and licences",Status and remediation.,Record the accepted current value and place supporting evidence or authority in the linked field or record.,required unless explicitly and defensibly not applicable; completed records must not leave the field blank,,,"record versions and evidence locators, not secrets, personal data or proprietary payloads",non-empty when required; internally consistent with linked records,"5.5 Inspect the primary artefact, preserve failure and decide disposition"
FULL-CANDIDATE_ARTEFACT_INSPECTION_RECORD_FULL,full,CANDIDATE_ARTEFACT_INSPECTION_RECORD_FULL.csv,companion/04_TEMPLATES_FULL/CANDIDATE_ARTEFACT_INSPECTION_RECORD_FULL.csv,9,Deviations,Deviations,Difference from approved plan.,Record the accepted current value and place supporting evidence or authority in the linked field or record.,required unless explicitly and defensibly not applicable; completed records must not leave the field blank,,,"record versions and evidence locators, not secrets, personal data or proprietary payloads",non-empty when required; internally consistent with linked records,"5.5 Inspect the primary artefact, preserve failure and decide disposition"
FULL-CANDIDATE_ARTEFACT_INSPECTION_RECORD_FULL,full,CANDIDATE_ARTEFACT_INSPECTION_RECORD_FULL.csv,companion/04_TEMPLATES_FULL/CANDIDATE_ARTEFACT_INSPECTION_RECORD_FULL.csv,10,Disposition,Disposition,"Accept locally, repair, repeat, reject, defer or quarantine.",Record the accepted current value and place supporting evidence or authority in the linked field or record.,required unless explicitly and defensibly not applicable; completed records must not leave the field blank,work_disposition,accept locally; repair; repeat; reject; defer; quarantine,"record versions and evidence locators, not secrets, personal data or proprietary payloads",use one exact value from controlled vocabulary: work_disposition,"5.5 Inspect the primary artefact, preserve failure and decide disposition"
FULL-CANDIDATE_ARTEFACT_INSPECTION_RECORD_FULL,full,CANDIDATE_ARTEFACT_INSPECTION_RECORD_FULL.csv,companion/04_TEMPLATES_FULL/CANDIDATE_ARTEFACT_INSPECTION_RECORD_FULL.csv,11,Reason,Reason,Evidence-based justification.,Record the accepted current value and place supporting evidence or authority in the linked field or record.,required unless explicitly and defensibly not applicable; completed records must not leave the field blank,,,"record versions and evidence locators, not secrets, personal data or proprietary payloads",non-empty when required; internally consistent with linked records,"5.5 Inspect the primary artefact, preserve failure and decide disposition"
FULL-CANDIDATE_ARTEFACT_INSPECTION_RECORD_FULL,full,CANDIDATE_ARTEFACT_INSPECTION_RECORD_FULL.csv,companion/04_TEMPLATES_FULL/CANDIDATE_ARTEFACT_INSPECTION_RECORD_FULL.csv,12,"Reviewer, date and version","Reviewer, date and version",Lifecycle record.,Record the accepted current value and place supporting evidence or authority in the linked field or record.,required unless explicitly and defensibly not applicable; completed records must not leave the field blank,,,"record versions and evidence locators, not secrets, personal data or proprietary payloads",explicit version or dated revision; no ambiguous labels such as final-final,"5.5 Inspect the primary artefact, preserve failure and decide disposition"
FULL-CLAIM_EVIDENCE_MAP_FULL,full,CLAIM_EVIDENCE_MAP_FULL.csv,companion/04_TEMPLATES_FULL/CLAIM_EVIDENCE_MAP_FULL.csv,1,claim_id,Claim id,Stable identifier for one exact claim wording.,Record the accepted current value and place supporting evidence or authority in the linked field or record.,required unless explicitly and defensibly not applicable; completed records must not leave the field blank,,,"controlled project metadata; no credentials, direct identifiers or confidential payloads",non-empty stable identifier; unique within the project namespace,6.2 Build the evidence-to-claim chain; 6.8 Assemble the Evaluation and Claim Dossier and pass the Claim Gate; 7.5 Write results as an inspectable evidence record
FULL-CLAIM_EVIDENCE_MAP_FULL,full,CLAIM_EVIDENCE_MAP_FULL.csv,companion/04_TEMPLATES_FULL/CLAIM_EVIDENCE_MAP_FULL.csv,2,exact_claim_text,Exact claim text,Exact sentence or proposition whose wording is being authorised or rejected.,Record the accepted current value and place supporting evidence or authority in the linked field or record.,required unless explicitly and defensibly not applicable; completed records must not leave the field blank,,,"controlled project metadata; no credentials, direct identifiers or confidential payloads",non-empty when required; internally consistent with linked records,6.2 Build the evidence-to-claim chain; 6.8 Assemble the Evaluation and Claim Dossier and pass the Claim Gate; 7.5 Write results as an inspectable evidence record
FULL-CLAIM_EVIDENCE_MAP_FULL,full,CLAIM_EVIDENCE_MAP_FULL.csv,companion/04_TEMPLATES_FULL/CLAIM_EVIDENCE_MAP_FULL.csv,3,claim_type,Claim type,Exact bounded claim or claim-related role represented by claim type.,Record the accepted current value and place supporting evidence or authority in the linked field or record.,required unless explicitly and defensibly not applicable; completed records must not leave the field blank,,,"controlled project metadata; no credentials, direct identifiers or confidential payloads",non-empty when required; internally consistent with linked records,6.2 Build the evidence-to-claim chain; 6.8 Assemble the Evaluation and Claim Dossier and pass the Claim Gate; 7.5 Write results as an inspectable evidence record
FULL-CLAIM_EVIDENCE_MAP_FULL,full,CLAIM_EVIDENCE_MAP_FULL.csv,companion/04_TEMPLATES_FULL/CLAIM_EVIDENCE_MAP_FULL.csv,4,evidence_object,Evidence object,Stable identifier or safe locator for the evidence used. Do not paste confidential payloads.,Record the accepted current value and place supporting evidence or authority in the linked field or record.,required unless explicitly and defensibly not applicable; completed records must not leave the field blank,,,"controlled project metadata; no credentials, direct identifiers or confidential payloads",non-empty when required; internally consistent with linked records,6.2 Build the evidence-to-claim chain; 6.8 Assemble the Evaluation and Claim Dossier and pass the Claim Gate; 7.5 Write results as an inspectable evidence record
FULL-CLAIM_EVIDENCE_MAP_FULL,full,CLAIM_EVIDENCE_MAP_FULL.csv,companion/04_TEMPLATES_FULL/CLAIM_EVIDENCE_MAP_FULL.csv,5,method_or_source,Method or source,"Verified source or identity information for method or source, sufficient for independent resolution.",Record the accepted current value and place supporting evidence or authority in the linked field or record.,required unless explicitly and defensibly not applicable; completed records must not leave the field blank,,,"controlled project metadata; no credentials, direct identifiers or confidential payloads",non-empty when required; internally consistent with linked records,6.2 Build the evidence-to-claim chain; 6.8 Assemble the Evaluation and Claim Dossier and pass the Claim Gate; 7.5 Write results as an inspectable evidence record
FULL-CLAIM_EVIDENCE_MAP_FULL,full,CLAIM_EVIDENCE_MAP_FULL.csv,companion/04_TEMPLATES_FULL/CLAIM_EVIDENCE_MAP_FULL.csv,6,inferential_link,Inferential link,Record inferential link in sufficiently precise terms for a competent reviewer to reconstruct and challenge the decision.,Record the accepted current value and place supporting evidence or authority in the linked field or record.,required unless explicitly and defensibly not applicable; completed records must not leave the field blank,,,"controlled project metadata; no credentials, direct identifiers or confidential payloads",non-empty when required; internally consistent with linked records,6.2 Build the evidence-to-claim chain; 6.8 Assemble the Evaluation and Claim Dossier and pass the Claim Gate; 7.5 Write results as an inspectable evidence record
FULL-CLAIM_EVIDENCE_MAP_FULL,full,CLAIM_EVIDENCE_MAP_FULL.csv,companion/04_TEMPLATES_FULL/CLAIM_EVIDENCE_MAP_FULL.csv,7,uncertainty,uncertainty,"Statistical, numerical, measurement, interpretive, model or transfer uncertainty relevant to the decision.",Record the accepted current value and place supporting evidence or authority in the linked field or record.,required unless explicitly and defensibly not applicable; completed records must not leave the field blank,,,"controlled project metadata; no credentials, direct identifiers or confidential payloads",non-empty when required; internally consistent with linked records,6.2 Build the evidence-to-claim chain; 6.8 Assemble the Evaluation and Claim Dossier and pass the Claim Gate; 7.5 Write results as an inspectable evidence record
FULL-CLAIM_EVIDENCE_MAP_FULL,full,CLAIM_EVIDENCE_MAP_FULL.csv,companion/04_TEMPLATES_FULL/CLAIM_EVIDENCE_MAP_FULL.csv,8,boundary,boundary,"Explicit scope limit for population, case, corpus, time, environment, method or transfer.",Record the accepted current value and place supporting evidence or authority in the linked field or record.,required unless explicitly and defensibly not applicable; completed records must not leave the field blank,,,"controlled project metadata; no credentials, direct identifiers or confidential payloads",non-empty when required; internally consistent with linked records,6.2 Build the evidence-to-claim chain; 6.8 Assemble the Evaluation and Claim Dossier and pass the Claim Gate; 7.5 Write results as an inspectable evidence record
FULL-CLAIM_EVIDENCE_MAP_FULL,full,CLAIM_EVIDENCE_MAP_FULL.csv,companion/04_TEMPLATES_FULL/CLAIM_EVIDENCE_MAP_FULL.csv,9,counter_evidence,Counter evidence,"Named, retrievable evidence relevant to counter evidence; use a safe locator rather than confidential payload.",Record the accepted current value and place supporting evidence or authority in the linked field or record.,required unless explicitly and defensibly not applicable; completed records must not leave the field blank,,,"controlled project metadata; no credentials, direct identifiers or confidential payloads",non-empty when required; internally consistent with linked records,6.2 Build the evidence-to-claim chain; 6.8 Assemble the Evaluation and Claim Dossier and pass the Claim Gate; 7.5 Write results as an inspectable evidence record
FULL-CLAIM_EVIDENCE_MAP_FULL,full,CLAIM_EVIDENCE_MAP_FULL.csv,companion/04_TEMPLATES_FULL/CLAIM_EVIDENCE_MAP_FULL.csv,10,stronger_wording_rejected,Stronger wording rejected,Attractive but unsupported wording that the evidence does not authorise.,Record the accepted current value and place supporting evidence or authority in the linked field or record.,required unless explicitly and defensibly not applicable; completed records must not leave the field blank,,,"controlled project metadata; no credentials, direct identifiers or confidential payloads",non-empty when required; internally consistent with linked records,6.2 Build the evidence-to-claim chain; 6.8 Assemble the Evaluation and Claim Dossier and pass the Claim Gate; 7.5 Write results as an inspectable evidence record
FULL-CLAIM_EVIDENCE_MAP_FULL,full,CLAIM_EVIDENCE_MAP_FULL.csv,companion/04_TEMPLATES_FULL/CLAIM_EVIDENCE_MAP_FULL.csv,11,contribution_link,Contribution link,Record contribution link in sufficiently precise terms for a competent reviewer to reconstruct and challenge the decision.,Record the accepted current value and place supporting evidence or authority in the linked field or record.,required unless explicitly and defensibly not applicable; completed records must not leave the field blank,,,"controlled project metadata; no credentials, direct identifiers or confidential payloads",non-empty when required; internally consistent with linked records,6.2 Build the evidence-to-claim chain; 6.8 Assemble the Evaluation and Claim Dossier and pass the Claim Gate; 7.5 Write results as an inspectable evidence record
FULL-CLAIM_EVIDENCE_MAP_FULL,full,CLAIM_EVIDENCE_MAP_FULL.csv,companion/04_TEMPLATES_FULL/CLAIM_EVIDENCE_MAP_FULL.csv,12,status,status,Current lifecycle or decision status. Use the controlled vocabulary declared for the record.,Record the accepted current value and place supporting evidence or authority in the linked field or record.,required unless explicitly and defensibly not applicable; completed records must not leave the field blank,claim_status,candidate; supported conditionally; supported; narrowed; suspended; rejected,"controlled project metadata; no credentials, direct identifiers or confidential payloads",use one exact value from controlled vocabulary: claim_status,6.2 Build the evidence-to-claim chain; 6.8 Assemble the Evaluation and Claim Dossier and pass the Claim Gate; 7.5 Write results as an inspectable evidence record
FULL-CLAIM_EVIDENCE_MAP_FULL,full,CLAIM_EVIDENCE_MAP_FULL.csv,companion/04_TEMPLATES_FULL/CLAIM_EVIDENCE_MAP_FULL.csv,13,reviewer,reviewer,Named person or competent role that inspected the current version.,Record the accepted current value and place supporting evidence or authority in the linked field or record.,required unless explicitly and defensibly not applicable; completed records must not leave the field blank,,,"controlled project metadata; no credentials, direct identifiers or confidential payloads",non-empty when required; internally consistent with linked records,6.2 Build the evidence-to-claim chain; 6.8 Assemble the Evaluation and Claim Dossier and pass the Claim Gate; 7.5 Write results as an inspectable evidence record
FULL-CLAIM_EVIDENCE_MAP_FULL,full,CLAIM_EVIDENCE_MAP_FULL.csv,companion/04_TEMPLATES_FULL/CLAIM_EVIDENCE_MAP_FULL.csv,14,version,version,Explicit version identifier for the record or object. Do not rely on file modification time.,Record the accepted current value and place supporting evidence or authority in the linked field or record.,required unless explicitly and defensibly not applicable; completed records must not leave the field blank,,,"controlled project metadata; no credentials, direct identifiers or confidential payloads",explicit version or dated revision; no ambiguous labels such as final-final,6.2 Build the evidence-to-claim chain; 6.8 Assemble the Evaluation and Claim Dossier and pass the Claim Gate; 7.5 Write results as an inspectable evidence record
FULL-CORE_SOURCE_NOTE_FULL,full,CORE_SOURCE_NOTE_FULL.csv,companion/04_TEMPLATES_FULL/CORE_SOURCE_NOTE_FULL.csv,1,Record identifier,Record identifier,Link to CORPUS.,Record the accepted current value and place supporting evidence or authority in the linked field or record.,required unless explicitly and defensibly not applicable; completed records must not leave the field blank,,,bibliographic and source metadata only; do not redistribute restricted full texts,non-empty when required; internally consistent with linked records,"3.5 Read, verify and appraise load-bearing sources; 7.3 Write the introduction and state of the art as a problem-to-position sequence"
FULL-CORE_SOURCE_NOTE_FULL,full,CORE_SOURCE_NOTE_FULL.csv,companion/04_TEMPLATES_FULL/CORE_SOURCE_NOTE_FULL.csv,2,Verified source identity,Verified source identity,"Authors, date, title, venue, DOI or official URL.",Record the accepted current value and place supporting evidence or authority in the linked field or record.,required unless explicitly and defensibly not applicable; completed records must not leave the field blank,,,bibliographic and source metadata only; do not redistribute restricted full texts,non-empty when required; internally consistent with linked records,"3.5 Read, verify and appraise load-bearing sources; 7.3 Write the introduction and state of the art as a problem-to-position sequence"
FULL-CORE_SOURCE_NOTE_FULL,full,CORE_SOURCE_NOTE_FULL.csv,companion/04_TEMPLATES_FULL/CORE_SOURCE_NOTE_FULL.csv,3,Source class,Source class,"Study, standard, regulation, documentation, dataset or other.",Record the accepted current value and place supporting evidence or authority in the linked field or record.,required unless explicitly and defensibly not applicable; completed records must not leave the field blank,,,bibliographic and source metadata only; do not redistribute restricted full texts,non-empty when required; internally consistent with linked records,"3.5 Read, verify and appraise load-bearing sources; 7.3 Write the introduction and state of the art as a problem-to-position sequence"
FULL-CORE_SOURCE_NOTE_FULL,full,CORE_SOURCE_NOTE_FULL.csv,companion/04_TEMPLATES_FULL/CORE_SOURCE_NOTE_FULL.csv,4,Question addressed,Question addressed,What the source investigates or governs.,Record the accepted current value and place supporting evidence or authority in the linked field or record.,required unless explicitly and defensibly not applicable; completed records must not leave the field blank,,,bibliographic and source metadata only; do not redistribute restricted full texts,non-empty when required; internally consistent with linked records,"3.5 Read, verify and appraise load-bearing sources; 7.3 Write the introduction and state of the art as a problem-to-position sequence"
FULL-CORE_SOURCE_NOTE_FULL,full,CORE_SOURCE_NOTE_FULL.csv,companion/04_TEMPLATES_FULL/CORE_SOURCE_NOTE_FULL.csv,5,Method or authority basis,Method or authority basis,How the source produces knowledge or authority.,Record the accepted current value and place supporting evidence or authority in the linked field or record.,required unless explicitly and defensibly not applicable; completed records must not leave the field blank,,,bibliographic and source metadata only; do not redistribute restricted full texts,non-empty when required; internally consistent with linked records,"3.5 Read, verify and appraise load-bearing sources; 7.3 Write the introduction and state of the art as a problem-to-position sequence"
FULL-CORE_SOURCE_NOTE_FULL,full,CORE_SOURCE_NOTE_FULL.csv,companion/04_TEMPLATES_FULL/CORE_SOURCE_NOTE_FULL.csv,6,"Population, case or scope","Population, case or scope",Source-specific boundary.,Record the accepted current value and place supporting evidence or authority in the linked field or record.,required unless explicitly and defensibly not applicable; completed records must not leave the field blank,,,bibliographic and source metadata only; do not redistribute restricted full texts,non-empty when required; internally consistent with linked records,"3.5 Read, verify and appraise load-bearing sources; 7.3 Write the introduction and state of the art as a problem-to-position sequence"
FULL-CORE_SOURCE_NOTE_FULL,full,CORE_SOURCE_NOTE_FULL.csv,companion/04_TEMPLATES_FULL/CORE_SOURCE_NOTE_FULL.csv,7,Finding or requirement,Finding or requirement,Precise statement in paraphrase.,Record the accepted current value and place supporting evidence or authority in the linked field or record.,required unless explicitly and defensibly not applicable; completed records must not leave the field blank,,,bibliographic and source metadata only; do not redistribute restricted full texts,non-empty when required; internally consistent with linked records,"3.5 Read, verify and appraise load-bearing sources; 7.3 Write the introduction and state of the art as a problem-to-position sequence"
FULL-CORE_SOURCE_NOTE_FULL,full,CORE_SOURCE_NOTE_FULL.csv,companion/04_TEMPLATES_FULL/CORE_SOURCE_NOTE_FULL.csv,8,Load-bearing use,Load-bearing use,Claim or decision it supports.,Record the accepted current value and place supporting evidence or authority in the linked field or record.,required unless explicitly and defensibly not applicable; completed records must not leave the field blank,,,bibliographic and source metadata only; do not redistribute restricted full texts,non-empty when required; internally consistent with linked records,"3.5 Read, verify and appraise load-bearing sources; 7.3 Write the introduction and state of the art as a problem-to-position sequence"
FULL-CORE_SOURCE_NOTE_FULL,full,CORE_SOURCE_NOTE_FULL.csv,companion/04_TEMPLATES_FULL/CORE_SOURCE_NOTE_FULL.csv,9,What it does not support,What it does not support,Explicit source-fit boundary.,Record the accepted current value and place supporting evidence or authority in the linked field or record.,required unless explicitly and defensibly not applicable; completed records must not leave the field blank,,,bibliographic and source metadata only; do not redistribute restricted full texts,non-empty when required; internally consistent with linked records,"3.5 Read, verify and appraise load-bearing sources; 7.3 Write the introduction and state of the art as a problem-to-position sequence"
FULL-CORE_SOURCE_NOTE_FULL,full,CORE_SOURCE_NOTE_FULL.csv,companion/04_TEMPLATES_FULL/CORE_SOURCE_NOTE_FULL.csv,10,Contradictions or caveats,Contradictions or caveats,Internal or external limitations.,Record the accepted current value and place supporting evidence or authority in the linked field or record.,required unless explicitly and defensibly not applicable; completed records must not leave the field blank,,,bibliographic and source metadata only; do not redistribute restricted full texts,non-empty when required; internally consistent with linked records,"3.5 Read, verify and appraise load-bearing sources; 7.3 Write the introduction and state of the art as a problem-to-position sequence"
FULL-CORE_SOURCE_NOTE_FULL,full,CORE_SOURCE_NOTE_FULL.csv,companion/04_TEMPLATES_FULL/CORE_SOURCE_NOTE_FULL.csv,11,Version or current status,Version or current status,"Retraction, update, supersession or amendment status.",Record the accepted current value and place supporting evidence or authority in the linked field or record.,required unless explicitly and defensibly not applicable; completed records must not leave the field blank,,,bibliographic and source metadata only; do not redistribute restricted full texts,explicit version or dated revision; no ambiguous labels such as final-final,"3.5 Read, verify and appraise load-bearing sources; 7.3 Write the introduction and state of the art as a problem-to-position sequence"
FULL-CORE_SOURCE_NOTE_FULL,full,CORE_SOURCE_NOTE_FULL.csv,companion/04_TEMPLATES_FULL/CORE_SOURCE_NOTE_FULL.csv,12,Reader verification,Reader verification,Location in original and verification date.,Record the accepted current value and place supporting evidence or authority in the linked field or record.,required unless explicitly and defensibly not applicable; completed records must not leave the field blank,,,bibliographic and source metadata only; do not redistribute restricted full texts,non-empty when required; internally consistent with linked records,"3.5 Read, verify and appraise load-bearing sources; 7.3 Write the introduction and state of the art as a problem-to-position sequence"
FULL-CORPUS_LEDGER_FULL,full,CORPUS_LEDGER_FULL.csv,companion/04_TEMPLATES_FULL/CORPUS_LEDGER_FULL.csv,1,record_id,Record id,Stable identifier for the record. It must not change when the file is copied.,Record the accepted current value and place supporting evidence or authority in the linked field or record.,required unless explicitly and defensibly not applicable; completed records must not leave the field blank,,,bibliographic and source metadata only; do not redistribute restricted full texts,non-empty stable identifier; unique within the project namespace,"3.3 Keep records, publications, studies and evidence distinct; 3.4 Use CORPUS to build a traceable evidence base"
FULL-CORPUS_LEDGER_FULL,full,CORPUS_LEDGER_FULL.csv,companion/04_TEMPLATES_FULL/CORPUS_LEDGER_FULL.csv,2,citation_or_object,Citation or object,"Verified source or identity information for citation or object, sufficient for independent resolution.",Record the accepted current value and place supporting evidence or authority in the linked field or record.,required unless explicitly and defensibly not applicable; completed records must not leave the field blank,,,bibliographic and source metadata only; do not redistribute restricted full texts,non-empty when required; internally consistent with linked records,"3.3 Keep records, publications, studies and evidence distinct; 3.4 Use CORPUS to build a traceable evidence base"
FULL-CORPUS_LEDGER_FULL,full,CORPUS_LEDGER_FULL.csv,companion/04_TEMPLATES_FULL/CORPUS_LEDGER_FULL.csv,3,source_class,Source class,"Verified source or identity information for source class, sufficient for independent resolution.",Record the accepted current value and place supporting evidence or authority in the linked field or record.,required unless explicitly and defensibly not applicable; completed records must not leave the field blank,,,bibliographic and source metadata only; do not redistribute restricted full texts,non-empty when required; internally consistent with linked records,"3.3 Keep records, publications, studies and evidence distinct; 3.4 Use CORPUS to build a traceable evidence base"
FULL-CORPUS_LEDGER_FULL,full,CORPUS_LEDGER_FULL.csv,companion/04_TEMPLATES_FULL/CORPUS_LEDGER_FULL.csv,4,discovery_route,Discovery route,Record discovery route in sufficiently precise terms for a competent reviewer to reconstruct and challenge the decision.,Record the accepted current value and place supporting evidence or authority in the linked field or record.,required unless explicitly and defensibly not applicable; completed records must not leave the field blank,,,bibliographic and source metadata only; do not redistribute restricted full texts,non-empty when required; internally consistent with linked records,"3.3 Keep records, publications, studies and evidence distinct; 3.4 Use CORPUS to build a traceable evidence base"
FULL-CORPUS_LEDGER_FULL,full,CORPUS_LEDGER_FULL.csv,companion/04_TEMPLATES_FULL/CORPUS_LEDGER_FULL.csv,5,identifier,identifier,Stable identifier for identifier. Use a reproducible project naming convention.,Record the accepted current value and place supporting evidence or authority in the linked field or record.,required unless explicitly and defensibly not applicable; completed records must not leave the field blank,,,bibliographic and source metadata only; do not redistribute restricted full texts,non-empty stable identifier; unique within the project namespace,"3.3 Keep records, publications, studies and evidence distinct; 3.4 Use CORPUS to build a traceable evidence base"
FULL-CORPUS_LEDGER_FULL,full,CORPUS_LEDGER_FULL.csv,companion/04_TEMPLATES_FULL/CORPUS_LEDGER_FULL.csv,6,record_id_external,Record id external,Record record id external in sufficiently precise terms for a competent reviewer to reconstruct and challenge the decision.,Record the accepted current value and place supporting evidence or authority in the linked field or record.,required unless explicitly and defensibly not applicable; completed records must not leave the field blank,,,bibliographic and source metadata only; do not redistribute restricted full texts,non-empty when required; internally consistent with linked records,"3.3 Keep records, publications, studies and evidence distinct; 3.4 Use CORPUS to build a traceable evidence base"
FULL-CORPUS_LEDGER_FULL,full,CORPUS_LEDGER_FULL.csv,companion/04_TEMPLATES_FULL/CORPUS_LEDGER_FULL.csv,7,publication_id,Publication id,Stable identifier for publication id. Use a reproducible project naming convention.,Record the accepted current value and place supporting evidence or authority in the linked field or record.,required unless explicitly and defensibly not applicable; completed records must not leave the field blank,,,bibliographic and source metadata only; do not redistribute restricted full texts,non-empty stable identifier; unique within the project namespace,"3.3 Keep records, publications, studies and evidence distinct; 3.4 Use CORPUS to build a traceable evidence base"
FULL-CORPUS_LEDGER_FULL,full,CORPUS_LEDGER_FULL.csv,companion/04_TEMPLATES_FULL/CORPUS_LEDGER_FULL.csv,8,study_id,Study id,Stable identifier for study id. Use a reproducible project naming convention.,Record the accepted current value and place supporting evidence or authority in the linked field or record.,required unless explicitly and defensibly not applicable; completed records must not leave the field blank,,,bibliographic and source metadata only; do not redistribute restricted full texts,non-empty stable identifier; unique within the project namespace,"3.3 Keep records, publications, studies and evidence distinct; 3.4 Use CORPUS to build a traceable evidence base"
FULL-CORPUS_LEDGER_FULL,full,CORPUS_LEDGER_FULL.csv,companion/04_TEMPLATES_FULL/CORPUS_LEDGER_FULL.csv,9,version_or_status,Version or status,"Explicit version, revision or dated state for version or status.",Record the accepted current value and place supporting evidence or authority in the linked field or record.,required unless explicitly and defensibly not applicable; completed records must not leave the field blank,,,bibliographic and source metadata only; do not redistribute restricted full texts,explicit version or dated revision; no ambiguous labels such as final-final,"3.3 Keep records, publications, studies and evidence distinct; 3.4 Use CORPUS to build a traceable evidence base"
FULL-CORPUS_LEDGER_FULL,full,CORPUS_LEDGER_FULL.csv,companion/04_TEMPLATES_FULL/CORPUS_LEDGER_FULL.csv,10,inclusion_status,Inclusion status,"Candidate, included, excluded, duplicate or superseded state for the source or object.",Record the accepted current value and place supporting evidence or authority in the linked field or record.,required unless explicitly and defensibly not applicable; completed records must not leave the field blank,inclusion_status,candidate; included; excluded; duplicate; superseded,bibliographic and source metadata only; do not redistribute restricted full texts,use one exact value from controlled vocabulary: inclusion_status,"3.3 Keep records, publications, studies and evidence distinct; 3.4 Use CORPUS to build a traceable evidence base"
FULL-CORPUS_LEDGER_FULL,full,CORPUS_LEDGER_FULL.csv,companion/04_TEMPLATES_FULL/CORPUS_LEDGER_FULL.csv,11,reason,reason,Record reason in sufficiently precise terms for a competent reviewer to reconstruct and challenge the decision.,Record the accepted current value and place supporting evidence or authority in the linked field or record.,required unless explicitly and defensibly not applicable; completed records must not leave the field blank,,,bibliographic and source metadata only; do not redistribute restricted full texts,non-empty when required; internally consistent with linked records,"3.3 Keep records, publications, studies and evidence distinct; 3.4 Use CORPUS to build a traceable evidence base"
FULL-CORPUS_LEDGER_FULL,full,CORPUS_LEDGER_FULL.csv,companion/04_TEMPLATES_FULL/CORPUS_LEDGER_FULL.csv,12,full_text_status,Full text status,Current controlled status for full text status.,Record the accepted current value and place supporting evidence or authority in the linked field or record.,required unless explicitly and defensibly not applicable; completed records must not leave the field blank,access_status,pending verification; available; available with conditions; restricted; unavailable; not applicable,bibliographic and source metadata only; do not redistribute restricted full texts,use one exact value from controlled vocabulary: access_status,"3.3 Keep records, publications, studies and evidence distinct; 3.4 Use CORPUS to build a traceable evidence base"
FULL-CORPUS_LEDGER_FULL,full,CORPUS_LEDGER_FULL.csv,companion/04_TEMPLATES_FULL/CORPUS_LEDGER_FULL.csv,13,appraisal,appraisal,Record appraisal in sufficiently precise terms for a competent reviewer to reconstruct and challenge the decision.,Record the accepted current value and place supporting evidence or authority in the linked field or record.,required unless explicitly and defensibly not applicable; completed records must not leave the field blank,,,bibliographic and source metadata only; do not redistribute restricted full texts,non-empty when required; internally consistent with linked records,"3.3 Keep records, publications, studies and evidence distinct; 3.4 Use CORPUS to build a traceable evidence base"
FULL-CORPUS_LEDGER_FULL,full,CORPUS_LEDGER_FULL.csv,companion/04_TEMPLATES_FULL/CORPUS_LEDGER_FULL.csv,14,rights_or_access,Rights or access,"Named authority, permission or rights basis governing rights or access.",Record the accepted current value and place supporting evidence or authority in the linked field or record.,required unless explicitly and defensibly not applicable; completed records must not leave the field blank,,,bibliographic and source metadata only; do not redistribute restricted full texts,non-empty when required; internally consistent with linked records,"3.3 Keep records, publications, studies and evidence distinct; 3.4 Use CORPUS to build a traceable evidence base"
FULL-CORPUS_LEDGER_FULL,full,CORPUS_LEDGER_FULL.csv,companion/04_TEMPLATES_FULL/CORPUS_LEDGER_FULL.csv,15,claim_or_decision_use,Claim or decision use,Exact bounded claim or claim-related role represented by claim or decision use.,Record the accepted current value and place supporting evidence or authority in the linked field or record.,required unless explicitly and defensibly not applicable; completed records must not leave the field blank,,,bibliographic and source metadata only; do not redistribute restricted full texts,non-empty when required; internally consistent with linked records,"3.3 Keep records, publications, studies and evidence distinct; 3.4 Use CORPUS to build a traceable evidence base"
FULL-CORPUS_LEDGER_FULL,full,CORPUS_LEDGER_FULL.csv,companion/04_TEMPLATES_FULL/CORPUS_LEDGER_FULL.csv,16,notes,notes,Record notes in sufficiently precise terms for a competent reviewer to reconstruct and challenge the decision.,Record the accepted current value and place supporting evidence or authority in the linked field or record.,optional; do not use for unstructured personal or confidential payloads,,,bibliographic and source metadata only; do not redistribute restricted full texts,non-empty when required; internally consistent with linked records,"3.3 Keep records, publications, studies and evidence distinct; 3.4 Use CORPUS to build a traceable evidence base"
FULL-CURRENT_SESSION_AUTHORITY_RECORD_FULL,full,CURRENT_SESSION_AUTHORITY_RECORD_FULL.csv,companion/04_TEMPLATES_FULL/CURRENT_SESSION_AUTHORITY_RECORD_FULL.csv,1,record_id,Record id,Stable identifier for the record. It must not change when the file is copied.,Record the accepted current value and place supporting evidence or authority in the linked field or record.,required unless explicitly and defensibly not applicable; completed records must not leave the field blank,,,may reference restricted administrative objects; store only safe identifiers and segregated locators,non-empty stable identifier; unique within the project namespace,9.1 The defence that exposed four incompatible records; 9.2 Lock the current authority map before freezing the record
FULL-CURRENT_SESSION_AUTHORITY_RECORD_FULL,full,CURRENT_SESSION_AUTHORITY_RECORD_FULL.csv,companion/04_TEMPLATES_FULL/CURRENT_SESSION_AUTHORITY_RECORD_FULL.csv,2,route,route,One of the eight locked inquiry routes or an explicitly justified hybrid component.,Record the accepted current value and place supporting evidence or authority in the linked field or record.,required unless explicitly and defensibly not applicable; completed records must not leave the field blank,route,build-and-evaluate; algorithmic or simulation study; predictive or machine-learning study; quantitative empirical study; qualitative inquiry; case study; formal evidence synthesis; hybrid route,may reference restricted administrative objects; store only safe identifiers and segregated locators,use one exact value from controlled vocabulary: route,9.1 The defence that exposed four incompatible records; 9.2 Lock the current authority map before freezing the record
FULL-CURRENT_SESSION_AUTHORITY_RECORD_FULL,full,CURRENT_SESSION_AUTHORITY_RECORD_FULL.csv,companion/04_TEMPLATES_FULL/CURRENT_SESSION_AUTHORITY_RECORD_FULL.csv,3,session,session,Record session in sufficiently precise terms for a competent reviewer to reconstruct and challenge the decision.,Record the accepted current value and place supporting evidence or authority in the linked field or record.,required unless explicitly and defensibly not applicable; completed records must not leave the field blank,,,may reference restricted administrative objects; store only safe identifiers and segregated locators,non-empty when required; internally consistent with linked records,9.1 The defence that exposed four incompatible records; 9.2 Lock the current authority map before freezing the record
FULL-CURRENT_SESSION_AUTHORITY_RECORD_FULL,full,CURRENT_SESSION_AUTHORITY_RECORD_FULL.csv,companion/04_TEMPLATES_FULL/CURRENT_SESSION_AUTHORITY_RECORD_FULL.csv,4,authority_level,Authority level,"Named authority, permission or rights basis governing authority level.",Record the accepted current value and place supporting evidence or authority in the linked field or record.,required unless explicitly and defensibly not applicable; completed records must not leave the field blank,,,may reference restricted administrative objects; store only safe identifiers and segregated locators,non-empty when required; internally consistent with linked records,9.1 The defence that exposed four incompatible records; 9.2 Lock the current authority map before freezing the record
FULL-CURRENT_SESSION_AUTHORITY_RECORD_FULL,full,CURRENT_SESSION_AUTHORITY_RECORD_FULL.csv,companion/04_TEMPLATES_FULL/CURRENT_SESSION_AUTHORITY_RECORD_FULL.csv,5,official_source,Official source,"Verified source or identity information for official source, sufficient for independent resolution.",Record the accepted current value and place supporting evidence or authority in the linked field or record.,required unless explicitly and defensibly not applicable; completed records must not leave the field blank,,,may reference restricted administrative objects; store only safe identifiers and segregated locators,non-empty when required; internally consistent with linked records,9.1 The defence that exposed four incompatible records; 9.2 Lock the current authority map before freezing the record
FULL-CURRENT_SESSION_AUTHORITY_RECORD_FULL,full,CURRENT_SESSION_AUTHORITY_RECORD_FULL.csv,companion/04_TEMPLATES_FULL/CURRENT_SESSION_AUTHORITY_RECORD_FULL.csv,6,source_url,Source url,Official or original source locator. Record a verification date and do not treat the URL alone as proof of currency.,Record the accepted current value and place supporting evidence or authority in the linked field or record.,required unless explicitly and defensibly not applicable; completed records must not leave the field blank,,,may reference restricted administrative objects; store only safe identifiers and segregated locators,absolute official/original URL plus verified_on and status in the same record,9.1 The defence that exposed four incompatible records; 9.2 Lock the current authority map before freezing the record
FULL-CURRENT_SESSION_AUTHORITY_RECORD_FULL,full,CURRENT_SESSION_AUTHORITY_RECORD_FULL.csv,companion/04_TEMPLATES_FULL/CURRENT_SESSION_AUTHORITY_RECORD_FULL.csv,7,revision_or_date,Revision or date,ISO 8601 date associated with revision or date.,Record the accepted current value and place supporting evidence or authority in the linked field or record.,required unless explicitly and defensibly not applicable; completed records must not leave the field blank,,,may reference restricted administrative objects; store only safe identifiers and segregated locators,ISO 8601 date (YYYY-MM-DD),9.1 The defence that exposed four incompatible records; 9.2 Lock the current authority map before freezing the record
FULL-CURRENT_SESSION_AUTHORITY_RECORD_FULL,full,CURRENT_SESSION_AUTHORITY_RECORD_FULL.csv,companion/04_TEMPLATES_FULL/CURRENT_SESSION_AUTHORITY_RECORD_FULL.csv,8,verified_on,Verified on,ISO 8601 date associated with verified on.,Record the accepted current value and place supporting evidence or authority in the linked field or record.,required unless explicitly and defensibly not applicable; completed records must not leave the field blank,,,may reference restricted administrative objects; store only safe identifiers and segregated locators,ISO 8601 date (YYYY-MM-DD),9.1 The defence that exposed four incompatible records; 9.2 Lock the current authority map before freezing the record
FULL-CURRENT_SESSION_AUTHORITY_RECORD_FULL,full,CURRENT_SESSION_AUTHORITY_RECORD_FULL.csv,companion/04_TEMPLATES_FULL/CURRENT_SESSION_AUTHORITY_RECORD_FULL.csv,9,operational_value,Operational value,Record operational value in sufficiently precise terms for a competent reviewer to reconstruct and challenge the decision.,Record the accepted current value and place supporting evidence or authority in the linked field or record.,required unless explicitly and defensibly not applicable; completed records must not leave the field blank,,,may reference restricted administrative objects; store only safe identifiers and segregated locators,non-empty when required; internally consistent with linked records,9.1 The defence that exposed four incompatible records; 9.2 Lock the current authority map before freezing the record
FULL-CURRENT_SESSION_AUTHORITY_RECORD_FULL,full,CURRENT_SESSION_AUTHORITY_RECORD_FULL.csv,companion/04_TEMPLATES_FULL/CURRENT_SESSION_AUTHORITY_RECORD_FULL.csv,10,status,status,Current lifecycle or decision status. Use the controlled vocabulary declared for the record.,Record the accepted current value and place supporting evidence or authority in the linked field or record.,required unless explicitly and defensibly not applicable; completed records must not leave the field blank,source_status,current; pending verification; conflict; superseded; broken link,may reference restricted administrative objects; store only safe identifiers and segregated locators,use one exact value from controlled vocabulary: source_status,9.1 The defence that exposed four incompatible records; 9.2 Lock the current authority map before freezing the record
FULL-CURRENT_SESSION_AUTHORITY_RECORD_FULL,full,CURRENT_SESSION_AUTHORITY_RECORD_FULL.csv,companion/04_TEMPLATES_FULL/CURRENT_SESSION_AUTHORITY_RECORD_FULL.csv,11,conflict,conflict,"Specific discrepancy between sources, versions, authorities or operational values.",Record the accepted current value and place supporting evidence or authority in the linked field or record.,required unless explicitly and defensibly not applicable; completed records must not leave the field blank,,,may reference restricted administrative objects; store only safe identifiers and segregated locators,non-empty when required; internally consistent with linked records,9.1 The defence that exposed four incompatible records; 9.2 Lock the current authority map before freezing the record
FULL-CURRENT_SESSION_AUTHORITY_RECORD_FULL,full,CURRENT_SESSION_AUTHORITY_RECORD_FULL.csv,companion/04_TEMPLATES_FULL/CURRENT_SESSION_AUTHORITY_RECORD_FULL.csv,12,clarification_owner,Clarification owner,Named role responsible for obtaining competent written clarification.,Record the accepted current value and place supporting evidence or authority in the linked field or record.,required unless explicitly and defensibly not applicable; completed records must not leave the field blank,,,may reference restricted administrative objects; store only safe identifiers and segregated locators,non-empty when required; internally consistent with linked records,9.1 The defence that exposed four incompatible records; 9.2 Lock the current authority map before freezing the record
FULL-CURRENT_SESSION_AUTHORITY_RECORD_FULL,full,CURRENT_SESSION_AUTHORITY_RECORD_FULL.csv,companion/04_TEMPLATES_FULL/CURRENT_SESSION_AUTHORITY_RECORD_FULL.csv,13,retained_evidence,Retained evidence,"Named, retrievable evidence relevant to retained evidence; use a safe locator rather than confidential payload.",Record the accepted current value and place supporting evidence or authority in the linked field or record.,required unless explicitly and defensibly not applicable; completed records must not leave the field blank,,,may reference restricted administrative objects; store only safe identifiers and segregated locators,non-empty when required; internally consistent with linked records,9.1 The defence that exposed four incompatible records; 9.2 Lock the current authority map before freezing the record
FULL-CURRENT_SESSION_AUTHORITY_RECORD_FULL,full,CURRENT_SESSION_AUTHORITY_RECORD_FULL.csv,companion/04_TEMPLATES_FULL/CURRENT_SESSION_AUTHORITY_RECORD_FULL.csv,14,next_check,Next check,Date or trigger for re-verifying a volatile source or decision.,Record the accepted current value and place supporting evidence or authority in the linked field or record.,required unless explicitly and defensibly not applicable; completed records must not leave the field blank,,,may reference restricted administrative objects; store only safe identifiers and segregated locators,non-empty when required; internally consistent with linked records,9.1 The defence that exposed four incompatible records; 9.2 Lock the current authority map before freezing the record
FULL-DECIDE_RECORD_FULL,full,DECIDE_RECORD_FULL.csv,companion/04_TEMPLATES_FULL/DECIDE_RECORD_FULL.csv,1,Decision identifier,Decision identifier,Stable ID.,Record the accepted current value and place supporting evidence or authority in the linked field or record.,required unless explicitly and defensibly not applicable; completed records must not leave the field blank,,,"controlled project metadata; no credentials, direct identifiers or confidential payloads",non-empty when required; internally consistent with linked records,4.1 Three polished plans that are not yet defensible; 4.2 Treat design as a versioned argument; 4.3 Use DECIDE to turn evidence into a conditional commitment
FULL-DECIDE_RECORD_FULL,full,DECIDE_RECORD_FULL.csv,companion/04_TEMPLATES_FULL/DECIDE_RECORD_FULL.csv,2,Define,Define,State the decision in one sentence.,Record the accepted current value and place supporting evidence or authority in the linked field or record.,required unless explicitly and defensibly not applicable; completed records must not leave the field blank,,,"controlled project metadata; no credentials, direct identifiers or confidential payloads",non-empty when required; internally consistent with linked records,4.1 Three polished plans that are not yet defensible; 4.2 Treat design as a versioned argument; 4.3 Use DECIDE to turn evidence into a conditional commitment
FULL-DECIDE_RECORD_FULL,full,DECIDE_RECORD_FULL.csv,companion/04_TEMPLATES_FULL/DECIDE_RECORD_FULL.csv,3,Establish,Establish,Evidence and authority boundary.,Record the accepted current value and place supporting evidence or authority in the linked field or record.,required unless explicitly and defensibly not applicable; completed records must not leave the field blank,,,"controlled project metadata; no credentials, direct identifiers or confidential payloads",non-empty when required; internally consistent with linked records,4.1 Three polished plans that are not yet defensible; 4.2 Treat design as a versioned argument; 4.3 Use DECIDE to turn evidence into a conditional commitment
FULL-DECIDE_RECORD_FULL,full,DECIDE_RECORD_FULL.csv,companion/04_TEMPLATES_FULL/DECIDE_RECORD_FULL.csv,4,Construct,Construct,"Credible alternatives, including a simpler option.",Record the accepted current value and place supporting evidence or authority in the linked field or record.,required unless explicitly and defensibly not applicable; completed records must not leave the field blank,,,"controlled project metadata; no credentials, direct identifiers or confidential payloads",non-empty when required; internally consistent with linked records,4.1 Three polished plans that are not yet defensible; 4.2 Treat design as a versioned argument; 4.3 Use DECIDE to turn evidence into a conditional commitment
FULL-DECIDE_RECORD_FULL,full,DECIDE_RECORD_FULL.csv,companion/04_TEMPLATES_FULL/DECIDE_RECORD_FULL.csv,5,Inspect,Inspect,"Assumptions, risks, adverse consequences and reversibility.",Record the accepted current value and place supporting evidence or authority in the linked field or record.,required unless explicitly and defensibly not applicable; completed records must not leave the field blank,,,"controlled project metadata; no credentials, direct identifiers or confidential payloads",non-empty when required; internally consistent with linked records,4.1 Three polished plans that are not yet defensible; 4.2 Treat design as a versioned argument; 4.3 Use DECIDE to turn evidence into a conditional commitment
FULL-DECIDE_RECORD_FULL,full,DECIDE_RECORD_FULL.csv,companion/04_TEMPLATES_FULL/DECIDE_RECORD_FULL.csv,6,Decide conditionally,Decide conditionally,Selected alternative and trade-off.,Record the accepted current value and place supporting evidence or authority in the linked field or record.,required unless explicitly and defensibly not applicable; completed records must not leave the field blank,,,"controlled project metadata; no credentials, direct identifiers or confidential payloads",non-empty when required; internally consistent with linked records,4.1 Three polished plans that are not yet defensible; 4.2 Treat design as a versioned argument; 4.3 Use DECIDE to turn evidence into a conditional commitment
FULL-DECIDE_RECORD_FULL,full,DECIDE_RECORD_FULL.csv,companion/04_TEMPLATES_FULL/DECIDE_RECORD_FULL.csv,7,Evaluate early,Evaluate early,Test and acceptance criterion.,Record the accepted current value and place supporting evidence or authority in the linked field or record.,required unless explicitly and defensibly not applicable; completed records must not leave the field blank,,,"controlled project metadata; no credentials, direct identifiers or confidential payloads",non-empty when required; internally consistent with linked records,4.1 Three polished plans that are not yet defensible; 4.2 Treat design as a versioned argument; 4.3 Use DECIDE to turn evidence into a conditional commitment
FULL-DECIDE_RECORD_FULL,full,DECIDE_RECORD_FULL.csv,companion/04_TEMPLATES_FULL/DECIDE_RECORD_FULL.csv,8,Reopening trigger,Reopening trigger,Result that invalidates or narrows the decision.,Record the accepted current value and place supporting evidence or authority in the linked field or record.,required unless explicitly and defensibly not applicable; completed records must not leave the field blank,,,"controlled project metadata; no credentials, direct identifiers or confidential payloads",non-empty when required; internally consistent with linked records,4.1 Three polished plans that are not yet defensible; 4.2 Treat design as a versioned argument; 4.3 Use DECIDE to turn evidence into a conditional commitment
FULL-DECIDE_RECORD_FULL,full,DECIDE_RECORD_FULL.csv,companion/04_TEMPLATES_FULL/DECIDE_RECORD_FULL.csv,9,Affected objects,Affected objects,"Plan, method, data, evaluation, claim and records.",Record the accepted current value and place supporting evidence or authority in the linked field or record.,required unless explicitly and defensibly not applicable; completed records must not leave the field blank,,,"controlled project metadata; no credentials, direct identifiers or confidential payloads",non-empty when required; internally consistent with linked records,4.1 Three polished plans that are not yet defensible; 4.2 Treat design as a versioned argument; 4.3 Use DECIDE to turn evidence into a conditional commitment
FULL-DECIDE_RECORD_FULL,full,DECIDE_RECORD_FULL.csv,companion/04_TEMPLATES_FULL/DECIDE_RECORD_FULL.csv,10,Owner,Owner,Responsible student.,Record the accepted current value and place supporting evidence or authority in the linked field or record.,required unless explicitly and defensibly not applicable; completed records must not leave the field blank,,,"controlled project metadata; no credentials, direct identifiers or confidential payloads",non-empty when required; internally consistent with linked records,4.1 Three polished plans that are not yet defensible; 4.2 Treat design as a versioned argument; 4.3 Use DECIDE to turn evidence into a conditional commitment
FULL-DECIDE_RECORD_FULL,full,DECIDE_RECORD_FULL.csv,companion/04_TEMPLATES_FULL/DECIDE_RECORD_FULL.csv,11,Reviewer or authority,Reviewer or authority,Role and decision.,Record the accepted current value and place supporting evidence or authority in the linked field or record.,required unless explicitly and defensibly not applicable; completed records must not leave the field blank,,,"controlled project metadata; no credentials, direct identifiers or confidential payloads",non-empty when required; internally consistent with linked records,4.1 Three polished plans that are not yet defensible; 4.2 Treat design as a versioned argument; 4.3 Use DECIDE to turn evidence into a conditional commitment
FULL-DECIDE_RECORD_FULL,full,DECIDE_RECORD_FULL.csv,companion/04_TEMPLATES_FULL/DECIDE_RECORD_FULL.csv,12,"Date, version and status","Date, version and status",Lifecycle record.,Record the accepted current value and place supporting evidence or authority in the linked field or record.,required unless explicitly and defensibly not applicable; completed records must not leave the field blank,,,"controlled project metadata; no credentials, direct identifiers or confidential payloads",explicit version or dated revision; no ambiguous labels such as final-final,4.1 Three polished plans that are not yet defensible; 4.2 Treat design as a versioned argument; 4.3 Use DECIDE to turn evidence into a conditional commitment
FULL-DEFENCE_QUESTION_MATRIX_FULL,full,DEFENCE_QUESTION_MATRIX_FULL.csv,companion/04_TEMPLATES_FULL/DEFENCE_QUESTION_MATRIX_FULL.csv,1,question_id,Question id,Stable identifier for one defence or review question.,Record the accepted current value and place supporting evidence or authority in the linked field or record.,required unless explicitly and defensibly not applicable; completed records must not leave the field blank,,,may reference restricted administrative objects; store only safe identifiers and segregated locators,non-empty stable identifier; unique within the project namespace,"9.6 Answer from evidence, boundary and consequence"
FULL-DEFENCE_QUESTION_MATRIX_FULL,full,DEFENCE_QUESTION_MATRIX_FULL.csv,companion/04_TEMPLATES_FULL/DEFENCE_QUESTION_MATRIX_FULL.csv,2,question_family,Question family,Exact question represented by question family.,Record the accepted current value and place supporting evidence or authority in the linked field or record.,required unless explicitly and defensibly not applicable; completed records must not leave the field blank,,,may reference restricted administrative objects; store only safe identifiers and segregated locators,non-empty when required; internally consistent with linked records,"9.6 Answer from evidence, boundary and consequence"
FULL-DEFENCE_QUESTION_MATRIX_FULL,full,DEFENCE_QUESTION_MATRIX_FULL.csv,companion/04_TEMPLATES_FULL/DEFENCE_QUESTION_MATRIX_FULL.csv,3,hostile_question,Hostile question,"Realistic adversarial question that tests evidence, reasoning, uncertainty, authority or ownership.",Record the accepted current value and place supporting evidence or authority in the linked field or record.,required unless explicitly and defensibly not applicable; completed records must not leave the field blank,,,may reference restricted administrative objects; store only safe identifiers and segregated locators,non-empty when required; internally consistent with linked records,"9.6 Answer from evidence, boundary and consequence"
FULL-DEFENCE_QUESTION_MATRIX_FULL,full,DEFENCE_QUESTION_MATRIX_FULL.csv,companion/04_TEMPLATES_FULL/DEFENCE_QUESTION_MATRIX_FULL.csv,4,claim_at_issue,Claim at issue,Exact bounded claim or claim-related role represented by claim at issue.,Record the accepted current value and place supporting evidence or authority in the linked field or record.,required unless explicitly and defensibly not applicable; completed records must not leave the field blank,,,may reference restricted administrative objects; store only safe identifiers and segregated locators,non-empty when required; internally consistent with linked records,"9.6 Answer from evidence, boundary and consequence"
FULL-DEFENCE_QUESTION_MATRIX_FULL,full,DEFENCE_QUESTION_MATRIX_FULL.csv,companion/04_TEMPLATES_FULL/DEFENCE_QUESTION_MATRIX_FULL.csv,5,direct_answer,Direct answer,Concise answer that addresses the question before explanation and does not exceed the accepted claim.,Record the accepted current value and place supporting evidence or authority in the linked field or record.,required unless explicitly and defensibly not applicable; completed records must not leave the field blank,,,may reference restricted administrative objects; store only safe identifiers and segregated locators,non-empty when required; internally consistent with linked records,"9.6 Answer from evidence, boundary and consequence"
FULL-DEFENCE_QUESTION_MATRIX_FULL,full,DEFENCE_QUESTION_MATRIX_FULL.csv,companion/04_TEMPLATES_FULL/DEFENCE_QUESTION_MATRIX_FULL.csv,6,evidence_anchor,Evidence anchor,"Named, retrievable evidence relevant to evidence anchor; use a safe locator rather than confidential payload.",Record the accepted current value and place supporting evidence or authority in the linked field or record.,required unless explicitly and defensibly not applicable; completed records must not leave the field blank,,,may reference restricted administrative objects; store only safe identifiers and segregated locators,non-empty when required; internally consistent with linked records,"9.6 Answer from evidence, boundary and consequence"
FULL-DEFENCE_QUESTION_MATRIX_FULL,full,DEFENCE_QUESTION_MATRIX_FULL.csv,companion/04_TEMPLATES_FULL/DEFENCE_QUESTION_MATRIX_FULL.csv,7,inferential_link,Inferential link,Record inferential link in sufficiently precise terms for a competent reviewer to reconstruct and challenge the decision.,Record the accepted current value and place supporting evidence or authority in the linked field or record.,required unless explicitly and defensibly not applicable; completed records must not leave the field blank,,,may reference restricted administrative objects; store only safe identifiers and segregated locators,non-empty when required; internally consistent with linked records,"9.6 Answer from evidence, boundary and consequence"
FULL-DEFENCE_QUESTION_MATRIX_FULL,full,DEFENCE_QUESTION_MATRIX_FULL.csv,companion/04_TEMPLATES_FULL/DEFENCE_QUESTION_MATRIX_FULL.csv,8,uncertainty,uncertainty,"Statistical, numerical, measurement, interpretive, model or transfer uncertainty relevant to the decision.",Record the accepted current value and place supporting evidence or authority in the linked field or record.,required unless explicitly and defensibly not applicable; completed records must not leave the field blank,,,may reference restricted administrative objects; store only safe identifiers and segregated locators,non-empty when required; internally consistent with linked records,"9.6 Answer from evidence, boundary and consequence"
FULL-DEFENCE_QUESTION_MATRIX_FULL,full,DEFENCE_QUESTION_MATRIX_FULL.csv,companion/04_TEMPLATES_FULL/DEFENCE_QUESTION_MATRIX_FULL.csv,9,limitation,limitation,"Condition that materially restricts interpretation, transfer or use of the finding.",Record the accepted current value and place supporting evidence or authority in the linked field or record.,required unless explicitly and defensibly not applicable; completed records must not leave the field blank,,,may reference restricted administrative objects; store only safe identifiers and segregated locators,non-empty when required; internally consistent with linked records,"9.6 Answer from evidence, boundary and consequence"
FULL-DEFENCE_QUESTION_MATRIX_FULL,full,DEFENCE_QUESTION_MATRIX_FULL.csv,companion/04_TEMPLATES_FULL/DEFENCE_QUESTION_MATRIX_FULL.csv,10,what_does_not_follow,What does not follow,Record what does not follow in sufficiently precise terms for a competent reviewer to reconstruct and challenge the decision.,Record the accepted current value and place supporting evidence or authority in the linked field or record.,required unless explicitly and defensibly not applicable; completed records must not leave the field blank,,,may reference restricted administrative objects; store only safe identifiers and segregated locators,non-empty when required; internally consistent with linked records,"9.6 Answer from evidence, boundary and consequence"
FULL-DEFENCE_QUESTION_MATRIX_FULL,full,DEFENCE_QUESTION_MATRIX_FULL.csv,companion/04_TEMPLATES_FULL/DEFENCE_QUESTION_MATRIX_FULL.csv,11,follow_up,Follow up,Record follow up in sufficiently precise terms for a competent reviewer to reconstruct and challenge the decision.,Record the accepted current value and place supporting evidence or authority in the linked field or record.,required unless explicitly and defensibly not applicable; completed records must not leave the field blank,,,may reference restricted administrative objects; store only safe identifiers and segregated locators,non-empty when required; internally consistent with linked records,"9.6 Answer from evidence, boundary and consequence"
FULL-DEFENCE_QUESTION_MATRIX_FULL,full,DEFENCE_QUESTION_MATRIX_FULL.csv,companion/04_TEMPLATES_FULL/DEFENCE_QUESTION_MATRIX_FULL.csv,12,reviewer,reviewer,Named person or competent role that inspected the current version.,Record the accepted current value and place supporting evidence or authority in the linked field or record.,required unless explicitly and defensibly not applicable; completed records must not leave the field blank,,,may reference restricted administrative objects; store only safe identifiers and segregated locators,non-empty when required; internally consistent with linked records,"9.6 Answer from evidence, boundary and consequence"
FULL-DEFENCE_QUESTION_MATRIX_FULL,full,DEFENCE_QUESTION_MATRIX_FULL.csv,companion/04_TEMPLATES_FULL/DEFENCE_QUESTION_MATRIX_FULL.csv,13,rehearsal_status,Rehearsal status,"State of independent rehearsal and unresolved defect, not a prediction of examination outcome.",Record the accepted current value and place supporting evidence or authority in the linked field or record.,required unless explicitly and defensibly not applicable; completed records must not leave the field blank,lifecycle_status,draft; candidate; reviewed; accepted locally; superseded; withdrawn,may reference restricted administrative objects; store only safe identifiers and segregated locators,use one exact value from controlled vocabulary: lifecycle_status,"9.6 Answer from evidence, boundary and consequence"
FULL-DEFENCE_READINESS_RECORD_FULL,full,DEFENCE_READINESS_RECORD_FULL.csv,companion/04_TEMPLATES_FULL/DEFENCE_READINESS_RECORD_FULL.csv,1,Scientific record version,Scientific record version,Exact ID and hash.,Record the accepted current value and place supporting evidence or authority in the linked field or record.,required unless explicitly and defensibly not applicable; completed records must not leave the field blank,,,may reference restricted administrative objects; store only safe identifiers and segregated locators,explicit version or dated revision; no ambiguous labels such as final-final,9.8 Complete the Defence Readiness Dossier and pass its Gate
FULL-DEFENCE_READINESS_RECORD_FULL,full,DEFENCE_READINESS_RECORD_FULL.csv,companion/04_TEMPLATES_FULL/DEFENCE_READINESS_RECORD_FULL.csv,2,Institutional package version,Institutional package version,Exact ID and manifest.,Record the accepted current value and place supporting evidence or authority in the linked field or record.,required unless explicitly and defensibly not applicable; completed records must not leave the field blank,,,may reference restricted administrative objects; store only safe identifiers and segregated locators,explicit version or dated revision; no ambiguous labels such as final-final,9.8 Complete the Defence Readiness Dossier and pass its Gate
FULL-DEFENCE_READINESS_RECORD_FULL,full,DEFENCE_READINESS_RECORD_FULL.csv,companion/04_TEMPLATES_FULL/DEFENCE_READINESS_RECORD_FULL.csv,3,Private defence evidence set,Private defence evidence set,Restricted inventory.,Record the accepted current value and place supporting evidence or authority in the linked field or record.,required unless explicitly and defensibly not applicable; completed records must not leave the field blank,,,may reference restricted administrative objects; store only safe identifiers and segregated locators,non-empty when required; internally consistent with linked records,9.8 Complete the Defence Readiness Dossier and pass its Gate
FULL-DEFENCE_READINESS_RECORD_FULL,full,DEFENCE_READINESS_RECORD_FULL.csv,companion/04_TEMPLATES_FULL/DEFENCE_READINESS_RECORD_FULL.csv,4,Public-release candidate,Public-release candidate,Unpublished status and exclusions.,Record the accepted current value and place supporting evidence or authority in the linked field or record.,required unless explicitly and defensibly not applicable; completed records must not leave the field blank,,,may reference restricted administrative objects; store only safe identifiers and segregated locators,non-empty when required; internally consistent with linked records,9.8 Complete the Defence Readiness Dossier and pass its Gate
FULL-DEFENCE_READINESS_RECORD_FULL,full,DEFENCE_READINESS_RECORD_FULL.csv,companion/04_TEMPLATES_FULL/DEFENCE_READINESS_RECORD_FULL.csv,5,Presentation version,Presentation version,Exact ID and hash.,Record the accepted current value and place supporting evidence or authority in the linked field or record.,required unless explicitly and defensibly not applicable; completed records must not leave the field blank,,,may reference restricted administrative objects; store only safe identifiers and segregated locators,explicit version or dated revision; no ambiguous labels such as final-final,9.8 Complete the Defence Readiness Dossier and pass its Gate
FULL-DEFENCE_READINESS_RECORD_FULL,full,DEFENCE_READINESS_RECORD_FULL.csv,companion/04_TEMPLATES_FULL/DEFENCE_READINESS_RECORD_FULL.csv,6,Demonstration runbook,Demonstration runbook,Accepted release and fallback.,Record the accepted current value and place supporting evidence or authority in the linked field or record.,required unless explicitly and defensibly not applicable; completed records must not leave the field blank,,,may reference restricted administrative objects; store only safe identifiers and segregated locators,non-empty when required; internally consistent with linked records,9.8 Complete the Defence Readiness Dossier and pass its Gate
FULL-DEFENCE_READINESS_RECORD_FULL,full,DEFENCE_READINESS_RECORD_FULL.csv,companion/04_TEMPLATES_FULL/DEFENCE_READINESS_RECORD_FULL.csv,7,Independent rehearsal,Independent rehearsal,Reviewer and unseen questions.,Record the accepted current value and place supporting evidence or authority in the linked field or record.,required unless explicitly and defensibly not applicable; completed records must not leave the field blank,,,may reference restricted administrative objects; store only safe identifiers and segregated locators,non-empty when required; internally consistent with linked records,9.8 Complete the Defence Readiness Dossier and pass its Gate
FULL-DEFENCE_READINESS_RECORD_FULL,full,DEFENCE_READINESS_RECORD_FULL.csv,companion/04_TEMPLATES_FULL/DEFENCE_READINESS_RECORD_FULL.csv,8,Evidence retrieval test,Evidence retrieval test,Time and result.,Record the accepted current value and place supporting evidence or authority in the linked field or record.,required unless explicitly and defensibly not applicable; completed records must not leave the field blank,,,may reference restricted administrative objects; store only safe identifiers and segregated locators,non-empty when required; internally consistent with linked records,9.8 Complete the Defence Readiness Dossier and pass its Gate
FULL-DEFENCE_READINESS_RECORD_FULL,full,DEFENCE_READINESS_RECORD_FULL.csv,companion/04_TEMPLATES_FULL/DEFENCE_READINESS_RECORD_FULL.csv,9,Hostile-question outcome,Hostile-question outcome,Bounded answers and unresolved items.,Record the accepted current value and place supporting evidence or authority in the linked field or record.,required unless explicitly and defensibly not applicable; completed records must not leave the field blank,,,may reference restricted administrative objects; store only safe identifiers and segregated locators,non-empty when required; internally consistent with linked records,9.8 Complete the Defence Readiness Dossier and pass its Gate
FULL-DEFENCE_READINESS_RECORD_FULL,full,DEFENCE_READINESS_RECORD_FULL.csv,companion/04_TEMPLATES_FULL/DEFENCE_READINESS_RECORD_FULL.csv,10,AI disclosure and oral ownership,AI disclosure and oral ownership,Status.,Record the accepted current value and place supporting evidence or authority in the linked field or record.,required unless explicitly and defensibly not applicable; completed records must not leave the field blank,,,may reference restricted administrative objects; store only safe identifiers and segregated locators,non-empty when required; internally consistent with linked records,9.8 Complete the Defence Readiness Dossier and pass its Gate
FULL-DEFENCE_READINESS_RECORD_FULL,full,DEFENCE_READINESS_RECORD_FULL.csv,companion/04_TEMPLATES_FULL/DEFENCE_READINESS_RECORD_FULL.csv,11,"Rights, privacy and authority","Rights, privacy and authority",Current status.,Record the accepted current value and place supporting evidence or authority in the linked field or record.,required unless explicitly and defensibly not applicable; completed records must not leave the field blank,,,may reference restricted administrative objects; store only safe identifiers and segregated locators,non-empty when required; internally consistent with linked records,9.8 Complete the Defence Readiness Dossier and pass its Gate
FULL-DEFENCE_READINESS_RECORD_FULL,full,DEFENCE_READINESS_RECORD_FULL.csv,companion/04_TEMPLATES_FULL/DEFENCE_READINESS_RECORD_FULL.csv,12,Gate decision,Gate decision,"Pass, conditional pass, repair, return, await authority or stop.",Record the accepted current value and place supporting evidence or authority in the linked field or record.,required unless explicitly and defensibly not applicable; completed records must not leave the field blank,gate_decision,pass; pass with conditions; repair; return; await authority; stop,may reference restricted administrative objects; store only safe identifiers and segregated locators,use one exact value from controlled vocabulary: gate_decision,9.8 Complete the Defence Readiness Dossier and pass its Gate
FULL-DEFENCE_READINESS_RECORD_FULL,full,DEFENCE_READINESS_RECORD_FULL.csv,companion/04_TEMPLATES_FULL/DEFENCE_READINESS_RECORD_FULL.csv,13,"Next action, reviewer, date and version","Next action, reviewer, date and version",Lifecycle record.,Record the accepted current value and place supporting evidence or authority in the linked field or record.,required unless explicitly and defensibly not applicable; completed records must not leave the field blank,,,may reference restricted administrative objects; store only safe identifiers and segregated locators,explicit version or dated revision; no ambiguous labels such as final-final,9.8 Complete the Defence Readiness Dossier and pass its Gate
FULL-DEMONSTRATION_RUNBOOK_FULL,full,DEMONSTRATION_RUNBOOK_FULL.csv,companion/04_TEMPLATES_FULL/DEMONSTRATION_RUNBOOK_FULL.csv,1,step,step,Record step in sufficiently precise terms for a competent reviewer to reconstruct and challenge the decision.,Record the accepted current value and place supporting evidence or authority in the linked field or record.,required unless explicitly and defensibly not applicable; completed records must not leave the field blank,,,"record versions and evidence locators, not secrets, personal data or proprietary payloads",non-empty when required; internally consistent with linked records,"9.4 Demonstrate an evidence path, not a product tour"
FULL-DEMONSTRATION_RUNBOOK_FULL,full,DEMONSTRATION_RUNBOOK_FULL.csv,companion/04_TEMPLATES_FULL/DEMONSTRATION_RUNBOOK_FULL.csv,2,route,route,One of the eight locked inquiry routes or an explicitly justified hybrid component.,Record the accepted current value and place supporting evidence or authority in the linked field or record.,required unless explicitly and defensibly not applicable; completed records must not leave the field blank,route,build-and-evaluate; algorithmic or simulation study; predictive or machine-learning study; quantitative empirical study; qualitative inquiry; case study; formal evidence synthesis; hybrid route,"record versions and evidence locators, not secrets, personal data or proprietary payloads",use one exact value from controlled vocabulary: route,"9.4 Demonstrate an evidence path, not a product tour"
FULL-DEMONSTRATION_RUNBOOK_FULL,full,DEMONSTRATION_RUNBOOK_FULL.csv,companion/04_TEMPLATES_FULL/DEMONSTRATION_RUNBOOK_FULL.csv,3,purpose,purpose,Record purpose in sufficiently precise terms for a competent reviewer to reconstruct and challenge the decision.,Record the accepted current value and place supporting evidence or authority in the linked field or record.,required unless explicitly and defensibly not applicable; completed records must not leave the field blank,,,"record versions and evidence locators, not secrets, personal data or proprietary payloads",non-empty when required; internally consistent with linked records,"9.4 Demonstrate an evidence path, not a product tour"
FULL-DEMONSTRATION_RUNBOOK_FULL,full,DEMONSTRATION_RUNBOOK_FULL.csv,companion/04_TEMPLATES_FULL/DEMONSTRATION_RUNBOOK_FULL.csv,4,claim_served,Claim served,Exact bounded claim or claim-related role represented by claim served.,Record the accepted current value and place supporting evidence or authority in the linked field or record.,required unless explicitly and defensibly not applicable; completed records must not leave the field blank,,,"record versions and evidence locators, not secrets, personal data or proprietary payloads",non-empty when required; internally consistent with linked records,"9.4 Demonstrate an evidence path, not a product tour"
FULL-DEMONSTRATION_RUNBOOK_FULL,full,DEMONSTRATION_RUNBOOK_FULL.csv,companion/04_TEMPLATES_FULL/DEMONSTRATION_RUNBOOK_FULL.csv,5,release_or_state,Release or state,Record release or state in sufficiently precise terms for a competent reviewer to reconstruct and challenge the decision.,Record the accepted current value and place supporting evidence or authority in the linked field or record.,required unless explicitly and defensibly not applicable; completed records must not leave the field blank,,,"record versions and evidence locators, not secrets, personal data or proprietary payloads",non-empty when required; internally consistent with linked records,"9.4 Demonstrate an evidence path, not a product tour"
FULL-DEMONSTRATION_RUNBOOK_FULL,full,DEMONSTRATION_RUNBOOK_FULL.csv,companion/04_TEMPLATES_FULL/DEMONSTRATION_RUNBOOK_FULL.csv,6,environment,environment,Record environment in sufficiently precise terms for a competent reviewer to reconstruct and challenge the decision.,Record the accepted current value and place supporting evidence or authority in the linked field or record.,required unless explicitly and defensibly not applicable; completed records must not leave the field blank,,,"record versions and evidence locators, not secrets, personal data or proprietary payloads",non-empty when required; internally consistent with linked records,"9.4 Demonstrate an evidence path, not a product tour"
FULL-DEMONSTRATION_RUNBOOK_FULL,full,DEMONSTRATION_RUNBOOK_FULL.csv,companion/04_TEMPLATES_FULL/DEMONSTRATION_RUNBOOK_FULL.csv,7,action,action,"Specific, owned and testable action for action.",Record the accepted current value and place supporting evidence or authority in the linked field or record.,required unless explicitly and defensibly not applicable; completed records must not leave the field blank,,,"record versions and evidence locators, not secrets, personal data or proprietary payloads",non-empty when required; internally consistent with linked records,"9.4 Demonstrate an evidence path, not a product tour"
FULL-DEMONSTRATION_RUNBOOK_FULL,full,DEMONSTRATION_RUNBOOK_FULL.csv,companion/04_TEMPLATES_FULL/DEMONSTRATION_RUNBOOK_FULL.csv,8,expected_evidence,Expected evidence,Evidence object that should be produced if the step behaves as designed.,Record the accepted current value and place supporting evidence or authority in the linked field or record.,required unless explicitly and defensibly not applicable; completed records must not leave the field blank,,,"record versions and evidence locators, not secrets, personal data or proprietary payloads",non-empty when required; internally consistent with linked records,"9.4 Demonstrate an evidence path, not a product tour"
FULL-DEMONSTRATION_RUNBOOK_FULL,full,DEMONSTRATION_RUNBOOK_FULL.csv,companion/04_TEMPLATES_FULL/DEMONSTRATION_RUNBOOK_FULL.csv,9,failure_case,Failure case,Known or rehearsed condition in which the primary path fails or the claim boundary is tested.,Record the accepted current value and place supporting evidence or authority in the linked field or record.,required unless explicitly and defensibly not applicable; completed records must not leave the field blank,,,"record versions and evidence locators, not secrets, personal data or proprietary payloads",non-empty when required; internally consistent with linked records,"9.4 Demonstrate an evidence path, not a product tour"
FULL-DEMONSTRATION_RUNBOOK_FULL,full,DEMONSTRATION_RUNBOOK_FULL.csv,companion/04_TEMPLATES_FULL/DEMONSTRATION_RUNBOOK_FULL.csv,10,secondary_path,Secondary path,Record secondary path in sufficiently precise terms for a competent reviewer to reconstruct and challenge the decision.,Record the accepted current value and place supporting evidence or authority in the linked field or record.,conditional; in completed records use “not applicable — reason” rather than a blank cell,,,"record versions and evidence locators, not secrets, personal data or proprietary payloads",non-empty when required; internally consistent with linked records,"9.4 Demonstrate an evidence path, not a product tour"
FULL-DEMONSTRATION_RUNBOOK_FULL,full,DEMONSTRATION_RUNBOOK_FULL.csv,companion/04_TEMPLATES_FULL/DEMONSTRATION_RUNBOOK_FULL.csv,11,fallback,fallback,Safe secondary path using the same accepted release and scientific claim boundary.,Record the accepted current value and place supporting evidence or authority in the linked field or record.,required unless explicitly and defensibly not applicable; completed records must not leave the field blank,,,"record versions and evidence locators, not secrets, personal data or proprietary payloads",non-empty when required; internally consistent with linked records,"9.4 Demonstrate an evidence path, not a product tour"
FULL-DEMONSTRATION_RUNBOOK_FULL,full,DEMONSTRATION_RUNBOOK_FULL.csv,companion/04_TEMPLATES_FULL/DEMONSTRATION_RUNBOOK_FULL.csv,12,reset_or_stop_rule,Reset or stop rule,"Condition for safe reset, containment or termination of the demonstration or work unit.",Record the accepted current value and place supporting evidence or authority in the linked field or record.,required unless explicitly and defensibly not applicable; completed records must not leave the field blank,,,"record versions and evidence locators, not secrets, personal data or proprietary payloads",non-empty when required; internally consistent with linked records,"9.4 Demonstrate an evidence path, not a product tour"
FULL-DEMONSTRATION_RUNBOOK_FULL,full,DEMONSTRATION_RUNBOOK_FULL.csv,companion/04_TEMPLATES_FULL/DEMONSTRATION_RUNBOOK_FULL.csv,13,time_boundary,Time boundary,"Material constraint, uncertainty or boundary associated with time boundary.",Record the accepted current value and place supporting evidence or authority in the linked field or record.,required unless explicitly and defensibly not applicable; completed records must not leave the field blank,,,"record versions and evidence locators, not secrets, personal data or proprietary payloads",non-empty when required; internally consistent with linked records,"9.4 Demonstrate an evidence path, not a product tour"
FULL-DEMONSTRATION_RUNBOOK_FULL,full,DEMONSTRATION_RUNBOOK_FULL.csv,companion/04_TEMPLATES_FULL/DEMONSTRATION_RUNBOOK_FULL.csv,14,owner,owner,Person responsible for the object or next action. Use a role rather than personal contact data when appropriate.,Record the accepted current value and place supporting evidence or authority in the linked field or record.,required unless explicitly and defensibly not applicable; completed records must not leave the field blank,,,"record versions and evidence locators, not secrets, personal data or proprietary payloads",non-empty when required; internally consistent with linked records,"9.4 Demonstrate an evidence path, not a product tour"
FULL-DEMONSTRATION_RUNBOOK_FULL,full,DEMONSTRATION_RUNBOOK_FULL.csv,companion/04_TEMPLATES_FULL/DEMONSTRATION_RUNBOOK_FULL.csv,15,status,status,Current lifecycle or decision status. Use the controlled vocabulary declared for the record.,Record the accepted current value and place supporting evidence or authority in the linked field or record.,required unless explicitly and defensibly not applicable; completed records must not leave the field blank,lifecycle_status,draft; candidate; reviewed; accepted locally; superseded; withdrawn,"record versions and evidence locators, not secrets, personal data or proprietary payloads",use one exact value from controlled vocabulary: lifecycle_status,"9.4 Demonstrate an evidence path, not a product tour"
FULL-EARLY_TEST_RECORD_FULL,full,EARLY_TEST_RECORD_FULL.csv,companion/04_TEMPLATES_FULL/EARLY_TEST_RECORD_FULL.csv,1,Test identifier,Test identifier,Stable ID.,Record the accepted current value and place supporting evidence or authority in the linked field or record.,required unless explicitly and defensibly not applicable; completed records must not leave the field blank,,,"controlled project metadata; no credentials, direct identifiers or confidential payloads",non-empty when required; internally consistent with linked records,4.4 Plan a proportionate software artefact; 4.7 Design evaluation and controlled change before execution
FULL-EARLY_TEST_RECORD_FULL,full,EARLY_TEST_RECORD_FULL.csv,companion/04_TEMPLATES_FULL/EARLY_TEST_RECORD_FULL.csv,2,Commitment tested,Commitment tested,Link to DECIDE.,Record the accepted current value and place supporting evidence or authority in the linked field or record.,required unless explicitly and defensibly not applicable; completed records must not leave the field blank,,,"controlled project metadata; no credentials, direct identifiers or confidential payloads",non-empty when required; internally consistent with linked records,4.4 Plan a proportionate software artefact; 4.7 Design evaluation and controlled change before execution
FULL-EARLY_TEST_RECORD_FULL,full,EARLY_TEST_RECORD_FULL.csv,companion/04_TEMPLATES_FULL/EARLY_TEST_RECORD_FULL.csv,3,Question,Question,What uncertainty is tested.,Record the accepted current value and place supporting evidence or authority in the linked field or record.,required unless explicitly and defensibly not applicable; completed records must not leave the field blank,,,"controlled project metadata; no credentials, direct identifiers or confidential payloads",non-empty when required; internally consistent with linked records,4.4 Plan a proportionate software artefact; 4.7 Design evaluation and controlled change before execution
FULL-EARLY_TEST_RECORD_FULL,full,EARLY_TEST_RECORD_FULL.csv,companion/04_TEMPLATES_FULL/EARLY_TEST_RECORD_FULL.csv,4,Starting state,Starting state,"Version, data and environment.",Record the accepted current value and place supporting evidence or authority in the linked field or record.,required unless explicitly and defensibly not applicable; completed records must not leave the field blank,,,"controlled project metadata; no credentials, direct identifiers or confidential payloads",non-empty when required; internally consistent with linked records,4.4 Plan a proportionate software artefact; 4.7 Design evaluation and controlled change before execution
FULL-EARLY_TEST_RECORD_FULL,full,EARLY_TEST_RECORD_FULL.csv,companion/04_TEMPLATES_FULL/EARLY_TEST_RECORD_FULL.csv,5,Method,Method,Bounded test.,Record the accepted current value and place supporting evidence or authority in the linked field or record.,required unless explicitly and defensibly not applicable; completed records must not leave the field blank,,,"controlled project metadata; no credentials, direct identifiers or confidential payloads",non-empty when required; internally consistent with linked records,4.4 Plan a proportionate software artefact; 4.7 Design evaluation and controlled change before execution
FULL-EARLY_TEST_RECORD_FULL,full,EARLY_TEST_RECORD_FULL.csv,companion/04_TEMPLATES_FULL/EARLY_TEST_RECORD_FULL.csv,6,Authority and safety,Authority and safety,Permissions and containment.,Record the accepted current value and place supporting evidence or authority in the linked field or record.,required unless explicitly and defensibly not applicable; completed records must not leave the field blank,,,"controlled project metadata; no credentials, direct identifiers or confidential payloads",non-empty when required; internally consistent with linked records,4.4 Plan a proportionate software artefact; 4.7 Design evaluation and controlled change before execution
FULL-EARLY_TEST_RECORD_FULL,full,EARLY_TEST_RECORD_FULL.csv,companion/04_TEMPLATES_FULL/EARLY_TEST_RECORD_FULL.csv,7,Acceptance criterion,Acceptance criterion,Declared before test.,Record the accepted current value and place supporting evidence or authority in the linked field or record.,required unless explicitly and defensibly not applicable; completed records must not leave the field blank,,,"controlled project metadata; no credentials, direct identifiers or confidential payloads",non-empty when required; internally consistent with linked records,4.4 Plan a proportionate software artefact; 4.7 Design evaluation and controlled change before execution
FULL-EARLY_TEST_RECORD_FULL,full,EARLY_TEST_RECORD_FULL.csv,companion/04_TEMPLATES_FULL/EARLY_TEST_RECORD_FULL.csv,8,Observed result,Observed result,"Evidence, not inflated conclusion.",Record the accepted current value and place supporting evidence or authority in the linked field or record.,required unless explicitly and defensibly not applicable; completed records must not leave the field blank,,,"controlled project metadata; no credentials, direct identifiers or confidential payloads",non-empty when required; internally consistent with linked records,4.4 Plan a proportionate software artefact; 4.7 Design evaluation and controlled change before execution
FULL-EARLY_TEST_RECORD_FULL,full,EARLY_TEST_RECORD_FULL.csv,companion/04_TEMPLATES_FULL/EARLY_TEST_RECORD_FULL.csv,9,Disposition,Disposition,"Confirm conditionally, repair, invalidate or await authority.",Record the accepted current value and place supporting evidence or authority in the linked field or record.,required unless explicitly and defensibly not applicable; completed records must not leave the field blank,work_disposition,accept locally; repair; repeat; reject; defer; quarantine,"controlled project metadata; no credentials, direct identifiers or confidential payloads",use one exact value from controlled vocabulary: work_disposition,4.4 Plan a proportionate software artefact; 4.7 Design evaluation and controlled change before execution
FULL-EARLY_TEST_RECORD_FULL,full,EARLY_TEST_RECORD_FULL.csv,companion/04_TEMPLATES_FULL/EARLY_TEST_RECORD_FULL.csv,10,Reopening trigger,Reopening trigger,Gate and object.,Record the accepted current value and place supporting evidence or authority in the linked field or record.,required unless explicitly and defensibly not applicable; completed records must not leave the field blank,,,"controlled project metadata; no credentials, direct identifiers or confidential payloads",non-empty when required; internally consistent with linked records,4.4 Plan a proportionate software artefact; 4.7 Design evaluation and controlled change before execution
FULL-EARLY_TEST_RECORD_FULL,full,EARLY_TEST_RECORD_FULL.csv,companion/04_TEMPLATES_FULL/EARLY_TEST_RECORD_FULL.csv,11,Evidence location,Evidence location,Stable path or identifier.,Record the accepted current value and place supporting evidence or authority in the linked field or record.,required unless explicitly and defensibly not applicable; completed records must not leave the field blank,,,"controlled project metadata; no credentials, direct identifiers or confidential payloads",non-empty when required; internally consistent with linked records,4.4 Plan a proportionate software artefact; 4.7 Design evaluation and controlled change before execution
FULL-EARLY_TEST_RECORD_FULL,full,EARLY_TEST_RECORD_FULL.csv,companion/04_TEMPLATES_FULL/EARLY_TEST_RECORD_FULL.csv,12,"Owner, reviewer, date and version","Owner, reviewer, date and version",Lifecycle record.,Record the accepted current value and place supporting evidence or authority in the linked field or record.,required unless explicitly and defensibly not applicable; completed records must not leave the field blank,,,"controlled project metadata; no credentials, direct identifiers or confidential payloads",explicit version or dated revision; no ambiguous labels such as final-final,4.4 Plan a proportionate software artefact; 4.7 Design evaluation and controlled change before execution
FULL-EDITORIAL_REVISION_MAP_FULL,full,EDITORIAL_REVISION_MAP_FULL.csv,companion/04_TEMPLATES_FULL/EDITORIAL_REVISION_MAP_FULL.csv,1,revision_id,Revision id,Stable identifier for revision id. Use a reproducible project naming convention.,Record the accepted current value and place supporting evidence or authority in the linked field or record.,required unless explicitly and defensibly not applicable; completed records must not leave the field blank,,,"controlled project metadata; no credentials, direct identifiers or confidential payloads",non-empty stable identifier; unique within the project namespace,8.1 The polished draft that became a different study; 8.2 Revise at three semantic scales before technical closure
FULL-EDITORIAL_REVISION_MAP_FULL,full,EDITORIAL_REVISION_MAP_FULL.csv,companion/04_TEMPLATES_FULL/EDITORIAL_REVISION_MAP_FULL.csv,2,location,location,Record location in sufficiently precise terms for a competent reviewer to reconstruct and challenge the decision.,Record the accepted current value and place supporting evidence or authority in the linked field or record.,required unless explicitly and defensibly not applicable; completed records must not leave the field blank,,,"controlled project metadata; no credentials, direct identifiers or confidential payloads",non-empty when required; internally consistent with linked records,8.1 The polished draft that became a different study; 8.2 Revise at three semantic scales before technical closure
FULL-EDITORIAL_REVISION_MAP_FULL,full,EDITORIAL_REVISION_MAP_FULL.csv,companion/04_TEMPLATES_FULL/EDITORIAL_REVISION_MAP_FULL.csv,3,semantic_scale,Semantic scale,Record semantic scale in sufficiently precise terms for a competent reviewer to reconstruct and challenge the decision.,Record the accepted current value and place supporting evidence or authority in the linked field or record.,required unless explicitly and defensibly not applicable; completed records must not leave the field blank,,,"controlled project metadata; no credentials, direct identifiers or confidential payloads",non-empty when required; internally consistent with linked records,8.1 The polished draft that became a different study; 8.2 Revise at three semantic scales before technical closure
FULL-EDITORIAL_REVISION_MAP_FULL,full,EDITORIAL_REVISION_MAP_FULL.csv,companion/04_TEMPLATES_FULL/EDITORIAL_REVISION_MAP_FULL.csv,4,defect,defect,Record defect in sufficiently precise terms for a competent reviewer to reconstruct and challenge the decision.,Record the accepted current value and place supporting evidence or authority in the linked field or record.,required unless explicitly and defensibly not applicable; completed records must not leave the field blank,,,"controlled project metadata; no credentials, direct identifiers or confidential payloads",non-empty when required; internally consistent with linked records,8.1 The polished draft that became a different study; 8.2 Revise at three semantic scales before technical closure
FULL-EDITORIAL_REVISION_MAP_FULL,full,EDITORIAL_REVISION_MAP_FULL.csv,companion/04_TEMPLATES_FULL/EDITORIAL_REVISION_MAP_FULL.csv,5,evidence_or_rule,Evidence or rule,"Named, retrievable evidence relevant to evidence or rule; use a safe locator rather than confidential payload.",Record the accepted current value and place supporting evidence or authority in the linked field or record.,required unless explicitly and defensibly not applicable; completed records must not leave the field blank,,,"controlled project metadata; no credentials, direct identifiers or confidential payloads",non-empty when required; internally consistent with linked records,8.1 The polished draft that became a different study; 8.2 Revise at three semantic scales before technical closure
FULL-EDITORIAL_REVISION_MAP_FULL,full,EDITORIAL_REVISION_MAP_FULL.csv,companion/04_TEMPLATES_FULL/EDITORIAL_REVISION_MAP_FULL.csv,6,authorised_action,Authorised action,"Specific, owned and testable action for authorised action.",Record the accepted current value and place supporting evidence or authority in the linked field or record.,required unless explicitly and defensibly not applicable; completed records must not leave the field blank,,,"controlled project metadata; no credentials, direct identifiers or confidential payloads",non-empty when required; internally consistent with linked records,8.1 The polished draft that became a different study; 8.2 Revise at three semantic scales before technical closure
FULL-EDITORIAL_REVISION_MAP_FULL,full,EDITORIAL_REVISION_MAP_FULL.csv,companion/04_TEMPLATES_FULL/EDITORIAL_REVISION_MAP_FULL.csv,7,claim_or_method_effect,Claim or method effect,Exact bounded claim or claim-related role represented by claim or method effect.,Record the accepted current value and place supporting evidence or authority in the linked field or record.,required unless explicitly and defensibly not applicable; completed records must not leave the field blank,,,"controlled project metadata; no credentials, direct identifiers or confidential payloads",non-empty when required; internally consistent with linked records,8.1 The polished draft that became a different study; 8.2 Revise at three semantic scales before technical closure
FULL-EDITORIAL_REVISION_MAP_FULL,full,EDITORIAL_REVISION_MAP_FULL.csv,companion/04_TEMPLATES_FULL/EDITORIAL_REVISION_MAP_FULL.csv,8,earliest_return_gate,Earliest return gate,Earliest gate responsible for the defect. Later-stage repair must not conceal earlier scientific drift.,Record the accepted current value and place supporting evidence or authority in the linked field or record.,required unless explicitly and defensibly not applicable; completed records must not leave the field blank,,Project Start Pack / opening control; Problem Gate; Evidence Gate; Design Gate; Execution Gate; Claim Gate; Argument Gate; Editorial Gate; Defence Readiness Gate,"controlled project metadata; no credentials, direct identifiers or confidential payloads",use one exact common gate/control name or an explicit justified external authority route where the record permits it,8.1 The polished draft that became a different study; 8.2 Revise at three semantic scales before technical closure
FULL-EDITORIAL_REVISION_MAP_FULL,full,EDITORIAL_REVISION_MAP_FULL.csv,companion/04_TEMPLATES_FULL/EDITORIAL_REVISION_MAP_FULL.csv,9,owner,owner,Person responsible for the object or next action. Use a role rather than personal contact data when appropriate.,Record the accepted current value and place supporting evidence or authority in the linked field or record.,required unless explicitly and defensibly not applicable; completed records must not leave the field blank,,,"controlled project metadata; no credentials, direct identifiers or confidential payloads",non-empty when required; internally consistent with linked records,8.1 The polished draft that became a different study; 8.2 Revise at three semantic scales before technical closure
FULL-EDITORIAL_REVISION_MAP_FULL,full,EDITORIAL_REVISION_MAP_FULL.csv,companion/04_TEMPLATES_FULL/EDITORIAL_REVISION_MAP_FULL.csv,10,status,status,Current lifecycle or decision status. Use the controlled vocabulary declared for the record.,Record the accepted current value and place supporting evidence or authority in the linked field or record.,required unless explicitly and defensibly not applicable; completed records must not leave the field blank,lifecycle_status,draft; candidate; reviewed; accepted locally; superseded; withdrawn,"controlled project metadata; no credentials, direct identifiers or confidential payloads",use one exact value from controlled vocabulary: lifecycle_status,8.1 The polished draft that became a different study; 8.2 Revise at three semantic scales before technical closure
FULL-EDITORIAL_REVISION_MAP_FULL,full,EDITORIAL_REVISION_MAP_FULL.csv,companion/04_TEMPLATES_FULL/EDITORIAL_REVISION_MAP_FULL.csv,11,retest,retest,Record retest in sufficiently precise terms for a competent reviewer to reconstruct and challenge the decision.,Record the accepted current value and place supporting evidence or authority in the linked field or record.,required unless explicitly and defensibly not applicable; completed records must not leave the field blank,,,"controlled project metadata; no credentials, direct identifiers or confidential payloads",non-empty when required; internally consistent with linked records,8.1 The polished draft that became a different study; 8.2 Revise at three semantic scales before technical closure
FULL-EDITORIAL_REVISION_MAP_FULL,full,EDITORIAL_REVISION_MAP_FULL.csv,companion/04_TEMPLATES_FULL/EDITORIAL_REVISION_MAP_FULL.csv,12,date,date,"ISO 8601 date on which the action, observation or disposition occurred.",Record the accepted current value and place supporting evidence or authority in the linked field or record.,required unless explicitly and defensibly not applicable; completed records must not leave the field blank,,,"controlled project metadata; no credentials, direct identifiers or confidential payloads",ISO 8601 date (YYYY-MM-DD),8.1 The polished draft that became a different study; 8.2 Revise at three semantic scales before technical closure
FULL-EDITORIAL_REVISION_MAP_FULL,full,EDITORIAL_REVISION_MAP_FULL.csv,companion/04_TEMPLATES_FULL/EDITORIAL_REVISION_MAP_FULL.csv,13,version,version,Explicit version identifier for the record or object. Do not rely on file modification time.,Record the accepted current value and place supporting evidence or authority in the linked field or record.,required unless explicitly and defensibly not applicable; completed records must not leave the field blank,,,"controlled project metadata; no credentials, direct identifiers or confidential payloads",explicit version or dated revision; no ambiguous labels such as final-final,8.1 The polished draft that became a different study; 8.2 Revise at three semantic scales before technical closure
FULL-EVALUATION_DESIGN_RECORD_FULL,full,EVALUATION_DESIGN_RECORD_FULL.csv,companion/04_TEMPLATES_FULL/EVALUATION_DESIGN_RECORD_FULL.csv,1,Evaluation identifier,Evaluation identifier,Stable ID.,Record the accepted current value and place supporting evidence or authority in the linked field or record.,required unless explicitly and defensibly not applicable; completed records must not leave the field blank,,,"controlled project metadata; no credentials, direct identifiers or confidential payloads",non-empty when required; internally consistent with linked records,"4.7 Design evaluation and controlled change before execution; 6.3 Design the evaluation from the claim backwards; 6.6 Test robustness, reproducibility and transfer"
FULL-EVALUATION_DESIGN_RECORD_FULL,full,EVALUATION_DESIGN_RECORD_FULL.csv,companion/04_TEMPLATES_FULL/EVALUATION_DESIGN_RECORD_FULL.csv,2,Minimum meaningful claim,Minimum meaningful claim,Exact candidate wording.,Record the accepted current value and place supporting evidence or authority in the linked field or record.,required unless explicitly and defensibly not applicable; completed records must not leave the field blank,,,"controlled project metadata; no credentials, direct identifiers or confidential payloads",non-empty when required; internally consistent with linked records,"4.7 Design evaluation and controlled change before execution; 6.3 Design the evaluation from the claim backwards; 6.6 Test robustness, reproducibility and transfer"
FULL-EVALUATION_DESIGN_RECORD_FULL,full,EVALUATION_DESIGN_RECORD_FULL.csv,companion/04_TEMPLATES_FULL/EVALUATION_DESIGN_RECORD_FULL.csv,3,Consequence if wrong,Consequence if wrong,Why the claim deserves scrutiny.,Record the accepted current value and place supporting evidence or authority in the linked field or record.,required unless explicitly and defensibly not applicable; completed records must not leave the field blank,,,"controlled project metadata; no credentials, direct identifiers or confidential payloads",non-empty when required; internally consistent with linked records,"4.7 Design evaluation and controlled change before execution; 6.3 Design the evaluation from the claim backwards; 6.6 Test robustness, reproducibility and transfer"
FULL-EVALUATION_DESIGN_RECORD_FULL,full,EVALUATION_DESIGN_RECORD_FULL.csv,companion/04_TEMPLATES_FULL/EVALUATION_DESIGN_RECORD_FULL.csv,4,Route and unit,Route and unit,Route-specific evaluation object.,Record the accepted current value and place supporting evidence or authority in the linked field or record.,required unless explicitly and defensibly not applicable; completed records must not leave the field blank,,,"controlled project metadata; no credentials, direct identifiers or confidential payloads",non-empty when required; internally consistent with linked records,"4.7 Design evaluation and controlled change before execution; 6.3 Design the evaluation from the claim backwards; 6.6 Test robustness, reproducibility and transfer"
FULL-EVALUATION_DESIGN_RECORD_FULL,full,EVALUATION_DESIGN_RECORD_FULL.csv,companion/04_TEMPLATES_FULL/EVALUATION_DESIGN_RECORD_FULL.csv,5,Comparison or reference,Comparison or reference,"Baseline, case, counterfactual, reference or synthesis basis.",Record the accepted current value and place supporting evidence or authority in the linked field or record.,required unless explicitly and defensibly not applicable; completed records must not leave the field blank,,,"controlled project metadata; no credentials, direct identifiers or confidential payloads",non-empty when required; internally consistent with linked records,"4.7 Design evaluation and controlled change before execution; 6.3 Design the evaluation from the claim backwards; 6.6 Test robustness, reproducibility and transfer"
FULL-EVALUATION_DESIGN_RECORD_FULL,full,EVALUATION_DESIGN_RECORD_FULL.csv,companion/04_TEMPLATES_FULL/EVALUATION_DESIGN_RECORD_FULL.csv,6,Evidence body,Evidence body,All required evidence objects.,Record the accepted current value and place supporting evidence or authority in the linked field or record.,required unless explicitly and defensibly not applicable; completed records must not leave the field blank,,,"controlled project metadata; no credentials, direct identifiers or confidential payloads",non-empty when required; internally consistent with linked records,"4.7 Design evaluation and controlled change before execution; 6.3 Design the evaluation from the claim backwards; 6.6 Test robustness, reproducibility and transfer"
FULL-EVALUATION_DESIGN_RECORD_FULL,full,EVALUATION_DESIGN_RECORD_FULL.csv,companion/04_TEMPLATES_FULL/EVALUATION_DESIGN_RECORD_FULL.csv,7,"Metrics, estimates or analytic outputs","Metrics, estimates or analytic outputs",With units and definitions.,Record the accepted current value and place supporting evidence or authority in the linked field or record.,required unless explicitly and defensibly not applicable; completed records must not leave the field blank,,,"controlled project metadata; no credentials, direct identifiers or confidential payloads",non-empty when required; internally consistent with linked records,"4.7 Design evaluation and controlled change before execution; 6.3 Design the evaluation from the claim backwards; 6.6 Test robustness, reproducibility and transfer"
FULL-EVALUATION_DESIGN_RECORD_FULL,full,EVALUATION_DESIGN_RECORD_FULL.csv,companion/04_TEMPLATES_FULL/EVALUATION_DESIGN_RECORD_FULL.csv,8,Uncertainty,Uncertainty,"Statistical, numerical, interpretive, measurement or transfer.",Record the accepted current value and place supporting evidence or authority in the linked field or record.,required unless explicitly and defensibly not applicable; completed records must not leave the field blank,,,"controlled project metadata; no credentials, direct identifiers or confidential payloads",non-empty when required; internally consistent with linked records,"4.7 Design evaluation and controlled change before execution; 6.3 Design the evaluation from the claim backwards; 6.6 Test robustness, reproducibility and transfer"
FULL-EVALUATION_DESIGN_RECORD_FULL,full,EVALUATION_DESIGN_RECORD_FULL.csv,companion/04_TEMPLATES_FULL/EVALUATION_DESIGN_RECORD_FULL.csv,9,Negative and counter-evidence,Negative and counter-evidence,"Failures, null-compatible findings, negative cases or alternatives.",Record the accepted current value and place supporting evidence or authority in the linked field or record.,required unless explicitly and defensibly not applicable; completed records must not leave the field blank,,,"controlled project metadata; no credentials, direct identifiers or confidential payloads",non-empty when required; internally consistent with linked records,"4.7 Design evaluation and controlled change before execution; 6.3 Design the evaluation from the claim backwards; 6.6 Test robustness, reproducibility and transfer"
FULL-EVALUATION_DESIGN_RECORD_FULL,full,EVALUATION_DESIGN_RECORD_FULL.csv,companion/04_TEMPLATES_FULL/EVALUATION_DESIGN_RECORD_FULL.csv,10,"Reproduction, audit or adversarial check","Reproduction, audit or adversarial check",Proportionate independent challenge.,Record the accepted current value and place supporting evidence or authority in the linked field or record.,required unless explicitly and defensibly not applicable; completed records must not leave the field blank,,,"controlled project metadata; no credentials, direct identifiers or confidential payloads",non-empty when required; internally consistent with linked records,"4.7 Design evaluation and controlled change before execution; 6.3 Design the evaluation from the claim backwards; 6.6 Test robustness, reproducibility and transfer"
FULL-EVALUATION_DESIGN_RECORD_FULL,full,EVALUATION_DESIGN_RECORD_FULL.csv,companion/04_TEMPLATES_FULL/EVALUATION_DESIGN_RECORD_FULL.csv,11,Acceptance and narrowing rule,Acceptance and narrowing rule,How wording changes.,Record the accepted current value and place supporting evidence or authority in the linked field or record.,required unless explicitly and defensibly not applicable; completed records must not leave the field blank,,,"controlled project metadata; no credentials, direct identifiers or confidential payloads",non-empty when required; internally consistent with linked records,"4.7 Design evaluation and controlled change before execution; 6.3 Design the evaluation from the claim backwards; 6.6 Test robustness, reproducibility and transfer"
FULL-EVALUATION_DESIGN_RECORD_FULL,full,EVALUATION_DESIGN_RECORD_FULL.csv,companion/04_TEMPLATES_FULL/EVALUATION_DESIGN_RECORD_FULL.csv,12,"Owner, reviewer, date and version","Owner, reviewer, date and version",Lifecycle record.,Record the accepted current value and place supporting evidence or authority in the linked field or record.,required unless explicitly and defensibly not applicable; completed records must not leave the field blank,,,"controlled project metadata; no credentials, direct identifiers or confidential payloads",explicit version or dated revision; no ambiguous labels such as final-final,"4.7 Design evaluation and controlled change before execution; 6.3 Design the evaluation from the claim backwards; 6.6 Test robustness, reproducibility and transfer"
FULL-EVIDENTIAL_OBJECT_NAVIGATION_AUDIT_FULL,full,EVIDENTIAL_OBJECT_NAVIGATION_AUDIT_FULL.csv,companion/04_TEMPLATES_FULL/EVIDENTIAL_OBJECT_NAVIGATION_AUDIT_FULL.csv,1,object_id,Object id,Stable identifier for object id. Use a reproducible project naming convention.,Record the accepted current value and place supporting evidence or authority in the linked field or record.,required unless explicitly and defensibly not applicable; completed records must not leave the field blank,,,"controlled project metadata; no credentials, direct identifiers or confidential payloads",non-empty stable identifier; unique within the project namespace,7.5 Write results as an inspectable evidence record; 8.5 Audit every evidential object and cross-reference
FULL-EVIDENTIAL_OBJECT_NAVIGATION_AUDIT_FULL,full,EVIDENTIAL_OBJECT_NAVIGATION_AUDIT_FULL.csv,companion/04_TEMPLATES_FULL/EVIDENTIAL_OBJECT_NAVIGATION_AUDIT_FULL.csv,2,object_type,Object type,Record object type in sufficiently precise terms for a competent reviewer to reconstruct and challenge the decision.,Record the accepted current value and place supporting evidence or authority in the linked field or record.,required unless explicitly and defensibly not applicable; completed records must not leave the field blank,,,"controlled project metadata; no credentials, direct identifiers or confidential payloads",non-empty when required; internally consistent with linked records,7.5 Write results as an inspectable evidence record; 8.5 Audit every evidential object and cross-reference
FULL-EVIDENTIAL_OBJECT_NAVIGATION_AUDIT_FULL,full,EVIDENTIAL_OBJECT_NAVIGATION_AUDIT_FULL.csv,companion/04_TEMPLATES_FULL/EVIDENTIAL_OBJECT_NAVIGATION_AUDIT_FULL.csv,3,caption_or_title,Caption or title,Record caption or title in sufficiently precise terms for a competent reviewer to reconstruct and challenge the decision.,Record the accepted current value and place supporting evidence or authority in the linked field or record.,required unless explicitly and defensibly not applicable; completed records must not leave the field blank,,,"controlled project metadata; no credentials, direct identifiers or confidential payloads",non-empty when required; internally consistent with linked records,7.5 Write results as an inspectable evidence record; 8.5 Audit every evidential object and cross-reference
FULL-EVIDENTIAL_OBJECT_NAVIGATION_AUDIT_FULL,full,EVIDENTIAL_OBJECT_NAVIGATION_AUDIT_FULL.csv,companion/04_TEMPLATES_FULL/EVIDENTIAL_OBJECT_NAVIGATION_AUDIT_FULL.csv,4,semantic_test,Semantic test,Record semantic test in sufficiently precise terms for a competent reviewer to reconstruct and challenge the decision.,Record the accepted current value and place supporting evidence or authority in the linked field or record.,required unless explicitly and defensibly not applicable; completed records must not leave the field blank,,,"controlled project metadata; no credentials, direct identifiers or confidential payloads",non-empty when required; internally consistent with linked records,7.5 Write results as an inspectable evidence record; 8.5 Audit every evidential object and cross-reference
FULL-EVIDENTIAL_OBJECT_NAVIGATION_AUDIT_FULL,full,EVIDENTIAL_OBJECT_NAVIGATION_AUDIT_FULL.csv,companion/04_TEMPLATES_FULL/EVIDENTIAL_OBJECT_NAVIGATION_AUDIT_FULL.csv,5,body_interpretation,Body interpretation,Record body interpretation in sufficiently precise terms for a competent reviewer to reconstruct and challenge the decision.,Record the accepted current value and place supporting evidence or authority in the linked field or record.,required unless explicitly and defensibly not applicable; completed records must not leave the field blank,,,"controlled project metadata; no credentials, direct identifiers or confidential payloads",non-empty when required; internally consistent with linked records,7.5 Write results as an inspectable evidence record; 8.5 Audit every evidential object and cross-reference
FULL-EVIDENTIAL_OBJECT_NAVIGATION_AUDIT_FULL,full,EVIDENTIAL_OBJECT_NAVIGATION_AUDIT_FULL.csv,companion/04_TEMPLATES_FULL/EVIDENTIAL_OBJECT_NAVIGATION_AUDIT_FULL.csv,6,claim_boundary,Claim boundary,"Material constraint, uncertainty or boundary associated with claim boundary.",Record the accepted current value and place supporting evidence or authority in the linked field or record.,required unless explicitly and defensibly not applicable; completed records must not leave the field blank,,,"controlled project metadata; no credentials, direct identifiers or confidential payloads",non-empty when required; internally consistent with linked records,7.5 Write results as an inspectable evidence record; 8.5 Audit every evidential object and cross-reference
FULL-EVIDENTIAL_OBJECT_NAVIGATION_AUDIT_FULL,full,EVIDENTIAL_OBJECT_NAVIGATION_AUDIT_FULL.csv,companion/04_TEMPLATES_FULL/EVIDENTIAL_OBJECT_NAVIGATION_AUDIT_FULL.csv,7,numbering,numbering,Record numbering in sufficiently precise terms for a competent reviewer to reconstruct and challenge the decision.,Record the accepted current value and place supporting evidence or authority in the linked field or record.,required unless explicitly and defensibly not applicable; completed records must not leave the field blank,,,"controlled project metadata; no credentials, direct identifiers or confidential payloads",non-empty when required; internally consistent with linked records,7.5 Write results as an inspectable evidence record; 8.5 Audit every evidential object and cross-reference
FULL-EVIDENTIAL_OBJECT_NAVIGATION_AUDIT_FULL,full,EVIDENTIAL_OBJECT_NAVIGATION_AUDIT_FULL.csv,companion/04_TEMPLATES_FULL/EVIDENTIAL_OBJECT_NAVIGATION_AUDIT_FULL.csv,8,field_or_bookmark,Field or bookmark,Record field or bookmark in sufficiently precise terms for a competent reviewer to reconstruct and challenge the decision.,Record the accepted current value and place supporting evidence or authority in the linked field or record.,required unless explicitly and defensibly not applicable; completed records must not leave the field blank,,,"controlled project metadata; no credentials, direct identifiers or confidential payloads",non-empty when required; internally consistent with linked records,7.5 Write results as an inspectable evidence record; 8.5 Audit every evidential object and cross-reference
FULL-EVIDENTIAL_OBJECT_NAVIGATION_AUDIT_FULL,full,EVIDENTIAL_OBJECT_NAVIGATION_AUDIT_FULL.csv,companion/04_TEMPLATES_FULL/EVIDENTIAL_OBJECT_NAVIGATION_AUDIT_FULL.csv,9,alt_text_or_header,Alt text or header,Record alt text or header in sufficiently precise terms for a competent reviewer to reconstruct and challenge the decision.,Record the accepted current value and place supporting evidence or authority in the linked field or record.,required unless explicitly and defensibly not applicable; completed records must not leave the field blank,,,"controlled project metadata; no credentials, direct identifiers or confidential payloads",non-empty when required; internally consistent with linked records,7.5 Write results as an inspectable evidence record; 8.5 Audit every evidential object and cross-reference
FULL-EVIDENTIAL_OBJECT_NAVIGATION_AUDIT_FULL,full,EVIDENTIAL_OBJECT_NAVIGATION_AUDIT_FULL.csv,companion/04_TEMPLATES_FULL/EVIDENTIAL_OBJECT_NAVIGATION_AUDIT_FULL.csv,10,rights_status,Rights status,"Permission, licence, ownership or unresolved-rights status for the intended use.",Record the accepted current value and place supporting evidence or authority in the linked field or record.,required unless explicitly and defensibly not applicable; completed records must not leave the field blank,rights_status,pending clearance; cleared for declared use; restricted; prohibited; not applicable,"controlled project metadata; no credentials, direct identifiers or confidential payloads",use one exact value from controlled vocabulary: rights_status,7.5 Write results as an inspectable evidence record; 8.5 Audit every evidential object and cross-reference
FULL-EVIDENTIAL_OBJECT_NAVIGATION_AUDIT_FULL,full,EVIDENTIAL_OBJECT_NAVIGATION_AUDIT_FULL.csv,companion/04_TEMPLATES_FULL/EVIDENTIAL_OBJECT_NAVIGATION_AUDIT_FULL.csv,11,render_status,Render status,Current controlled status for render status.,Record the accepted current value and place supporting evidence or authority in the linked field or record.,required unless explicitly and defensibly not applicable; completed records must not leave the field blank,render_status,not rendered; candidate; passed technical proof; failed; pending Microsoft Word proof,"controlled project metadata; no credentials, direct identifiers or confidential payloads",use one exact value from controlled vocabulary: render_status,7.5 Write results as an inspectable evidence record; 8.5 Audit every evidential object and cross-reference
FULL-EVIDENTIAL_OBJECT_NAVIGATION_AUDIT_FULL,full,EVIDENTIAL_OBJECT_NAVIGATION_AUDIT_FULL.csv,companion/04_TEMPLATES_FULL/EVIDENTIAL_OBJECT_NAVIGATION_AUDIT_FULL.csv,12,destination_test,Destination test,Record destination test in sufficiently precise terms for a competent reviewer to reconstruct and challenge the decision.,Record the accepted current value and place supporting evidence or authority in the linked field or record.,required unless explicitly and defensibly not applicable; completed records must not leave the field blank,,,"controlled project metadata; no credentials, direct identifiers or confidential payloads",non-empty when required; internally consistent with linked records,7.5 Write results as an inspectable evidence record; 8.5 Audit every evidential object and cross-reference
FULL-EVIDENTIAL_OBJECT_NAVIGATION_AUDIT_FULL,full,EVIDENTIAL_OBJECT_NAVIGATION_AUDIT_FULL.csv,companion/04_TEMPLATES_FULL/EVIDENTIAL_OBJECT_NAVIGATION_AUDIT_FULL.csv,13,reviewer,reviewer,Named person or competent role that inspected the current version.,Record the accepted current value and place supporting evidence or authority in the linked field or record.,required unless explicitly and defensibly not applicable; completed records must not leave the field blank,,,"controlled project metadata; no credentials, direct identifiers or confidential payloads",non-empty when required; internally consistent with linked records,7.5 Write results as an inspectable evidence record; 8.5 Audit every evidential object and cross-reference
FULL-EVIDENTIAL_OBJECT_NAVIGATION_AUDIT_FULL,full,EVIDENTIAL_OBJECT_NAVIGATION_AUDIT_FULL.csv,companion/04_TEMPLATES_FULL/EVIDENTIAL_OBJECT_NAVIGATION_AUDIT_FULL.csv,14,status,status,Current lifecycle or decision status. Use the controlled vocabulary declared for the record.,Record the accepted current value and place supporting evidence or authority in the linked field or record.,required unless explicitly and defensibly not applicable; completed records must not leave the field blank,lifecycle_status,draft; candidate; reviewed; accepted locally; superseded; withdrawn,"controlled project metadata; no credentials, direct identifiers or confidential payloads",use one exact value from controlled vocabulary: lifecycle_status,7.5 Write results as an inspectable evidence record; 8.5 Audit every evidential object and cross-reference
FULL-EXECUTION_PROVENANCE_RECORD_FULL,full,EXECUTION_PROVENANCE_RECORD_FULL.csv,companion/04_TEMPLATES_FULL/EXECUTION_PROVENANCE_RECORD_FULL.csv,1,run_id,Run id,Stable identifier for one execution or analysis run.,Record the accepted current value and place supporting evidence or authority in the linked field or record.,required unless explicitly and defensibly not applicable; completed records must not leave the field blank,,,"record versions and evidence locators, not secrets, personal data or proprietary payloads",non-empty stable identifier; unique within the project namespace,"5.7 Preserve lineage, deviations and recovery; 6.6 Test robustness, reproducibility and transfer; 7.4 Write methodology, architecture and implementation as the route that actually produced the evidence"
FULL-EXECUTION_PROVENANCE_RECORD_FULL,full,EXECUTION_PROVENANCE_RECORD_FULL.csv,companion/04_TEMPLATES_FULL/EXECUTION_PROVENANCE_RECORD_FULL.csv,2,work_unit_id,Work unit id,Stable identifier linking execution to an authorised work-unit brief.,Record the accepted current value and place supporting evidence or authority in the linked field or record.,required unless explicitly and defensibly not applicable; completed records must not leave the field blank,,,"record versions and evidence locators, not secrets, personal data or proprietary payloads",non-empty stable identifier; unique within the project namespace,"5.7 Preserve lineage, deviations and recovery; 6.6 Test robustness, reproducibility and transfer; 7.4 Write methodology, architecture and implementation as the route that actually produced the evidence"
FULL-EXECUTION_PROVENANCE_RECORD_FULL,full,EXECUTION_PROVENANCE_RECORD_FULL.csv,companion/04_TEMPLATES_FULL/EXECUTION_PROVENANCE_RECORD_FULL.csv,3,source_state,Source state,"Verified source or identity information for source state, sufficient for independent resolution.",Record the accepted current value and place supporting evidence or authority in the linked field or record.,required unless explicitly and defensibly not applicable; completed records must not leave the field blank,,,"record versions and evidence locators, not secrets, personal data or proprietary payloads",non-empty when required; internally consistent with linked records,"5.7 Preserve lineage, deviations and recovery; 6.6 Test robustness, reproducibility and transfer; 7.4 Write methodology, architecture and implementation as the route that actually produced the evidence"
FULL-EXECUTION_PROVENANCE_RECORD_FULL,full,EXECUTION_PROVENANCE_RECORD_FULL.csv,companion/04_TEMPLATES_FULL/EXECUTION_PROVENANCE_RECORD_FULL.csv,4,data_or_material_id,Data or material id,Stable identifier for data or material id. Use a reproducible project naming convention.,Record the accepted current value and place supporting evidence or authority in the linked field or record.,required unless explicitly and defensibly not applicable; completed records must not leave the field blank,,,"record versions and evidence locators, not secrets, personal data or proprietary payloads",non-empty stable identifier; unique within the project namespace,"5.7 Preserve lineage, deviations and recovery; 6.6 Test robustness, reproducibility and transfer; 7.4 Write methodology, architecture and implementation as the route that actually produced the evidence"
FULL-EXECUTION_PROVENANCE_RECORD_FULL,full,EXECUTION_PROVENANCE_RECORD_FULL.csv,companion/04_TEMPLATES_FULL/EXECUTION_PROVENANCE_RECORD_FULL.csv,5,environment,environment,Record environment in sufficiently precise terms for a competent reviewer to reconstruct and challenge the decision.,Record the accepted current value and place supporting evidence or authority in the linked field or record.,required unless explicitly and defensibly not applicable; completed records must not leave the field blank,,,"record versions and evidence locators, not secrets, personal data or proprietary payloads",non-empty when required; internally consistent with linked records,"5.7 Preserve lineage, deviations and recovery; 6.6 Test robustness, reproducibility and transfer; 7.4 Write methodology, architecture and implementation as the route that actually produced the evidence"
FULL-EXECUTION_PROVENANCE_RECORD_FULL,full,EXECUTION_PROVENANCE_RECORD_FULL.csv,companion/04_TEMPLATES_FULL/EXECUTION_PROVENANCE_RECORD_FULL.csv,6,dependencies,dependencies,Record dependencies in sufficiently precise terms for a competent reviewer to reconstruct and challenge the decision.,Record the accepted current value and place supporting evidence or authority in the linked field or record.,required unless explicitly and defensibly not applicable; completed records must not leave the field blank,,,"record versions and evidence locators, not secrets, personal data or proprietary payloads",non-empty when required; internally consistent with linked records,"5.7 Preserve lineage, deviations and recovery; 6.6 Test robustness, reproducibility and transfer; 7.4 Write methodology, architecture and implementation as the route that actually produced the evidence"
FULL-EXECUTION_PROVENANCE_RECORD_FULL,full,EXECUTION_PROVENANCE_RECORD_FULL.csv,companion/04_TEMPLATES_FULL/EXECUTION_PROVENANCE_RECORD_FULL.csv,7,action,action,"Specific, owned and testable action for action.",Record the accepted current value and place supporting evidence or authority in the linked field or record.,required unless explicitly and defensibly not applicable; completed records must not leave the field blank,,,"record versions and evidence locators, not secrets, personal data or proprietary payloads",non-empty when required; internally consistent with linked records,"5.7 Preserve lineage, deviations and recovery; 6.6 Test robustness, reproducibility and transfer; 7.4 Write methodology, architecture and implementation as the route that actually produced the evidence"
FULL-EXECUTION_PROVENANCE_RECORD_FULL,full,EXECUTION_PROVENANCE_RECORD_FULL.csv,companion/04_TEMPLATES_FULL/EXECUTION_PROVENANCE_RECORD_FULL.csv,8,candidate_output,Candidate output,Object produced by the work unit before inspection and disposition.,Record the accepted current value and place supporting evidence or authority in the linked field or record.,required unless explicitly and defensibly not applicable; completed records must not leave the field blank,,,"record versions and evidence locators, not secrets, personal data or proprietary payloads",non-empty when required; internally consistent with linked records,"5.7 Preserve lineage, deviations and recovery; 6.6 Test robustness, reproducibility and transfer; 7.4 Write methodology, architecture and implementation as the route that actually produced the evidence"
FULL-EXECUTION_PROVENANCE_RECORD_FULL,full,EXECUTION_PROVENANCE_RECORD_FULL.csv,companion/04_TEMPLATES_FULL/EXECUTION_PROVENANCE_RECORD_FULL.csv,9,manual_intervention,Manual intervention,Record manual intervention in sufficiently precise terms for a competent reviewer to reconstruct and challenge the decision.,Record the accepted current value and place supporting evidence or authority in the linked field or record.,conditional; in completed records use “not applicable — reason” rather than a blank cell,,,"record versions and evidence locators, not secrets, personal data or proprietary payloads",non-empty when required; internally consistent with linked records,"5.7 Preserve lineage, deviations and recovery; 6.6 Test robustness, reproducibility and transfer; 7.4 Write methodology, architecture and implementation as the route that actually produced the evidence"
FULL-EXECUTION_PROVENANCE_RECORD_FULL,full,EXECUTION_PROVENANCE_RECORD_FULL.csv,companion/04_TEMPLATES_FULL/EXECUTION_PROVENANCE_RECORD_FULL.csv,10,material_ai_assistance,Material ai assistance,"Consequential generative AI assistance affecting meaning, method, code, evidence, analysis or presentation.",Record the accepted current value and place supporting evidence or authority in the linked field or record.,required unless explicitly and defensibly not applicable; completed records must not leave the field blank,,,"record versions and evidence locators, not secrets, personal data or proprietary payloads",non-empty when required; internally consistent with linked records,"5.7 Preserve lineage, deviations and recovery; 6.6 Test robustness, reproducibility and transfer; 7.4 Write methodology, architecture and implementation as the route that actually produced the evidence"
FULL-EXECUTION_PROVENANCE_RECORD_FULL,full,EXECUTION_PROVENANCE_RECORD_FULL.csv,companion/04_TEMPLATES_FULL/EXECUTION_PROVENANCE_RECORD_FULL.csv,11,failure_or_deviation,Failure or deviation,"Observed failure, exception or material departure from the authorised plan. Preserve rather than erase it.",Record the accepted current value and place supporting evidence or authority in the linked field or record.,required unless explicitly and defensibly not applicable; completed records must not leave the field blank,,,"record versions and evidence locators, not secrets, personal data or proprietary payloads",non-empty when required; internally consistent with linked records,"5.7 Preserve lineage, deviations and recovery; 6.6 Test robustness, reproducibility and transfer; 7.4 Write methodology, architecture and implementation as the route that actually produced the evidence"
FULL-EXECUTION_PROVENANCE_RECORD_FULL,full,EXECUTION_PROVENANCE_RECORD_FULL.csv,companion/04_TEMPLATES_FULL/EXECUTION_PROVENANCE_RECORD_FULL.csv,12,inspection,inspection,Record inspection in sufficiently precise terms for a competent reviewer to reconstruct and challenge the decision.,Record the accepted current value and place supporting evidence or authority in the linked field or record.,required unless explicitly and defensibly not applicable; completed records must not leave the field blank,,,"record versions and evidence locators, not secrets, personal data or proprietary payloads",non-empty when required; internally consistent with linked records,"5.7 Preserve lineage, deviations and recovery; 6.6 Test robustness, reproducibility and transfer; 7.4 Write methodology, architecture and implementation as the route that actually produced the evidence"
FULL-EXECUTION_PROVENANCE_RECORD_FULL,full,EXECUTION_PROVENANCE_RECORD_FULL.csv,companion/04_TEMPLATES_FULL/EXECUTION_PROVENANCE_RECORD_FULL.csv,13,disposition,disposition,"Accepted, repaired, repeated, rejected, deferred or quarantined outcome for the candidate object.",Record the accepted current value and place supporting evidence or authority in the linked field or record.,required unless explicitly and defensibly not applicable; completed records must not leave the field blank,work_disposition,accept locally; repair; repeat; reject; defer; quarantine,"record versions and evidence locators, not secrets, personal data or proprietary payloads",use one exact value from controlled vocabulary: work_disposition,"5.7 Preserve lineage, deviations and recovery; 6.6 Test robustness, reproducibility and transfer; 7.4 Write methodology, architecture and implementation as the route that actually produced the evidence"
FULL-EXECUTION_PROVENANCE_RECORD_FULL,full,EXECUTION_PROVENANCE_RECORD_FULL.csv,companion/04_TEMPLATES_FULL/EXECUTION_PROVENANCE_RECORD_FULL.csv,14,evidence_location,Evidence location,"Authorised workspace path, repository-relative path or stable identifier from which the evidence can be retrieved.",Record the accepted current value and place supporting evidence or authority in the linked field or record.,required unless explicitly and defensibly not applicable; completed records must not leave the field blank,,,"record versions and evidence locators, not secrets, personal data or proprietary payloads",non-empty when required; internally consistent with linked records,"5.7 Preserve lineage, deviations and recovery; 6.6 Test robustness, reproducibility and transfer; 7.4 Write methodology, architecture and implementation as the route that actually produced the evidence"
FULL-EXECUTION_PROVENANCE_RECORD_FULL,full,EXECUTION_PROVENANCE_RECORD_FULL.csv,companion/04_TEMPLATES_FULL/EXECUTION_PROVENANCE_RECORD_FULL.csv,15,date,date,"ISO 8601 date on which the action, observation or disposition occurred.",Record the accepted current value and place supporting evidence or authority in the linked field or record.,required unless explicitly and defensibly not applicable; completed records must not leave the field blank,,,"record versions and evidence locators, not secrets, personal data or proprietary payloads",ISO 8601 date (YYYY-MM-DD),"5.7 Preserve lineage, deviations and recovery; 6.6 Test robustness, reproducibility and transfer; 7.4 Write methodology, architecture and implementation as the route that actually produced the evidence"
FULL-EXECUTION_PROVENANCE_RECORD_FULL,full,EXECUTION_PROVENANCE_RECORD_FULL.csv,companion/04_TEMPLATES_FULL/EXECUTION_PROVENANCE_RECORD_FULL.csv,16,owner,owner,Person responsible for the object or next action. Use a role rather than personal contact data when appropriate.,Record the accepted current value and place supporting evidence or authority in the linked field or record.,required unless explicitly and defensibly not applicable; completed records must not leave the field blank,,,"record versions and evidence locators, not secrets, personal data or proprietary payloads",non-empty when required; internally consistent with linked records,"5.7 Preserve lineage, deviations and recovery; 6.6 Test robustness, reproducibility and transfer; 7.4 Write methodology, architecture and implementation as the route that actually produced the evidence"
FULL-FEASIBILITY_SPRINT_RECORD_FULL,full,FEASIBILITY_SPRINT_RECORD_FULL.csv,companion/04_TEMPLATES_FULL/FEASIBILITY_SPRINT_RECORD_FULL.csv,1,Sprint identifier,Sprint identifier,Stable identifier.,Record the accepted current value and place supporting evidence or authority in the linked field or record.,required unless explicitly and defensibly not applicable; completed records must not leave the field blank,,,"controlled project metadata; no credentials, direct identifiers or confidential payloads",non-empty when required; internally consistent with linked records,"2.6 Run a bounded feasibility sprint; 2.7 Continue, narrow, pivot or stop"
FULL-FEASIBILITY_SPRINT_RECORD_FULL,full,FEASIBILITY_SPRINT_RECORD_FULL.csv,companion/04_TEMPLATES_FULL/FEASIBILITY_SPRINT_RECORD_FULL.csv,2,Critical uncertainty,Critical uncertainty,Most costly unresolved assumption.,Record the accepted current value and place supporting evidence or authority in the linked field or record.,required unless explicitly and defensibly not applicable; completed records must not leave the field blank,,,"controlled project metadata; no credentials, direct identifiers or confidential payloads",non-empty when required; internally consistent with linked records,"2.6 Run a bounded feasibility sprint; 2.7 Continue, narrow, pivot or stop"
FULL-FEASIBILITY_SPRINT_RECORD_FULL,full,FEASIBILITY_SPRINT_RECORD_FULL.csv,companion/04_TEMPLATES_FULL/FEASIBILITY_SPRINT_RECORD_FULL.csv,3,Why this uncertainty first,Why this uncertainty first,Decision consequence and dependency.,Record the accepted current value and place supporting evidence or authority in the linked field or record.,required unless explicitly and defensibly not applicable; completed records must not leave the field blank,,,"controlled project metadata; no credentials, direct identifiers or confidential payloads",non-empty when required; internally consistent with linked records,"2.6 Run a bounded feasibility sprint; 2.7 Continue, narrow, pivot or stop"
FULL-FEASIBILITY_SPRINT_RECORD_FULL,full,FEASIBILITY_SPRINT_RECORD_FULL.csv,companion/04_TEMPLATES_FULL/FEASIBILITY_SPRINT_RECORD_FULL.csv,4,Bounded action,Bounded action,Smallest safe test.,Record the accepted current value and place supporting evidence or authority in the linked field or record.,required unless explicitly and defensibly not applicable; completed records must not leave the field blank,,,"controlled project metadata; no credentials, direct identifiers or confidential payloads",non-empty when required; internally consistent with linked records,"2.6 Run a bounded feasibility sprint; 2.7 Continue, narrow, pivot or stop"
FULL-FEASIBILITY_SPRINT_RECORD_FULL,full,FEASIBILITY_SPRINT_RECORD_FULL.csv,companion/04_TEMPLATES_FULL/FEASIBILITY_SPRINT_RECORD_FULL.csv,5,Starting state,Starting state,"Version, data, environment or protocol.",Record the accepted current value and place supporting evidence or authority in the linked field or record.,required unless explicitly and defensibly not applicable; completed records must not leave the field blank,,,"controlled project metadata; no credentials, direct identifiers or confidential payloads",non-empty when required; internally consistent with linked records,"2.6 Run a bounded feasibility sprint; 2.7 Continue, narrow, pivot or stop"
FULL-FEASIBILITY_SPRINT_RECORD_FULL,full,FEASIBILITY_SPRINT_RECORD_FULL.csv,companion/04_TEMPLATES_FULL/FEASIBILITY_SPRINT_RECORD_FULL.csv,6,Authority and safety,Authority and safety,"Permissions, privacy and irreversible-action controls.",Record the accepted current value and place supporting evidence or authority in the linked field or record.,required unless explicitly and defensibly not applicable; completed records must not leave the field blank,,,"controlled project metadata; no credentials, direct identifiers or confidential payloads",non-empty when required; internally consistent with linked records,"2.6 Run a bounded feasibility sprint; 2.7 Continue, narrow, pivot or stop"
FULL-FEASIBILITY_SPRINT_RECORD_FULL,full,FEASIBILITY_SPRINT_RECORD_FULL.csv,companion/04_TEMPLATES_FULL/FEASIBILITY_SPRINT_RECORD_FULL.csv,7,Evidence to retain,Evidence to retain,"Logs, sample, screenshot, decision trace, output or observation.",Record the accepted current value and place supporting evidence or authority in the linked field or record.,required unless explicitly and defensibly not applicable; completed records must not leave the field blank,,,"controlled project metadata; no credentials, direct identifiers or confidential payloads",non-empty when required; internally consistent with linked records,"2.6 Run a bounded feasibility sprint; 2.7 Continue, narrow, pivot or stop"
FULL-FEASIBILITY_SPRINT_RECORD_FULL,full,FEASIBILITY_SPRINT_RECORD_FULL.csv,companion/04_TEMPLATES_FULL/FEASIBILITY_SPRINT_RECORD_FULL.csv,8,Acceptance criterion,Acceptance criterion,Declared before outcome.,Record the accepted current value and place supporting evidence or authority in the linked field or record.,required unless explicitly and defensibly not applicable; completed records must not leave the field blank,,,"controlled project metadata; no credentials, direct identifiers or confidential payloads",non-empty when required; internally consistent with linked records,"2.6 Run a bounded feasibility sprint; 2.7 Continue, narrow, pivot or stop"
FULL-FEASIBILITY_SPRINT_RECORD_FULL,full,FEASIBILITY_SPRINT_RECORD_FULL.csv,companion/04_TEMPLATES_FULL/FEASIBILITY_SPRINT_RECORD_FULL.csv,9,Failure criterion,Failure criterion,Declared before outcome.,Record the accepted current value and place supporting evidence or authority in the linked field or record.,required unless explicitly and defensibly not applicable; completed records must not leave the field blank,,,"controlled project metadata; no credentials, direct identifiers or confidential payloads",non-empty when required; internally consistent with linked records,"2.6 Run a bounded feasibility sprint; 2.7 Continue, narrow, pivot or stop"
FULL-FEASIBILITY_SPRINT_RECORD_FULL,full,FEASIBILITY_SPRINT_RECORD_FULL.csv,companion/04_TEMPLATES_FULL/FEASIBILITY_SPRINT_RECORD_FULL.csv,10,Outcome,Outcome,Observed result without interpretation inflation.,Record the accepted current value and place supporting evidence or authority in the linked field or record.,required unless explicitly and defensibly not applicable; completed records must not leave the field blank,,,"controlled project metadata; no credentials, direct identifiers or confidential payloads",non-empty when required; internally consistent with linked records,"2.6 Run a bounded feasibility sprint; 2.7 Continue, narrow, pivot or stop"
FULL-FEASIBILITY_SPRINT_RECORD_FULL,full,FEASIBILITY_SPRINT_RECORD_FULL.csv,companion/04_TEMPLATES_FULL/FEASIBILITY_SPRINT_RECORD_FULL.csv,11,Decision,Decision,"Continue, narrow, pivot or stop.",Record the accepted current value and place supporting evidence or authority in the linked field or record.,required unless explicitly and defensibly not applicable; completed records must not leave the field blank,,,"controlled project metadata; no credentials, direct identifiers or confidential payloads",non-empty when required; internally consistent with linked records,"2.6 Run a bounded feasibility sprint; 2.7 Continue, narrow, pivot or stop"
FULL-FEASIBILITY_SPRINT_RECORD_FULL,full,FEASIBILITY_SPRINT_RECORD_FULL.csv,companion/04_TEMPLATES_FULL/FEASIBILITY_SPRINT_RECORD_FULL.csv,12,Objects to update,Objects to update,"SCOPE, CORPUS, DECIDE or another record.",Record the accepted current value and place supporting evidence or authority in the linked field or record.,required unless explicitly and defensibly not applicable; completed records must not leave the field blank,,,"controlled project metadata; no credentials, direct identifiers or confidential payloads",non-empty when required; internally consistent with linked records,"2.6 Run a bounded feasibility sprint; 2.7 Continue, narrow, pivot or stop"
FULL-FEASIBILITY_SPRINT_RECORD_FULL,full,FEASIBILITY_SPRINT_RECORD_FULL.csv,companion/04_TEMPLATES_FULL/FEASIBILITY_SPRINT_RECORD_FULL.csv,13,Gate reopened,Gate reopened,Earliest responsible gate.,Record the accepted current value and place supporting evidence or authority in the linked field or record.,required unless explicitly and defensibly not applicable; completed records must not leave the field blank,,Project Start Pack / opening control; Problem Gate; Evidence Gate; Design Gate; Execution Gate; Claim Gate; Argument Gate; Editorial Gate; Defence Readiness Gate,"controlled project metadata; no credentials, direct identifiers or confidential payloads",use one exact common gate/control name or an explicit justified external authority route where the record permits it,"2.6 Run a bounded feasibility sprint; 2.7 Continue, narrow, pivot or stop"
FULL-FEASIBILITY_SPRINT_RECORD_FULL,full,FEASIBILITY_SPRINT_RECORD_FULL.csv,companion/04_TEMPLATES_FULL/FEASIBILITY_SPRINT_RECORD_FULL.csv,14,"Owner, reviewer, dates and version","Owner, reviewer, dates and version",Complete lifecycle.,Record the accepted current value and place supporting evidence or authority in the linked field or record.,required unless explicitly and defensibly not applicable; completed records must not leave the field blank,,,"controlled project metadata; no credentials, direct identifiers or confidential payloads",explicit version or dated revision; no ambiguous labels such as final-final,"2.6 Run a bounded feasibility sprint; 2.7 Continue, narrow, pivot or stop"
FULL-GATE_RECORD_FULL,full,GATE_RECORD_FULL.csv,companion/04_TEMPLATES_FULL/GATE_RECORD_FULL.csv,1,gate_id,Gate id,"Stable gate-decision record identifier, distinct from the canonical gate code.",Record the accepted current value and place supporting evidence or authority in the linked field or record.,required unless explicitly and defensibly not applicable; completed records must not leave the field blank,,,"controlled project metadata; no credentials, direct identifiers or confidential payloads",non-empty stable identifier; unique within the project namespace,"1.8 Build your Project Start Pack; 2.7 Continue, narrow, pivot or stop; 2.8 Build the one-page proposal and pass the Problem Gate; 3.8 Build the Evidence Base Pack and pass the Evidence Gate; 4.8 Assemble the Approved Project Protocol and pass the Design Gate; 5.8 Assemble the Execution Dossier and pass the Execution Gate; 6.8 Assemble the Evaluation and Claim Dossier and pass the Claim Gate; 7.8 Assemble the coherent manuscript and pass the Argument Gate"
FULL-GATE_RECORD_FULL,full,GATE_RECORD_FULL.csv,companion/04_TEMPLATES_FULL/GATE_RECORD_FULL.csv,2,gate_name,Gate name,Record gate name in sufficiently precise terms for a competent reviewer to reconstruct and challenge the decision.,Record the accepted current value and place supporting evidence or authority in the linked field or record.,required unless explicitly and defensibly not applicable; completed records must not leave the field blank,,Project Start Pack / opening control; Problem Gate; Evidence Gate; Design Gate; Execution Gate; Claim Gate; Argument Gate; Editorial Gate; Defence Readiness Gate,"controlled project metadata; no credentials, direct identifiers or confidential payloads",use one exact common gate/control name or an explicit justified external authority route where the record permits it,"1.8 Build your Project Start Pack; 2.7 Continue, narrow, pivot or stop; 2.8 Build the one-page proposal and pass the Problem Gate; 3.8 Build the Evidence Base Pack and pass the Evidence Gate; 4.8 Assemble the Approved Project Protocol and pass the Design Gate; 5.8 Assemble the Execution Dossier and pass the Execution Gate; 6.8 Assemble the Evaluation and Claim Dossier and pass the Claim Gate; 7.8 Assemble the coherent manuscript and pass the Argument Gate"
FULL-GATE_RECORD_FULL,full,GATE_RECORD_FULL.csv,companion/04_TEMPLATES_FULL/GATE_RECORD_FULL.csv,3,decision_question,Decision question,Exact question that the gate or control must answer before progression.,Record the accepted current value and place supporting evidence or authority in the linked field or record.,required unless explicitly and defensibly not applicable; completed records must not leave the field blank,,,"controlled project metadata; no credentials, direct identifiers or confidential payloads",non-empty when required; internally consistent with linked records,"1.8 Build your Project Start Pack; 2.7 Continue, narrow, pivot or stop; 2.8 Build the one-page proposal and pass the Problem Gate; 3.8 Build the Evidence Base Pack and pass the Evidence Gate; 4.8 Assemble the Approved Project Protocol and pass the Design Gate; 5.8 Assemble the Execution Dossier and pass the Execution Gate; 6.8 Assemble the Evaluation and Claim Dossier and pass the Claim Gate; 7.8 Assemble the coherent manuscript and pass the Argument Gate"
FULL-GATE_RECORD_FULL,full,GATE_RECORD_FULL.csv,companion/04_TEMPLATES_FULL/GATE_RECORD_FULL.csv,4,authoritative_objects,Authoritative objects,Record authoritative objects in sufficiently precise terms for a competent reviewer to reconstruct and challenge the decision.,Record the accepted current value and place supporting evidence or authority in the linked field or record.,required unless explicitly and defensibly not applicable; completed records must not leave the field blank,,,"controlled project metadata; no credentials, direct identifiers or confidential payloads",non-empty when required; internally consistent with linked records,"1.8 Build your Project Start Pack; 2.7 Continue, narrow, pivot or stop; 2.8 Build the one-page proposal and pass the Problem Gate; 3.8 Build the Evidence Base Pack and pass the Evidence Gate; 4.8 Assemble the Approved Project Protocol and pass the Design Gate; 5.8 Assemble the Execution Dossier and pass the Execution Gate; 6.8 Assemble the Evaluation and Claim Dossier and pass the Claim Gate; 7.8 Assemble the coherent manuscript and pass the Argument Gate"
FULL-GATE_RECORD_FULL,full,GATE_RECORD_FULL.csv,companion/04_TEMPLATES_FULL/GATE_RECORD_FULL.csv,5,evidence_status,Evidence status,"State of the required evidence: missing, candidate, verified, conditionally accepted or rejected.",Record the accepted current value and place supporting evidence or authority in the linked field or record.,required unless explicitly and defensibly not applicable; completed records must not leave the field blank,evidence_status,missing; candidate; verified; accepted conditionally; rejected,"controlled project metadata; no credentials, direct identifiers or confidential payloads",use one exact value from controlled vocabulary: evidence_status,"1.8 Build your Project Start Pack; 2.7 Continue, narrow, pivot or stop; 2.8 Build the one-page proposal and pass the Problem Gate; 3.8 Build the Evidence Base Pack and pass the Evidence Gate; 4.8 Assemble the Approved Project Protocol and pass the Design Gate; 5.8 Assemble the Execution Dossier and pass the Execution Gate; 6.8 Assemble the Evaluation and Claim Dossier and pass the Claim Gate; 7.8 Assemble the coherent manuscript and pass the Argument Gate"
FULL-GATE_RECORD_FULL,full,GATE_RECORD_FULL.csv,companion/04_TEMPLATES_FULL/GATE_RECORD_FULL.csv,6,strongest_objection,Strongest objection,Record strongest objection in sufficiently precise terms for a competent reviewer to reconstruct and challenge the decision.,Record the accepted current value and place supporting evidence or authority in the linked field or record.,required unless explicitly and defensibly not applicable; completed records must not leave the field blank,,,"controlled project metadata; no credentials, direct identifiers or confidential payloads",non-empty when required; internally consistent with linked records,"1.8 Build your Project Start Pack; 2.7 Continue, narrow, pivot or stop; 2.8 Build the one-page proposal and pass the Problem Gate; 3.8 Build the Evidence Base Pack and pass the Evidence Gate; 4.8 Assemble the Approved Project Protocol and pass the Design Gate; 5.8 Assemble the Execution Dossier and pass the Execution Gate; 6.8 Assemble the Evaluation and Claim Dossier and pass the Claim Gate; 7.8 Assemble the coherent manuscript and pass the Argument Gate"
FULL-GATE_RECORD_FULL,full,GATE_RECORD_FULL.csv,companion/04_TEMPLATES_FULL/GATE_RECORD_FULL.csv,7,unresolved_authority,Unresolved authority,"Named authority, permission or rights basis governing unresolved authority.",Record the accepted current value and place supporting evidence or authority in the linked field or record.,conditional; in completed records use “not applicable — reason” rather than a blank cell,,,"controlled project metadata; no credentials, direct identifiers or confidential payloads",non-empty when required; internally consistent with linked records,"1.8 Build your Project Start Pack; 2.7 Continue, narrow, pivot or stop; 2.8 Build the one-page proposal and pass the Problem Gate; 3.8 Build the Evidence Base Pack and pass the Evidence Gate; 4.8 Assemble the Approved Project Protocol and pass the Design Gate; 5.8 Assemble the Execution Dossier and pass the Execution Gate; 6.8 Assemble the Evaluation and Claim Dossier and pass the Claim Gate; 7.8 Assemble the coherent manuscript and pass the Argument Gate"
FULL-GATE_RECORD_FULL,full,GATE_RECORD_FULL.csv,companion/04_TEMPLATES_FULL/GATE_RECORD_FULL.csv,8,decision,decision,Explicit disposition selected from the record’s controlled outcomes and justified by named evidence.,Record the accepted current value and place supporting evidence or authority in the linked field or record.,required unless explicitly and defensibly not applicable; completed records must not leave the field blank,gate_decision,pass; pass with conditions; repair; return; await authority; stop,"controlled project metadata; no credentials, direct identifiers or confidential payloads",use one exact value from controlled vocabulary: gate_decision,"1.8 Build your Project Start Pack; 2.7 Continue, narrow, pivot or stop; 2.8 Build the one-page proposal and pass the Problem Gate; 3.8 Build the Evidence Base Pack and pass the Evidence Gate; 4.8 Assemble the Approved Project Protocol and pass the Design Gate; 5.8 Assemble the Execution Dossier and pass the Execution Gate; 6.8 Assemble the Evaluation and Claim Dossier and pass the Claim Gate; 7.8 Assemble the coherent manuscript and pass the Argument Gate"
FULL-GATE_RECORD_FULL,full,GATE_RECORD_FULL.csv,companion/04_TEMPLATES_FULL/GATE_RECORD_FULL.csv,9,conditions_or_repairs,Conditions or repairs,"Specific, owned and testable action for conditions or repairs.",Record the accepted current value and place supporting evidence or authority in the linked field or record.,required unless explicitly and defensibly not applicable; completed records must not leave the field blank,,,"controlled project metadata; no credentials, direct identifiers or confidential payloads",non-empty when required; internally consistent with linked records,"1.8 Build your Project Start Pack; 2.7 Continue, narrow, pivot or stop; 2.8 Build the one-page proposal and pass the Problem Gate; 3.8 Build the Evidence Base Pack and pass the Evidence Gate; 4.8 Assemble the Approved Project Protocol and pass the Design Gate; 5.8 Assemble the Execution Dossier and pass the Execution Gate; 6.8 Assemble the Evaluation and Claim Dossier and pass the Claim Gate; 7.8 Assemble the coherent manuscript and pass the Argument Gate"
FULL-GATE_RECORD_FULL,full,GATE_RECORD_FULL.csv,companion/04_TEMPLATES_FULL/GATE_RECORD_FULL.csv,10,earliest_return_gate,Earliest return gate,Earliest gate responsible for the defect. Later-stage repair must not conceal earlier scientific drift.,Record the accepted current value and place supporting evidence or authority in the linked field or record.,required unless explicitly and defensibly not applicable; completed records must not leave the field blank,,Project Start Pack / opening control; Problem Gate; Evidence Gate; Design Gate; Execution Gate; Claim Gate; Argument Gate; Editorial Gate; Defence Readiness Gate,"controlled project metadata; no credentials, direct identifiers or confidential payloads",use one exact common gate/control name or an explicit justified external authority route where the record permits it,"1.8 Build your Project Start Pack; 2.7 Continue, narrow, pivot or stop; 2.8 Build the one-page proposal and pass the Problem Gate; 3.8 Build the Evidence Base Pack and pass the Evidence Gate; 4.8 Assemble the Approved Project Protocol and pass the Design Gate; 5.8 Assemble the Execution Dossier and pass the Execution Gate; 6.8 Assemble the Evaluation and Claim Dossier and pass the Claim Gate; 7.8 Assemble the coherent manuscript and pass the Argument Gate"
FULL-GATE_RECORD_FULL,full,GATE_RECORD_FULL.csv,companion/04_TEMPLATES_FULL/GATE_RECORD_FULL.csv,11,reviewer,reviewer,Named person or competent role that inspected the current version.,Record the accepted current value and place supporting evidence or authority in the linked field or record.,required unless explicitly and defensibly not applicable; completed records must not leave the field blank,,,"controlled project metadata; no credentials, direct identifiers or confidential payloads",non-empty when required; internally consistent with linked records,"1.8 Build your Project Start Pack; 2.7 Continue, narrow, pivot or stop; 2.8 Build the one-page proposal and pass the Problem Gate; 3.8 Build the Evidence Base Pack and pass the Evidence Gate; 4.8 Assemble the Approved Project Protocol and pass the Design Gate; 5.8 Assemble the Execution Dossier and pass the Execution Gate; 6.8 Assemble the Evaluation and Claim Dossier and pass the Claim Gate; 7.8 Assemble the coherent manuscript and pass the Argument Gate"
FULL-GATE_RECORD_FULL,full,GATE_RECORD_FULL.csv,companion/04_TEMPLATES_FULL/GATE_RECORD_FULL.csv,12,decision_date,Decision date,ISO 8601 date associated with decision date.,Record the accepted current value and place supporting evidence or authority in the linked field or record.,required unless explicitly and defensibly not applicable; completed records must not leave the field blank,,,"controlled project metadata; no credentials, direct identifiers or confidential payloads",ISO 8601 date (YYYY-MM-DD),"1.8 Build your Project Start Pack; 2.7 Continue, narrow, pivot or stop; 2.8 Build the one-page proposal and pass the Problem Gate; 3.8 Build the Evidence Base Pack and pass the Evidence Gate; 4.8 Assemble the Approved Project Protocol and pass the Design Gate; 5.8 Assemble the Execution Dossier and pass the Execution Gate; 6.8 Assemble the Evaluation and Claim Dossier and pass the Claim Gate; 7.8 Assemble the coherent manuscript and pass the Argument Gate"
FULL-GATE_RECORD_FULL,full,GATE_RECORD_FULL.csv,companion/04_TEMPLATES_FULL/GATE_RECORD_FULL.csv,13,version,version,Explicit version identifier for the record or object. Do not rely on file modification time.,Record the accepted current value and place supporting evidence or authority in the linked field or record.,required unless explicitly and defensibly not applicable; completed records must not leave the field blank,,,"controlled project metadata; no credentials, direct identifiers or confidential payloads",explicit version or dated revision; no ambiguous labels such as final-final,"1.8 Build your Project Start Pack; 2.7 Continue, narrow, pivot or stop; 2.8 Build the one-page proposal and pass the Problem Gate; 3.8 Build the Evidence Base Pack and pass the Evidence Gate; 4.8 Assemble the Approved Project Protocol and pass the Design Gate; 5.8 Assemble the Execution Dossier and pass the Execution Gate; 6.8 Assemble the Evaluation and Claim Dossier and pass the Claim Gate; 7.8 Assemble the coherent manuscript and pass the Argument Gate"
FULL-GATE_RECORD_FULL,full,GATE_RECORD_FULL.csv,companion/04_TEMPLATES_FULL/GATE_RECORD_FULL.csv,14,supersedes,supersedes,Record supersedes in sufficiently precise terms for a competent reviewer to reconstruct and challenge the decision.,Record the accepted current value and place supporting evidence or authority in the linked field or record.,conditional; in completed records use “not applicable — reason” rather than a blank cell,,,"controlled project metadata; no credentials, direct identifiers or confidential payloads",non-empty when required; internally consistent with linked records,"1.8 Build your Project Start Pack; 2.7 Continue, narrow, pivot or stop; 2.8 Build the one-page proposal and pass the Problem Gate; 3.8 Build the Evidence Base Pack and pass the Evidence Gate; 4.8 Assemble the Approved Project Protocol and pass the Design Gate; 5.8 Assemble the Execution Dossier and pass the Execution Gate; 6.8 Assemble the Evaluation and Claim Dossier and pass the Claim Gate; 7.8 Assemble the coherent manuscript and pass the Argument Gate"
FULL-GATE_RECORD_FULL,full,GATE_RECORD_FULL.csv,companion/04_TEMPLATES_FULL/GATE_RECORD_FULL.csv,15,status,status,Current lifecycle or decision status. Use the controlled vocabulary declared for the record.,Record the accepted current value and place supporting evidence or authority in the linked field or record.,required unless explicitly and defensibly not applicable; completed records must not leave the field blank,lifecycle_status,draft; candidate; reviewed; accepted locally; superseded; withdrawn,"controlled project metadata; no credentials, direct identifiers or confidential payloads",use one exact value from controlled vocabulary: lifecycle_status,"1.8 Build your Project Start Pack; 2.7 Continue, narrow, pivot or stop; 2.8 Build the one-page proposal and pass the Problem Gate; 3.8 Build the Evidence Base Pack and pass the Evidence Gate; 4.8 Assemble the Approved Project Protocol and pass the Design Gate; 5.8 Assemble the Execution Dossier and pass the Execution Gate; 6.8 Assemble the Evaluation and Claim Dossier and pass the Claim Gate; 7.8 Assemble the coherent manuscript and pass the Argument Gate"
FULL-MILESTONE_EVIDENCE_REGISTER_FULL,full,MILESTONE_EVIDENCE_REGISTER_FULL.csv,companion/04_TEMPLATES_FULL/MILESTONE_EVIDENCE_REGISTER_FULL.csv,1,milestone_id,Milestone id,Stable identifier for milestone id. Use a reproducible project naming convention.,Record the accepted current value and place supporting evidence or authority in the linked field or record.,required unless explicitly and defensibly not applicable; completed records must not leave the field blank,,,"controlled project metadata; no credentials, direct identifiers or confidential payloads",non-empty stable identifier; unique within the project namespace,3.8 Build the Evidence Base Pack and pass the Evidence Gate; 4.8 Assemble the Approved Project Protocol and pass the Design Gate; 5.8 Assemble the Execution Dossier and pass the Execution Gate; 8.8 Assemble the Editorial Closure Dossier and pass the Editorial Gate
FULL-MILESTONE_EVIDENCE_REGISTER_FULL,full,MILESTONE_EVIDENCE_REGISTER_FULL.csv,companion/04_TEMPLATES_FULL/MILESTONE_EVIDENCE_REGISTER_FULL.csv,2,milestone_or_gate,Milestone or gate,Record milestone or gate in sufficiently precise terms for a competent reviewer to reconstruct and challenge the decision.,Record the accepted current value and place supporting evidence or authority in the linked field or record.,required unless explicitly and defensibly not applicable; completed records must not leave the field blank,,,"controlled project metadata; no credentials, direct identifiers or confidential payloads",non-empty when required; internally consistent with linked records,3.8 Build the Evidence Base Pack and pass the Evidence Gate; 4.8 Assemble the Approved Project Protocol and pass the Design Gate; 5.8 Assemble the Execution Dossier and pass the Execution Gate; 8.8 Assemble the Editorial Closure Dossier and pass the Editorial Gate
FULL-MILESTONE_EVIDENCE_REGISTER_FULL,full,MILESTONE_EVIDENCE_REGISTER_FULL.csv,companion/04_TEMPLATES_FULL/MILESTONE_EVIDENCE_REGISTER_FULL.csv,3,required_record,Required record,Record required record in sufficiently precise terms for a competent reviewer to reconstruct and challenge the decision.,Record the accepted current value and place supporting evidence or authority in the linked field or record.,required unless explicitly and defensibly not applicable; completed records must not leave the field blank,,,"controlled project metadata; no credentials, direct identifiers or confidential payloads",non-empty when required; internally consistent with linked records,3.8 Build the Evidence Base Pack and pass the Evidence Gate; 4.8 Assemble the Approved Project Protocol and pass the Design Gate; 5.8 Assemble the Execution Dossier and pass the Execution Gate; 8.8 Assemble the Editorial Closure Dossier and pass the Editorial Gate
FULL-MILESTONE_EVIDENCE_REGISTER_FULL,full,MILESTONE_EVIDENCE_REGISTER_FULL.csv,companion/04_TEMPLATES_FULL/MILESTONE_EVIDENCE_REGISTER_FULL.csv,4,record_class,Record class,Record record class in sufficiently precise terms for a competent reviewer to reconstruct and challenge the decision.,Record the accepted current value and place supporting evidence or authority in the linked field or record.,required unless explicitly and defensibly not applicable; completed records must not leave the field blank,,,"controlled project metadata; no credentials, direct identifiers or confidential payloads",non-empty when required; internally consistent with linked records,3.8 Build the Evidence Base Pack and pass the Evidence Gate; 4.8 Assemble the Approved Project Protocol and pass the Design Gate; 5.8 Assemble the Execution Dossier and pass the Execution Gate; 8.8 Assemble the Editorial Closure Dossier and pass the Editorial Gate
FULL-MILESTONE_EVIDENCE_REGISTER_FULL,full,MILESTONE_EVIDENCE_REGISTER_FULL.csv,companion/04_TEMPLATES_FULL/MILESTONE_EVIDENCE_REGISTER_FULL.csv,5,authority_or_reviewer,Authority or reviewer,"Named authority, permission or rights basis governing authority or reviewer.",Record the accepted current value and place supporting evidence or authority in the linked field or record.,required unless explicitly and defensibly not applicable; completed records must not leave the field blank,,,"controlled project metadata; no credentials, direct identifiers or confidential payloads",non-empty when required; internally consistent with linked records,3.8 Build the Evidence Base Pack and pass the Evidence Gate; 4.8 Assemble the Approved Project Protocol and pass the Design Gate; 5.8 Assemble the Execution Dossier and pass the Execution Gate; 8.8 Assemble the Editorial Closure Dossier and pass the Editorial Gate
FULL-MILESTONE_EVIDENCE_REGISTER_FULL,full,MILESTONE_EVIDENCE_REGISTER_FULL.csv,companion/04_TEMPLATES_FULL/MILESTONE_EVIDENCE_REGISTER_FULL.csv,6,version,version,Explicit version identifier for the record or object. Do not rely on file modification time.,Record the accepted current value and place supporting evidence or authority in the linked field or record.,required unless explicitly and defensibly not applicable; completed records must not leave the field blank,,,"controlled project metadata; no credentials, direct identifiers or confidential payloads",explicit version or dated revision; no ambiguous labels such as final-final,3.8 Build the Evidence Base Pack and pass the Evidence Gate; 4.8 Assemble the Approved Project Protocol and pass the Design Gate; 5.8 Assemble the Execution Dossier and pass the Execution Gate; 8.8 Assemble the Editorial Closure Dossier and pass the Editorial Gate
FULL-MILESTONE_EVIDENCE_REGISTER_FULL,full,MILESTONE_EVIDENCE_REGISTER_FULL.csv,companion/04_TEMPLATES_FULL/MILESTONE_EVIDENCE_REGISTER_FULL.csv,7,retained_evidence,Retained evidence,"Named, retrievable evidence relevant to retained evidence; use a safe locator rather than confidential payload.",Record the accepted current value and place supporting evidence or authority in the linked field or record.,required unless explicitly and defensibly not applicable; completed records must not leave the field blank,,,"controlled project metadata; no credentials, direct identifiers or confidential payloads",non-empty when required; internally consistent with linked records,3.8 Build the Evidence Base Pack and pass the Evidence Gate; 4.8 Assemble the Approved Project Protocol and pass the Design Gate; 5.8 Assemble the Execution Dossier and pass the Execution Gate; 8.8 Assemble the Editorial Closure Dossier and pass the Editorial Gate
FULL-MILESTONE_EVIDENCE_REGISTER_FULL,full,MILESTONE_EVIDENCE_REGISTER_FULL.csv,companion/04_TEMPLATES_FULL/MILESTONE_EVIDENCE_REGISTER_FULL.csv,8,storage_boundary,Storage boundary,"Material constraint, uncertainty or boundary associated with storage boundary.",Record the accepted current value and place supporting evidence or authority in the linked field or record.,required unless explicitly and defensibly not applicable; completed records must not leave the field blank,,,"controlled project metadata; no credentials, direct identifiers or confidential payloads",non-empty when required; internally consistent with linked records,3.8 Build the Evidence Base Pack and pass the Evidence Gate; 4.8 Assemble the Approved Project Protocol and pass the Design Gate; 5.8 Assemble the Execution Dossier and pass the Execution Gate; 8.8 Assemble the Editorial Closure Dossier and pass the Editorial Gate
FULL-MILESTONE_EVIDENCE_REGISTER_FULL,full,MILESTONE_EVIDENCE_REGISTER_FULL.csv,companion/04_TEMPLATES_FULL/MILESTONE_EVIDENCE_REGISTER_FULL.csv,9,missing_or_stale_condition,Missing or stale condition,Record missing or stale condition in sufficiently precise terms for a competent reviewer to reconstruct and challenge the decision.,Record the accepted current value and place supporting evidence or authority in the linked field or record.,required unless explicitly and defensibly not applicable; completed records must not leave the field blank,,,"controlled project metadata; no credentials, direct identifiers or confidential payloads",non-empty when required; internally consistent with linked records,3.8 Build the Evidence Base Pack and pass the Evidence Gate; 4.8 Assemble the Approved Project Protocol and pass the Design Gate; 5.8 Assemble the Execution Dossier and pass the Execution Gate; 8.8 Assemble the Editorial Closure Dossier and pass the Editorial Gate
FULL-MILESTONE_EVIDENCE_REGISTER_FULL,full,MILESTONE_EVIDENCE_REGISTER_FULL.csv,companion/04_TEMPLATES_FULL/MILESTONE_EVIDENCE_REGISTER_FULL.csv,10,control_response,Control response,Record control response in sufficiently precise terms for a competent reviewer to reconstruct and challenge the decision.,Record the accepted current value and place supporting evidence or authority in the linked field or record.,required unless explicitly and defensibly not applicable; completed records must not leave the field blank,,,"controlled project metadata; no credentials, direct identifiers or confidential payloads",non-empty when required; internally consistent with linked records,3.8 Build the Evidence Base Pack and pass the Evidence Gate; 4.8 Assemble the Approved Project Protocol and pass the Design Gate; 5.8 Assemble the Execution Dossier and pass the Execution Gate; 8.8 Assemble the Editorial Closure Dossier and pass the Editorial Gate
FULL-MILESTONE_EVIDENCE_REGISTER_FULL,full,MILESTONE_EVIDENCE_REGISTER_FULL.csv,companion/04_TEMPLATES_FULL/MILESTONE_EVIDENCE_REGISTER_FULL.csv,11,owner,owner,Person responsible for the object or next action. Use a role rather than personal contact data when appropriate.,Record the accepted current value and place supporting evidence or authority in the linked field or record.,required unless explicitly and defensibly not applicable; completed records must not leave the field blank,,,"controlled project metadata; no credentials, direct identifiers or confidential payloads",non-empty when required; internally consistent with linked records,3.8 Build the Evidence Base Pack and pass the Evidence Gate; 4.8 Assemble the Approved Project Protocol and pass the Design Gate; 5.8 Assemble the Execution Dossier and pass the Execution Gate; 8.8 Assemble the Editorial Closure Dossier and pass the Editorial Gate
FULL-MILESTONE_EVIDENCE_REGISTER_FULL,full,MILESTONE_EVIDENCE_REGISTER_FULL.csv,companion/04_TEMPLATES_FULL/MILESTONE_EVIDENCE_REGISTER_FULL.csv,12,due_date,Due date,ISO 8601 date associated with due date.,Record the accepted current value and place supporting evidence or authority in the linked field or record.,required unless explicitly and defensibly not applicable; completed records must not leave the field blank,,,"controlled project metadata; no credentials, direct identifiers or confidential payloads",ISO 8601 date (YYYY-MM-DD),3.8 Build the Evidence Base Pack and pass the Evidence Gate; 4.8 Assemble the Approved Project Protocol and pass the Design Gate; 5.8 Assemble the Execution Dossier and pass the Execution Gate; 8.8 Assemble the Editorial Closure Dossier and pass the Editorial Gate
FULL-MILESTONE_EVIDENCE_REGISTER_FULL,full,MILESTONE_EVIDENCE_REGISTER_FULL.csv,companion/04_TEMPLATES_FULL/MILESTONE_EVIDENCE_REGISTER_FULL.csv,13,status,status,Current lifecycle or decision status. Use the controlled vocabulary declared for the record.,Record the accepted current value and place supporting evidence or authority in the linked field or record.,required unless explicitly and defensibly not applicable; completed records must not leave the field blank,lifecycle_status,draft; candidate; reviewed; accepted locally; superseded; withdrawn,"controlled project metadata; no credentials, direct identifiers or confidential payloads",use one exact value from controlled vocabulary: lifecycle_status,3.8 Build the Evidence Base Pack and pass the Evidence Gate; 4.8 Assemble the Approved Project Protocol and pass the Design Gate; 5.8 Assemble the Execution Dossier and pass the Execution Gate; 8.8 Assemble the Editorial Closure Dossier and pass the Editorial Gate
FULL-MOCK_DEFENCE_AND_RECOVERY_RECORD_FULL,full,MOCK_DEFENCE_AND_RECOVERY_RECORD_FULL.csv,companion/04_TEMPLATES_FULL/MOCK_DEFENCE_AND_RECOVERY_RECORD_FULL.csv,1,test_id,Test id,"Stable identifier for one test, rehearsal or challenge.",Record the accepted current value and place supporting evidence or authority in the linked field or record.,required unless explicitly and defensibly not applicable; completed records must not leave the field blank,,,may reference restricted administrative objects; store only safe identifiers and segregated locators,non-empty stable identifier; unique within the project namespace,"9.7 Run a blind navigation, failure and mock-defence test"
FULL-MOCK_DEFENCE_AND_RECOVERY_RECORD_FULL,full,MOCK_DEFENCE_AND_RECOVERY_RECORD_FULL.csv,companion/04_TEMPLATES_FULL/MOCK_DEFENCE_AND_RECOVERY_RECORD_FULL.csv,2,test_type,Test type,Record test type in sufficiently precise terms for a competent reviewer to reconstruct and challenge the decision.,Record the accepted current value and place supporting evidence or authority in the linked field or record.,required unless explicitly and defensibly not applicable; completed records must not leave the field blank,,,may reference restricted administrative objects; store only safe identifiers and segregated locators,non-empty when required; internally consistent with linked records,"9.7 Run a blind navigation, failure and mock-defence test"
FULL-MOCK_DEFENCE_AND_RECOVERY_RECORD_FULL,full,MOCK_DEFENCE_AND_RECOVERY_RECORD_FULL.csv,companion/04_TEMPLATES_FULL/MOCK_DEFENCE_AND_RECOVERY_RECORD_FULL.csv,3,scenario_or_question,Scenario or question,Exact question represented by scenario or question.,Record the accepted current value and place supporting evidence or authority in the linked field or record.,required unless explicitly and defensibly not applicable; completed records must not leave the field blank,,,may reference restricted administrative objects; store only safe identifiers and segregated locators,non-empty when required; internally consistent with linked records,"9.7 Run a blind navigation, failure and mock-defence test"
FULL-MOCK_DEFENCE_AND_RECOVERY_RECORD_FULL,full,MOCK_DEFENCE_AND_RECOVERY_RECORD_FULL.csv,companion/04_TEMPLATES_FULL/MOCK_DEFENCE_AND_RECOVERY_RECORD_FULL.csv,4,expected_evidence_path,Expected evidence path,"Named, retrievable evidence relevant to expected evidence path; use a safe locator rather than confidential payload.",Record the accepted current value and place supporting evidence or authority in the linked field or record.,required unless explicitly and defensibly not applicable; completed records must not leave the field blank,,,may reference restricted administrative objects; store only safe identifiers and segregated locators,non-empty when required; internally consistent with linked records,"9.7 Run a blind navigation, failure and mock-defence test"
FULL-MOCK_DEFENCE_AND_RECOVERY_RECORD_FULL,full,MOCK_DEFENCE_AND_RECOVERY_RECORD_FULL.csv,companion/04_TEMPLATES_FULL/MOCK_DEFENCE_AND_RECOVERY_RECORD_FULL.csv,5,observed_response,Observed response,"Observed result for observed response, recorded without inflating interpretation.",Record the accepted current value and place supporting evidence or authority in the linked field or record.,required unless explicitly and defensibly not applicable; completed records must not leave the field blank,,,may reference restricted administrative objects; store only safe identifiers and segregated locators,non-empty when required; internally consistent with linked records,"9.7 Run a blind navigation, failure and mock-defence test"
FULL-MOCK_DEFENCE_AND_RECOVERY_RECORD_FULL,full,MOCK_DEFENCE_AND_RECOVERY_RECORD_FULL.csv,companion/04_TEMPLATES_FULL/MOCK_DEFENCE_AND_RECOVERY_RECORD_FULL.csv,6,failure_or_delay,Failure or delay,Record failure or delay in sufficiently precise terms for a competent reviewer to reconstruct and challenge the decision.,Record the accepted current value and place supporting evidence or authority in the linked field or record.,required unless explicitly and defensibly not applicable; completed records must not leave the field blank,,,may reference restricted administrative objects; store only safe identifiers and segregated locators,non-empty when required; internally consistent with linked records,"9.7 Run a blind navigation, failure and mock-defence test"
FULL-MOCK_DEFENCE_AND_RECOVERY_RECORD_FULL,full,MOCK_DEFENCE_AND_RECOVERY_RECORD_FULL.csv,companion/04_TEMPLATES_FULL/MOCK_DEFENCE_AND_RECOVERY_RECORD_FULL.csv,7,recovery_action,Recovery action,"Specific, owned and testable action for recovery action.",Record the accepted current value and place supporting evidence or authority in the linked field or record.,required unless explicitly and defensibly not applicable; completed records must not leave the field blank,,,may reference restricted administrative objects; store only safe identifiers and segregated locators,non-empty when required; internally consistent with linked records,"9.7 Run a blind navigation, failure and mock-defence test"
FULL-MOCK_DEFENCE_AND_RECOVERY_RECORD_FULL,full,MOCK_DEFENCE_AND_RECOVERY_RECORD_FULL.csv,companion/04_TEMPLATES_FULL/MOCK_DEFENCE_AND_RECOVERY_RECORD_FULL.csv,8,fallback_used,Fallback used,Record fallback used in sufficiently precise terms for a competent reviewer to reconstruct and challenge the decision.,Record the accepted current value and place supporting evidence or authority in the linked field or record.,conditional; in completed records use “not applicable — reason” rather than a blank cell,,,may reference restricted administrative objects; store only safe identifiers and segregated locators,non-empty when required; internally consistent with linked records,"9.7 Run a blind navigation, failure and mock-defence test"
FULL-MOCK_DEFENCE_AND_RECOVERY_RECORD_FULL,full,MOCK_DEFENCE_AND_RECOVERY_RECORD_FULL.csv,companion/04_TEMPLATES_FULL/MOCK_DEFENCE_AND_RECOVERY_RECORD_FULL.csv,9,scientific_identity_preserved,Scientific identity preserved,Record scientific identity preserved in sufficiently precise terms for a competent reviewer to reconstruct and challenge the decision.,Record the accepted current value and place supporting evidence or authority in the linked field or record.,required unless explicitly and defensibly not applicable; completed records must not leave the field blank,,,may reference restricted administrative objects; store only safe identifiers and segregated locators,non-empty when required; internally consistent with linked records,"9.7 Run a blind navigation, failure and mock-defence test"
FULL-MOCK_DEFENCE_AND_RECOVERY_RECORD_FULL,full,MOCK_DEFENCE_AND_RECOVERY_RECORD_FULL.csv,companion/04_TEMPLATES_FULL/MOCK_DEFENCE_AND_RECOVERY_RECORD_FULL.csv,10,earliest_return_gate,Earliest return gate,Earliest gate responsible for the defect. Later-stage repair must not conceal earlier scientific drift.,Record the accepted current value and place supporting evidence or authority in the linked field or record.,required unless explicitly and defensibly not applicable; completed records must not leave the field blank,,Project Start Pack / opening control; Problem Gate; Evidence Gate; Design Gate; Execution Gate; Claim Gate; Argument Gate; Editorial Gate; Defence Readiness Gate,may reference restricted administrative objects; store only safe identifiers and segregated locators,use one exact common gate/control name or an explicit justified external authority route where the record permits it,"9.7 Run a blind navigation, failure and mock-defence test"
FULL-MOCK_DEFENCE_AND_RECOVERY_RECORD_FULL,full,MOCK_DEFENCE_AND_RECOVERY_RECORD_FULL.csv,companion/04_TEMPLATES_FULL/MOCK_DEFENCE_AND_RECOVERY_RECORD_FULL.csv,11,reviewer,reviewer,Named person or competent role that inspected the current version.,Record the accepted current value and place supporting evidence or authority in the linked field or record.,required unless explicitly and defensibly not applicable; completed records must not leave the field blank,,,may reference restricted administrative objects; store only safe identifiers and segregated locators,non-empty when required; internally consistent with linked records,"9.7 Run a blind navigation, failure and mock-defence test"
FULL-MOCK_DEFENCE_AND_RECOVERY_RECORD_FULL,full,MOCK_DEFENCE_AND_RECOVERY_RECORD_FULL.csv,companion/04_TEMPLATES_FULL/MOCK_DEFENCE_AND_RECOVERY_RECORD_FULL.csv,12,date,date,"ISO 8601 date on which the action, observation or disposition occurred.",Record the accepted current value and place supporting evidence or authority in the linked field or record.,required unless explicitly and defensibly not applicable; completed records must not leave the field blank,,,may reference restricted administrative objects; store only safe identifiers and segregated locators,ISO 8601 date (YYYY-MM-DD),"9.7 Run a blind navigation, failure and mock-defence test"
FULL-MOCK_DEFENCE_AND_RECOVERY_RECORD_FULL,full,MOCK_DEFENCE_AND_RECOVERY_RECORD_FULL.csv,companion/04_TEMPLATES_FULL/MOCK_DEFENCE_AND_RECOVERY_RECORD_FULL.csv,13,status,status,Current lifecycle or decision status. Use the controlled vocabulary declared for the record.,Record the accepted current value and place supporting evidence or authority in the linked field or record.,required unless explicitly and defensibly not applicable; completed records must not leave the field blank,lifecycle_status,draft; candidate; reviewed; accepted locally; superseded; withdrawn,may reference restricted administrative objects; store only safe identifiers and segregated locators,use one exact value from controlled vocabulary: lifecycle_status,"9.7 Run a blind navigation, failure and mock-defence test"
FULL-PACKAGE_CONSISTENCY_RECORD_FULL,full,PACKAGE_CONSISTENCY_RECORD_FULL.csv,companion/04_TEMPLATES_FULL/PACKAGE_CONSISTENCY_RECORD_FULL.csv,1,interface_id,Interface id,Stable identifier for interface id. Use a reproducible project naming convention.,Record the accepted current value and place supporting evidence or authority in the linked field or record.,required unless explicitly and defensibly not applicable; completed records must not leave the field blank,,,may reference restricted administrative objects; store only safe identifiers and segregated locators,non-empty stable identifier; unique within the project namespace,9.1 The defence that exposed four incompatible records; 9.3 Build one assessable record across controlled interfaces
FULL-PACKAGE_CONSISTENCY_RECORD_FULL,full,PACKAGE_CONSISTENCY_RECORD_FULL.csv,companion/04_TEMPLATES_FULL/PACKAGE_CONSISTENCY_RECORD_FULL.csv,2,interface,interface,Record interface in sufficiently precise terms for a competent reviewer to reconstruct and challenge the decision.,Record the accepted current value and place supporting evidence or authority in the linked field or record.,required unless explicitly and defensibly not applicable; completed records must not leave the field blank,,,may reference restricted administrative objects; store only safe identifiers and segregated locators,non-empty when required; internally consistent with linked records,9.1 The defence that exposed four incompatible records; 9.3 Build one assessable record across controlled interfaces
FULL-PACKAGE_CONSISTENCY_RECORD_FULL,full,PACKAGE_CONSISTENCY_RECORD_FULL.csv,companion/04_TEMPLATES_FULL/PACKAGE_CONSISTENCY_RECORD_FULL.csv,3,authoritative_source,Authoritative source,"Verified source or identity information for authoritative source, sufficient for independent resolution.",Record the accepted current value and place supporting evidence or authority in the linked field or record.,required unless explicitly and defensibly not applicable; completed records must not leave the field blank,,,may reference restricted administrative objects; store only safe identifiers and segregated locators,non-empty when required; internally consistent with linked records,9.1 The defence that exposed four incompatible records; 9.3 Build one assessable record across controlled interfaces
FULL-PACKAGE_CONSISTENCY_RECORD_FULL,full,PACKAGE_CONSISTENCY_RECORD_FULL.csv,companion/04_TEMPLATES_FULL/PACKAGE_CONSISTENCY_RECORD_FULL.csv,4,version,version,Explicit version identifier for the record or object. Do not rely on file modification time.,Record the accepted current value and place supporting evidence or authority in the linked field or record.,required unless explicitly and defensibly not applicable; completed records must not leave the field blank,,,may reference restricted administrative objects; store only safe identifiers and segregated locators,explicit version or dated revision; no ambiguous labels such as final-final,9.1 The defence that exposed four incompatible records; 9.3 Build one assessable record across controlled interfaces
FULL-PACKAGE_CONSISTENCY_RECORD_FULL,full,PACKAGE_CONSISTENCY_RECORD_FULL.csv,companion/04_TEMPLATES_FULL/PACKAGE_CONSISTENCY_RECORD_FULL.csv,5,hash_or_identifier,Hash or identifier,Cryptographic digest or controlled identifier for hash or identifier.,Record the accepted current value and place supporting evidence or authority in the linked field or record.,required unless explicitly and defensibly not applicable; completed records must not leave the field blank,,,may reference restricted administrative objects; store only safe identifiers and segregated locators,non-empty when required; internally consistent with linked records,9.1 The defence that exposed four incompatible records; 9.3 Build one assessable record across controlled interfaces
FULL-PACKAGE_CONSISTENCY_RECORD_FULL,full,PACKAGE_CONSISTENCY_RECORD_FULL.csv,companion/04_TEMPLATES_FULL/PACKAGE_CONSISTENCY_RECORD_FULL.csv,6,scientific_identity_test,Scientific identity test,Record scientific identity test in sufficiently precise terms for a competent reviewer to reconstruct and challenge the decision.,Record the accepted current value and place supporting evidence or authority in the linked field or record.,required unless explicitly and defensibly not applicable; completed records must not leave the field blank,,,may reference restricted administrative objects; store only safe identifiers and segregated locators,non-empty when required; internally consistent with linked records,9.1 The defence that exposed four incompatible records; 9.3 Build one assessable record across controlled interfaces
FULL-PACKAGE_CONSISTENCY_RECORD_FULL,full,PACKAGE_CONSISTENCY_RECORD_FULL.csv,companion/04_TEMPLATES_FULL/PACKAGE_CONSISTENCY_RECORD_FULL.csv,7,rights_status,Rights status,"Permission, licence, ownership or unresolved-rights status for the intended use.",Record the accepted current value and place supporting evidence or authority in the linked field or record.,required unless explicitly and defensibly not applicable; completed records must not leave the field blank,rights_status,pending clearance; cleared for declared use; restricted; prohibited; not applicable,may reference restricted administrative objects; store only safe identifiers and segregated locators,use one exact value from controlled vocabulary: rights_status,9.1 The defence that exposed four incompatible records; 9.3 Build one assessable record across controlled interfaces
FULL-PACKAGE_CONSISTENCY_RECORD_FULL,full,PACKAGE_CONSISTENCY_RECORD_FULL.csv,companion/04_TEMPLATES_FULL/PACKAGE_CONSISTENCY_RECORD_FULL.csv,8,privacy_status,Privacy status,"Public, internal, confidential, restricted or mixed access state after review.",Record the accepted current value and place supporting evidence or authority in the linked field or record.,required unless explicitly and defensibly not applicable; completed records must not leave the field blank,privacy_class,public; internal; confidential; restricted; mixed,may reference restricted administrative objects; store only safe identifiers and segregated locators,use one exact value from controlled vocabulary: privacy_class,9.1 The defence that exposed four incompatible records; 9.3 Build one assessable record across controlled interfaces
FULL-PACKAGE_CONSISTENCY_RECORD_FULL,full,PACKAGE_CONSISTENCY_RECORD_FULL.csv,companion/04_TEMPLATES_FULL/PACKAGE_CONSISTENCY_RECORD_FULL.csv,9,mismatch,mismatch,Record mismatch in sufficiently precise terms for a competent reviewer to reconstruct and challenge the decision.,Record the accepted current value and place supporting evidence or authority in the linked field or record.,required unless explicitly and defensibly not applicable; completed records must not leave the field blank,,,may reference restricted administrative objects; store only safe identifiers and segregated locators,non-empty when required; internally consistent with linked records,9.1 The defence that exposed four incompatible records; 9.3 Build one assessable record across controlled interfaces
FULL-PACKAGE_CONSISTENCY_RECORD_FULL,full,PACKAGE_CONSISTENCY_RECORD_FULL.csv,companion/04_TEMPLATES_FULL/PACKAGE_CONSISTENCY_RECORD_FULL.csv,10,repair,repair,"Specific, owned and testable action for repair.",Record the accepted current value and place supporting evidence or authority in the linked field or record.,conditional; in completed records use “not applicable — reason” rather than a blank cell,,,may reference restricted administrative objects; store only safe identifiers and segregated locators,non-empty when required; internally consistent with linked records,9.1 The defence that exposed four incompatible records; 9.3 Build one assessable record across controlled interfaces
FULL-PACKAGE_CONSISTENCY_RECORD_FULL,full,PACKAGE_CONSISTENCY_RECORD_FULL.csv,companion/04_TEMPLATES_FULL/PACKAGE_CONSISTENCY_RECORD_FULL.csv,11,retest_evidence,Retest evidence,"Named, retrievable evidence relevant to retest evidence; use a safe locator rather than confidential payload.",Record the accepted current value and place supporting evidence or authority in the linked field or record.,conditional; in completed records use “not applicable — reason” rather than a blank cell,,,may reference restricted administrative objects; store only safe identifiers and segregated locators,non-empty when required; internally consistent with linked records,9.1 The defence that exposed four incompatible records; 9.3 Build one assessable record across controlled interfaces
FULL-PACKAGE_CONSISTENCY_RECORD_FULL,full,PACKAGE_CONSISTENCY_RECORD_FULL.csv,companion/04_TEMPLATES_FULL/PACKAGE_CONSISTENCY_RECORD_FULL.csv,12,reviewer,reviewer,Named person or competent role that inspected the current version.,Record the accepted current value and place supporting evidence or authority in the linked field or record.,required unless explicitly and defensibly not applicable; completed records must not leave the field blank,,,may reference restricted administrative objects; store only safe identifiers and segregated locators,non-empty when required; internally consistent with linked records,9.1 The defence that exposed four incompatible records; 9.3 Build one assessable record across controlled interfaces
FULL-PACKAGE_CONSISTENCY_RECORD_FULL,full,PACKAGE_CONSISTENCY_RECORD_FULL.csv,companion/04_TEMPLATES_FULL/PACKAGE_CONSISTENCY_RECORD_FULL.csv,13,date,date,"ISO 8601 date on which the action, observation or disposition occurred.",Record the accepted current value and place supporting evidence or authority in the linked field or record.,required unless explicitly and defensibly not applicable; completed records must not leave the field blank,,,may reference restricted administrative objects; store only safe identifiers and segregated locators,ISO 8601 date (YYYY-MM-DD),9.1 The defence that exposed four incompatible records; 9.3 Build one assessable record across controlled interfaces
FULL-PACKAGE_CONSISTENCY_RECORD_FULL,full,PACKAGE_CONSISTENCY_RECORD_FULL.csv,companion/04_TEMPLATES_FULL/PACKAGE_CONSISTENCY_RECORD_FULL.csv,14,status,status,Current lifecycle or decision status. Use the controlled vocabulary declared for the record.,Record the accepted current value and place supporting evidence or authority in the linked field or record.,required unless explicitly and defensibly not applicable; completed records must not leave the field blank,lifecycle_status,draft; candidate; reviewed; accepted locally; superseded; withdrawn,may reference restricted administrative objects; store only safe identifiers and segregated locators,use one exact value from controlled vocabulary: lifecycle_status,9.1 The defence that exposed four incompatible records; 9.3 Build one assessable record across controlled interfaces
FULL-PRESENTATION_SPINE_RECORD_FULL,full,PRESENTATION_SPINE_RECORD_FULL.csv,companion/04_TEMPLATES_FULL/PRESENTATION_SPINE_RECORD_FULL.csv,1,slide_or_block,Slide or block,Record slide or block in sufficiently precise terms for a competent reviewer to reconstruct and challenge the decision.,Record the accepted current value and place supporting evidence or authority in the linked field or record.,required unless explicitly and defensibly not applicable; completed records must not leave the field blank,,,"controlled project metadata; no credentials, direct identifiers or confidential payloads",non-empty when required; internally consistent with linked records,9.5 Build a claim-led presentation with a compressible spine
FULL-PRESENTATION_SPINE_RECORD_FULL,full,PRESENTATION_SPINE_RECORD_FULL.csv,companion/04_TEMPLATES_FULL/PRESENTATION_SPINE_RECORD_FULL.csv,2,purpose,purpose,Record purpose in sufficiently precise terms for a competent reviewer to reconstruct and challenge the decision.,Record the accepted current value and place supporting evidence or authority in the linked field or record.,required unless explicitly and defensibly not applicable; completed records must not leave the field blank,,,"controlled project metadata; no credentials, direct identifiers or confidential payloads",non-empty when required; internally consistent with linked records,9.5 Build a claim-led presentation with a compressible spine
FULL-PRESENTATION_SPINE_RECORD_FULL,full,PRESENTATION_SPINE_RECORD_FULL.csv,companion/04_TEMPLATES_FULL/PRESENTATION_SPINE_RECORD_FULL.csv,3,claim_or_question,Claim or question,Exact question represented by claim or question.,Record the accepted current value and place supporting evidence or authority in the linked field or record.,required unless explicitly and defensibly not applicable; completed records must not leave the field blank,,,"controlled project metadata; no credentials, direct identifiers or confidential payloads",non-empty when required; internally consistent with linked records,9.5 Build a claim-led presentation with a compressible spine
FULL-PRESENTATION_SPINE_RECORD_FULL,full,PRESENTATION_SPINE_RECORD_FULL.csv,companion/04_TEMPLATES_FULL/PRESENTATION_SPINE_RECORD_FULL.csv,4,decisive_evidence,Decisive evidence,"Named, retrievable evidence relevant to decisive evidence; use a safe locator rather than confidential payload.",Record the accepted current value and place supporting evidence or authority in the linked field or record.,required unless explicitly and defensibly not applicable; completed records must not leave the field blank,,,"controlled project metadata; no credentials, direct identifiers or confidential payloads",non-empty when required; internally consistent with linked records,9.5 Build a claim-led presentation with a compressible spine
FULL-PRESENTATION_SPINE_RECORD_FULL,full,PRESENTATION_SPINE_RECORD_FULL.csv,companion/04_TEMPLATES_FULL/PRESENTATION_SPINE_RECORD_FULL.csv,5,boundary,boundary,"Explicit scope limit for population, case, corpus, time, environment, method or transfer.",Record the accepted current value and place supporting evidence or authority in the linked field or record.,required unless explicitly and defensibly not applicable; completed records must not leave the field blank,,,"controlled project metadata; no credentials, direct identifiers or confidential payloads",non-empty when required; internally consistent with linked records,9.5 Build a claim-led presentation with a compressible spine
FULL-PRESENTATION_SPINE_RECORD_FULL,full,PRESENTATION_SPINE_RECORD_FULL.csv,companion/04_TEMPLATES_FULL/PRESENTATION_SPINE_RECORD_FULL.csv,6,visual_object,Visual object,Record visual object in sufficiently precise terms for a competent reviewer to reconstruct and challenge the decision.,Record the accepted current value and place supporting evidence or authority in the linked field or record.,required unless explicitly and defensibly not applicable; completed records must not leave the field blank,,,"controlled project metadata; no credentials, direct identifiers or confidential payloads",non-empty when required; internally consistent with linked records,9.5 Build a claim-led presentation with a compressible spine
FULL-PRESENTATION_SPINE_RECORD_FULL,full,PRESENTATION_SPINE_RECORD_FULL.csv,companion/04_TEMPLATES_FULL/PRESENTATION_SPINE_RECORD_FULL.csv,7,source_location,Source location,"Verified source or identity information for source location, sufficient for independent resolution.",Record the accepted current value and place supporting evidence or authority in the linked field or record.,required unless explicitly and defensibly not applicable; completed records must not leave the field blank,,,"controlled project metadata; no credentials, direct identifiers or confidential payloads",non-empty when required; internally consistent with linked records,9.5 Build a claim-led presentation with a compressible spine
FULL-PRESENTATION_SPINE_RECORD_FULL,full,PRESENTATION_SPINE_RECORD_FULL.csv,companion/04_TEMPLATES_FULL/PRESENTATION_SPINE_RECORD_FULL.csv,8,time_budget,Time budget,Record time budget in sufficiently precise terms for a competent reviewer to reconstruct and challenge the decision.,Record the accepted current value and place supporting evidence or authority in the linked field or record.,required unless explicitly and defensibly not applicable; completed records must not leave the field blank,,,"controlled project metadata; no credentials, direct identifiers or confidential payloads",non-empty when required; internally consistent with linked records,9.5 Build a claim-led presentation with a compressible spine
FULL-PRESENTATION_SPINE_RECORD_FULL,full,PRESENTATION_SPINE_RECORD_FULL.csv,companion/04_TEMPLATES_FULL/PRESENTATION_SPINE_RECORD_FULL.csv,9,accessibility_check,Accessibility check,Record accessibility check in sufficiently precise terms for a competent reviewer to reconstruct and challenge the decision.,Record the accepted current value and place supporting evidence or authority in the linked field or record.,required unless explicitly and defensibly not applicable; completed records must not leave the field blank,,,"controlled project metadata; no credentials, direct identifiers or confidential payloads",non-empty when required; internally consistent with linked records,9.5 Build a claim-led presentation with a compressible spine
FULL-PRESENTATION_SPINE_RECORD_FULL,full,PRESENTATION_SPINE_RECORD_FULL.csv,companion/04_TEMPLATES_FULL/PRESENTATION_SPINE_RECORD_FULL.csv,10,prohibited_overclaim,Prohibited overclaim,Exact bounded claim or claim-related role represented by prohibited overclaim.,Record the accepted current value and place supporting evidence or authority in the linked field or record.,required unless explicitly and defensibly not applicable; completed records must not leave the field blank,,,"controlled project metadata; no credentials, direct identifiers or confidential payloads",non-empty when required; internally consistent with linked records,9.5 Build a claim-led presentation with a compressible spine
FULL-PRESENTATION_SPINE_RECORD_FULL,full,PRESENTATION_SPINE_RECORD_FULL.csv,companion/04_TEMPLATES_FULL/PRESENTATION_SPINE_RECORD_FULL.csv,11,rehearsal_result,Rehearsal result,"Observed result for rehearsal result, recorded without inflating interpretation.",Record the accepted current value and place supporting evidence or authority in the linked field or record.,required unless explicitly and defensibly not applicable; completed records must not leave the field blank,rehearsal_result,pass; pass with conditions; repair; return,"controlled project metadata; no credentials, direct identifiers or confidential payloads",use one exact value from controlled vocabulary: rehearsal_result,9.5 Build a claim-led presentation with a compressible spine
FULL-PRESENTATION_SPINE_RECORD_FULL,full,PRESENTATION_SPINE_RECORD_FULL.csv,companion/04_TEMPLATES_FULL/PRESENTATION_SPINE_RECORD_FULL.csv,12,status,status,Current lifecycle or decision status. Use the controlled vocabulary declared for the record.,Record the accepted current value and place supporting evidence or authority in the linked field or record.,required unless explicitly and defensibly not applicable; completed records must not leave the field blank,lifecycle_status,draft; candidate; reviewed; accepted locally; superseded; withdrawn,"controlled project metadata; no credentials, direct identifiers or confidential payloads",use one exact value from controlled vocabulary: lifecycle_status,9.5 Build a claim-led presentation with a compressible spine
FULL-PROJECT_START_PACK_FULL,full,PROJECT_START_PACK_FULL.csv,companion/04_TEMPLATES_FULL/PROJECT_START_PACK_FULL.csv,1,Project identifier,Project identifier,Stable identifier.,Record the accepted current value and place supporting evidence or authority in the linked field or record.,required unless explicitly and defensibly not applicable; completed records must not leave the field blank,,,"controlled project metadata; no credentials, direct identifiers or confidential payloads",non-empty when required; internally consistent with linked records,"1.4 Bachelor’s and master’s work: the same evidential spine, different expectations; 1.8 Build your Project Start Pack"
FULL-PROJECT_START_PACK_FULL,full,PROJECT_START_PACK_FULL.csv,companion/04_TEMPLATES_FULL/PROJECT_START_PACK_FULL.csv,2,Assessed product,Assessed product,Exact product type.,Record the accepted current value and place supporting evidence or authority in the linked field or record.,required unless explicitly and defensibly not applicable; completed records must not leave the field blank,,,"controlled project metadata; no credentials, direct identifiers or confidential payloads",non-empty when required; internally consistent with linked records,"1.4 Bachelor’s and master’s work: the same evidential spine, different expectations; 1.8 Build your Project Start Pack"
FULL-PROJECT_START_PACK_FULL,full,PROJECT_START_PACK_FULL.csv,companion/04_TEMPLATES_FULL/PROJECT_START_PACK_FULL.csv,3,Working title,Working title,Current recorded title.,Record the accepted current value and place supporting evidence or authority in the linked field or record.,required unless explicitly and defensibly not applicable; completed records must not leave the field blank,,,"controlled project metadata; no credentials, direct identifiers or confidential payloads",non-empty when required; internally consistent with linked records,"1.4 Bachelor’s and master’s work: the same evidential spine, different expectations; 1.8 Build your Project Start Pack"
FULL-PROJECT_START_PACK_FULL,full,PROJECT_START_PACK_FULL.csv,companion/04_TEMPLATES_FULL/PROJECT_START_PACK_FULL.csv,4,Observed situation,Observed situation,Evidence-based context.,Record the accepted current value and place supporting evidence or authority in the linked field or record.,required unless explicitly and defensibly not applicable; completed records must not leave the field blank,,,"controlled project metadata; no credentials, direct identifiers or confidential payloads",non-empty when required; internally consistent with linked records,"1.4 Bachelor’s and master’s work: the same evidential spine, different expectations; 1.8 Build your Project Start Pack"
FULL-PROJECT_START_PACK_FULL,full,PROJECT_START_PACK_FULL.csv,companion/04_TEMPLATES_FULL/PROJECT_START_PACK_FULL.csv,5,Problem,Problem,Consequential and bounded problem.,Record the accepted current value and place supporting evidence or authority in the linked field or record.,required unless explicitly and defensibly not applicable; completed records must not leave the field blank,,,"controlled project metadata; no credentials, direct identifiers or confidential payloads",non-empty when required; internally consistent with linked records,"1.4 Bachelor’s and master’s work: the same evidential spine, different expectations; 1.8 Build your Project Start Pack"
FULL-PROJECT_START_PACK_FULL,full,PROJECT_START_PACK_FULL.csv,companion/04_TEMPLATES_FULL/PROJECT_START_PACK_FULL.csv,6,Provisional route,Provisional route,Dominant and secondary route.,Record the accepted current value and place supporting evidence or authority in the linked field or record.,required unless explicitly and defensibly not applicable; completed records must not leave the field blank,route,build-and-evaluate; algorithmic or simulation study; predictive or machine-learning study; quantitative empirical study; qualitative inquiry; case study; formal evidence synthesis; hybrid route,"controlled project metadata; no credentials, direct identifiers or confidential payloads",use one exact value from controlled vocabulary: route,"1.4 Bachelor’s and master’s work: the same evidential spine, different expectations; 1.8 Build your Project Start Pack"
FULL-PROJECT_START_PACK_FULL,full,PROJECT_START_PACK_FULL.csv,companion/04_TEMPLATES_FULL/PROJECT_START_PACK_FULL.csv,7,Research object,Research object,"Artefact, population, case, corpus, process or study set.",Record the accepted current value and place supporting evidence or authority in the linked field or record.,required unless explicitly and defensibly not applicable; completed records must not leave the field blank,,,"controlled project metadata; no credentials, direct identifiers or confidential payloads",non-empty when required; internally consistent with linked records,"1.4 Bachelor’s and master’s work: the same evidential spine, different expectations; 1.8 Build your Project Start Pack"
FULL-PROJECT_START_PACK_FULL,full,PROJECT_START_PACK_FULL.csv,companion/04_TEMPLATES_FULL/PROJECT_START_PACK_FULL.csv,8,Access status,Access status,"Data, participants, systems, documents, compute and sources.",Record the accepted current value and place supporting evidence or authority in the linked field or record.,required unless explicitly and defensibly not applicable; completed records must not leave the field blank,access_status,pending verification; available; available with conditions; restricted; unavailable; not applicable,"controlled project metadata; no credentials, direct identifiers or confidential payloads",use one exact value from controlled vocabulary: access_status,"1.4 Bachelor’s and master’s work: the same evidential spine, different expectations; 1.8 Build your Project Start Pack"
FULL-PROJECT_START_PACK_FULL,full,PROJECT_START_PACK_FULL.csv,companion/04_TEMPLATES_FULL/PROJECT_START_PACK_FULL.csv,9,Authority map,Authority map,"Advice, academic approval, ethics, data owner, security and licence authority.",Record the accepted current value and place supporting evidence or authority in the linked field or record.,required unless explicitly and defensibly not applicable; completed records must not leave the field blank,,,"controlled project metadata; no credentials, direct identifiers or confidential payloads",non-empty when required; internally consistent with linked records,"1.4 Bachelor’s and master’s work: the same evidential spine, different expectations; 1.8 Build your Project Start Pack"
FULL-PROJECT_START_PACK_FULL,full,PROJECT_START_PACK_FULL.csv,companion/04_TEMPLATES_FULL/PROJECT_START_PACK_FULL.csv,10,Confidentiality class,Confidentiality class,"Public, internal, confidential, restricted or mixed.",Record the accepted current value and place supporting evidence or authority in the linked field or record.,required unless explicitly and defensibly not applicable; completed records must not leave the field blank,privacy_class,public; internal; confidential; restricted; mixed,"controlled project metadata; no credentials, direct identifiers or confidential payloads",use one exact value from controlled vocabulary: privacy_class,"1.4 Bachelor’s and master’s work: the same evidential spine, different expectations; 1.8 Build your Project Start Pack"
FULL-PROJECT_START_PACK_FULL,full,PROJECT_START_PACK_FULL.csv,companion/04_TEMPLATES_FULL/PROJECT_START_PACK_FULL.csv,11,Feasibility risks,Feasibility risks,"Time, skills, compute, recruitment, access, licence and evaluation burden.",Record the accepted current value and place supporting evidence or authority in the linked field or record.,required unless explicitly and defensibly not applicable; completed records must not leave the field blank,,,"controlled project metadata; no credentials, direct identifiers or confidential payloads",non-empty when required; internally consistent with linked records,"1.4 Bachelor’s and master’s work: the same evidential spine, different expectations; 1.8 Build your Project Start Pack"
FULL-PROJECT_START_PACK_FULL,full,PROJECT_START_PACK_FULL.csv,companion/04_TEMPLATES_FULL/PROJECT_START_PACK_FULL.csv,12,Workspace root,Workspace root,Authoritative working location; do not record credentials.,Record the accepted current value and place supporting evidence or authority in the linked field or record.,required unless explicitly and defensibly not applicable; completed records must not leave the field blank,,,"controlled project metadata; no credentials, direct identifiers or confidential payloads",non-empty when required; internally consistent with linked records,"1.4 Bachelor’s and master’s work: the same evidential spine, different expectations; 1.8 Build your Project Start Pack"
FULL-PROJECT_START_PACK_FULL,full,PROJECT_START_PACK_FULL.csv,companion/04_TEMPLATES_FULL/PROJECT_START_PACK_FULL.csv,13,First deliverable,First deliverable,One bounded inspectable object.,Record the accepted current value and place supporting evidence or authority in the linked field or record.,required unless explicitly and defensibly not applicable; completed records must not leave the field blank,,,"controlled project metadata; no credentials, direct identifiers or confidential payloads",non-empty when required; internally consistent with linked records,"1.4 Bachelor’s and master’s work: the same evidential spine, different expectations; 1.8 Build your Project Start Pack"
FULL-PROJECT_START_PACK_FULL,full,PROJECT_START_PACK_FULL.csv,companion/04_TEMPLATES_FULL/PROJECT_START_PACK_FULL.csv,14,Owner,Owner,Responsible student.,Record the accepted current value and place supporting evidence or authority in the linked field or record.,required unless explicitly and defensibly not applicable; completed records must not leave the field blank,,,"controlled project metadata; no credentials, direct identifiers or confidential payloads",non-empty when required; internally consistent with linked records,"1.4 Bachelor’s and master’s work: the same evidential spine, different expectations; 1.8 Build your Project Start Pack"
FULL-PROJECT_START_PACK_FULL,full,PROJECT_START_PACK_FULL.csv,companion/04_TEMPLATES_FULL/PROJECT_START_PACK_FULL.csv,15,Reviewer decision,Reviewer decision,"Proceed, proceed with actions, repair or stop.",Record the accepted current value and place supporting evidence or authority in the linked field or record.,required unless explicitly and defensibly not applicable; completed records must not leave the field blank,,,"controlled project metadata; no credentials, direct identifiers or confidential payloads",non-empty when required; internally consistent with linked records,"1.4 Bachelor’s and master’s work: the same evidential spine, different expectations; 1.8 Build your Project Start Pack"
FULL-PROJECT_START_PACK_FULL,full,PROJECT_START_PACK_FULL.csv,companion/04_TEMPLATES_FULL/PROJECT_START_PACK_FULL.csv,16,"Version, date and next review","Version, date and next review",Stable version record.,Record the accepted current value and place supporting evidence or authority in the linked field or record.,required unless explicitly and defensibly not applicable; completed records must not leave the field blank,,,"controlled project metadata; no credentials, direct identifiers or confidential payloads",explicit version or dated revision; no ambiguous labels such as final-final,"1.4 Bachelor’s and master’s work: the same evidential spine, different expectations; 1.8 Build your Project Start Pack"
FULL-RISK_ASSUMPTION_REGISTER_FULL,full,RISK_ASSUMPTION_REGISTER_FULL.csv,companion/04_TEMPLATES_FULL/RISK_ASSUMPTION_REGISTER_FULL.csv,1,item_id,Item id,Stable identifier for item id. Use a reproducible project naming convention.,Record the accepted current value and place supporting evidence or authority in the linked field or record.,required unless explicitly and defensibly not applicable; completed records must not leave the field blank,,,"controlled project metadata; no credentials, direct identifiers or confidential payloads",non-empty stable identifier; unique within the project namespace,4.4 Plan a proportionate software artefact
FULL-RISK_ASSUMPTION_REGISTER_FULL,full,RISK_ASSUMPTION_REGISTER_FULL.csv,companion/04_TEMPLATES_FULL/RISK_ASSUMPTION_REGISTER_FULL.csv,2,type,type,Record type in sufficiently precise terms for a competent reviewer to reconstruct and challenge the decision.,Record the accepted current value and place supporting evidence or authority in the linked field or record.,required unless explicitly and defensibly not applicable; completed records must not leave the field blank,,,"controlled project metadata; no credentials, direct identifiers or confidential payloads",non-empty when required; internally consistent with linked records,4.4 Plan a proportionate software artefact
FULL-RISK_ASSUMPTION_REGISTER_FULL,full,RISK_ASSUMPTION_REGISTER_FULL.csv,companion/04_TEMPLATES_FULL/RISK_ASSUMPTION_REGISTER_FULL.csv,3,statement,statement,Record statement in sufficiently precise terms for a competent reviewer to reconstruct and challenge the decision.,Record the accepted current value and place supporting evidence or authority in the linked field or record.,required unless explicitly and defensibly not applicable; completed records must not leave the field blank,,,"controlled project metadata; no credentials, direct identifiers or confidential payloads",non-empty when required; internally consistent with linked records,4.4 Plan a proportionate software artefact
FULL-RISK_ASSUMPTION_REGISTER_FULL,full,RISK_ASSUMPTION_REGISTER_FULL.csv,companion/04_TEMPLATES_FULL/RISK_ASSUMPTION_REGISTER_FULL.csv,4,basis,basis,Record basis in sufficiently precise terms for a competent reviewer to reconstruct and challenge the decision.,Record the accepted current value and place supporting evidence or authority in the linked field or record.,required unless explicitly and defensibly not applicable; completed records must not leave the field blank,,,"controlled project metadata; no credentials, direct identifiers or confidential payloads",non-empty when required; internally consistent with linked records,4.4 Plan a proportionate software artefact
FULL-RISK_ASSUMPTION_REGISTER_FULL,full,RISK_ASSUMPTION_REGISTER_FULL.csv,companion/04_TEMPLATES_FULL/RISK_ASSUMPTION_REGISTER_FULL.csv,5,likelihood_or_uncertainty,Likelihood or uncertainty,"Material constraint, uncertainty or boundary associated with likelihood or uncertainty.",Record the accepted current value and place supporting evidence or authority in the linked field or record.,required unless explicitly and defensibly not applicable; completed records must not leave the field blank,,,"controlled project metadata; no credentials, direct identifiers or confidential payloads",non-empty when required; internally consistent with linked records,4.4 Plan a proportionate software artefact
FULL-RISK_ASSUMPTION_REGISTER_FULL,full,RISK_ASSUMPTION_REGISTER_FULL.csv,companion/04_TEMPLATES_FULL/RISK_ASSUMPTION_REGISTER_FULL.csv,6,impact,impact,Record impact in sufficiently precise terms for a competent reviewer to reconstruct and challenge the decision.,Record the accepted current value and place supporting evidence or authority in the linked field or record.,required unless explicitly and defensibly not applicable; completed records must not leave the field blank,,,"controlled project metadata; no credentials, direct identifiers or confidential payloads",non-empty when required; internally consistent with linked records,4.4 Plan a proportionate software artefact
FULL-RISK_ASSUMPTION_REGISTER_FULL,full,RISK_ASSUMPTION_REGISTER_FULL.csv,companion/04_TEMPLATES_FULL/RISK_ASSUMPTION_REGISTER_FULL.csv,7,mitigation_or_test,Mitigation or test,"Specific, owned and testable action for mitigation or test.",Record the accepted current value and place supporting evidence or authority in the linked field or record.,required unless explicitly and defensibly not applicable; completed records must not leave the field blank,,,"controlled project metadata; no credentials, direct identifiers or confidential payloads",non-empty when required; internally consistent with linked records,4.4 Plan a proportionate software artefact
FULL-RISK_ASSUMPTION_REGISTER_FULL,full,RISK_ASSUMPTION_REGISTER_FULL.csv,companion/04_TEMPLATES_FULL/RISK_ASSUMPTION_REGISTER_FULL.csv,8,owner,owner,Person responsible for the object or next action. Use a role rather than personal contact data when appropriate.,Record the accepted current value and place supporting evidence or authority in the linked field or record.,required unless explicitly and defensibly not applicable; completed records must not leave the field blank,,,"controlled project metadata; no credentials, direct identifiers or confidential payloads",non-empty when required; internally consistent with linked records,4.4 Plan a proportionate software artefact
FULL-RISK_ASSUMPTION_REGISTER_FULL,full,RISK_ASSUMPTION_REGISTER_FULL.csv,companion/04_TEMPLATES_FULL/RISK_ASSUMPTION_REGISTER_FULL.csv,9,trigger,trigger,Record trigger in sufficiently precise terms for a competent reviewer to reconstruct and challenge the decision.,Record the accepted current value and place supporting evidence or authority in the linked field or record.,required unless explicitly and defensibly not applicable; completed records must not leave the field blank,,,"controlled project metadata; no credentials, direct identifiers or confidential payloads",non-empty when required; internally consistent with linked records,4.4 Plan a proportionate software artefact
FULL-RISK_ASSUMPTION_REGISTER_FULL,full,RISK_ASSUMPTION_REGISTER_FULL.csv,companion/04_TEMPLATES_FULL/RISK_ASSUMPTION_REGISTER_FULL.csv,10,decision_consequence,Decision consequence,Record decision consequence in sufficiently precise terms for a competent reviewer to reconstruct and challenge the decision.,Record the accepted current value and place supporting evidence or authority in the linked field or record.,required unless explicitly and defensibly not applicable; completed records must not leave the field blank,,continue; narrow; pivot; stop,"controlled project metadata; no credentials, direct identifiers or confidential payloads",non-empty when required; internally consistent with linked records,4.4 Plan a proportionate software artefact
FULL-RISK_ASSUMPTION_REGISTER_FULL,full,RISK_ASSUMPTION_REGISTER_FULL.csv,companion/04_TEMPLATES_FULL/RISK_ASSUMPTION_REGISTER_FULL.csv,11,status,status,Current lifecycle or decision status. Use the controlled vocabulary declared for the record.,Record the accepted current value and place supporting evidence or authority in the linked field or record.,required unless explicitly and defensibly not applicable; completed records must not leave the field blank,lifecycle_status,draft; candidate; reviewed; accepted locally; superseded; withdrawn,"controlled project metadata; no credentials, direct identifiers or confidential payloads",use one exact value from controlled vocabulary: lifecycle_status,4.4 Plan a proportionate software artefact
FULL-RISK_ASSUMPTION_REGISTER_FULL,full,RISK_ASSUMPTION_REGISTER_FULL.csv,companion/04_TEMPLATES_FULL/RISK_ASSUMPTION_REGISTER_FULL.csv,12,version,version,Explicit version identifier for the record or object. Do not rely on file modification time.,Record the accepted current value and place supporting evidence or authority in the linked field or record.,required unless explicitly and defensibly not applicable; completed records must not leave the field blank,,,"controlled project metadata; no credentials, direct identifiers or confidential payloads",explicit version or dated revision; no ambiguous labels such as final-final,4.4 Plan a proportionate software artefact
FULL-ROUTE_SELECTOR_FULL,full,ROUTE_SELECTOR_FULL.csv,companion/04_TEMPLATES_FULL/ROUTE_SELECTOR_FULL.csv,1,Assessed product,Assessed product,"Project, bachelor’s thesis, master’s dissertation or formal evidence synthesis.",Record the accepted current value and place supporting evidence or authority in the linked field or record.,required unless explicitly and defensibly not applicable; completed records must not leave the field blank,,,"controlled project metadata; no credentials, direct identifiers or confidential payloads",non-empty when required; internally consistent with linked records,"1.2 What are you actually preparing?; 1.4 Bachelor’s and master’s work: the same evidential spine, different expectations"
FULL-ROUTE_SELECTOR_FULL,full,ROUTE_SELECTOR_FULL.csv,companion/04_TEMPLATES_FULL/ROUTE_SELECTOR_FULL.csv,2,Working title,Working title,Use the exact current title.,Record the accepted current value and place supporting evidence or authority in the linked field or record.,required unless explicitly and defensibly not applicable; completed records must not leave the field blank,,,"controlled project metadata; no credentials, direct identifiers or confidential payloads",non-empty when required; internally consistent with linked records,"1.2 What are you actually preparing?; 1.4 Bachelor’s and master’s work: the same evidential spine, different expectations"
FULL-ROUTE_SELECTOR_FULL,full,ROUTE_SELECTOR_FULL.csv,companion/04_TEMPLATES_FULL/ROUTE_SELECTOR_FULL.csv,3,Problem object,Problem object,"Name the artefact, population, process, case, corpus or study set.",Record the accepted current value and place supporting evidence or authority in the linked field or record.,required unless explicitly and defensibly not applicable; completed records must not leave the field blank,,,"controlled project metadata; no credentials, direct identifiers or confidential payloads",non-empty when required; internally consistent with linked records,"1.2 What are you actually preparing?; 1.4 Bachelor’s and master’s work: the same evidential spine, different expectations"
FULL-ROUTE_SELECTOR_FULL,full,ROUTE_SELECTOR_FULL.csv,companion/04_TEMPLATES_FULL/ROUTE_SELECTOR_FULL.csv,4,Dominant route,Dominant route,Select one of the eight locked routes.,Record the accepted current value and place supporting evidence or authority in the linked field or record.,required unless explicitly and defensibly not applicable; completed records must not leave the field blank,route,build-and-evaluate; algorithmic or simulation study; predictive or machine-learning study; quantitative empirical study; qualitative inquiry; case study; formal evidence synthesis; hybrid route,"controlled project metadata; no credentials, direct identifiers or confidential payloads",use one exact value from controlled vocabulary: route,"1.2 What are you actually preparing?; 1.4 Bachelor’s and master’s work: the same evidential spine, different expectations"
FULL-ROUTE_SELECTOR_FULL,full,ROUTE_SELECTOR_FULL.csv,companion/04_TEMPLATES_FULL/ROUTE_SELECTOR_FULL.csv,5,Secondary component,Secondary component,Name only if it produces distinct evidence.,Record the accepted current value and place supporting evidence or authority in the linked field or record.,conditional; in completed records use “not applicable — reason” rather than a blank cell,,,"controlled project metadata; no credentials, direct identifiers or confidential payloads",non-empty when required; internally consistent with linked records,"1.2 What are you actually preparing?; 1.4 Bachelor’s and master’s work: the same evidential spine, different expectations"
FULL-ROUTE_SELECTOR_FULL,full,ROUTE_SELECTOR_FULL.csv,companion/04_TEMPLATES_FULL/ROUTE_SELECTOR_FULL.csv,6,Integration point,Integration point,Required for a hybrid route.,Record the accepted current value and place supporting evidence or authority in the linked field or record.,required unless explicitly and defensibly not applicable; completed records must not leave the field blank,,,"controlled project metadata; no credentials, direct identifiers or confidential payloads",non-empty when required; internally consistent with linked records,"1.2 What are you actually preparing?; 1.4 Bachelor’s and master’s work: the same evidential spine, different expectations"
FULL-ROUTE_SELECTOR_FULL,full,ROUTE_SELECTOR_FULL.csv,companion/04_TEMPLATES_FULL/ROUTE_SELECTOR_FULL.csv,7,Unit of analysis,Unit of analysis,Name the unit on which observations or interpretations are made.,Record the accepted current value and place supporting evidence or authority in the linked field or record.,required unless explicitly and defensibly not applicable; completed records must not leave the field blank,,,"controlled project metadata; no credentials, direct identifiers or confidential payloads",non-empty when required; internally consistent with linked records,"1.2 What are you actually preparing?; 1.4 Bachelor’s and master’s work: the same evidential spine, different expectations"
FULL-ROUTE_SELECTOR_FULL,full,ROUTE_SELECTOR_FULL.csv,companion/04_TEMPLATES_FULL/ROUTE_SELECTOR_FULL.csv,8,Primary question form,Primary question form,Write the route-appropriate question.,Record the accepted current value and place supporting evidence or authority in the linked field or record.,required unless explicitly and defensibly not applicable; completed records must not leave the field blank,,,"controlled project metadata; no credentials, direct identifiers or confidential payloads",non-empty when required; internally consistent with linked records,"1.2 What are you actually preparing?; 1.4 Bachelor’s and master’s work: the same evidential spine, different expectations"
FULL-ROUTE_SELECTOR_FULL,full,ROUTE_SELECTOR_FULL.csv,companion/04_TEMPLATES_FULL/ROUTE_SELECTOR_FULL.csv,9,Core evidence body,Core evidence body,Name all evidence required for the principal claim.,Record the accepted current value and place supporting evidence or authority in the linked field or record.,required unless explicitly and defensibly not applicable; completed records must not leave the field blank,,,"controlled project metadata; no credentials, direct identifiers or confidential payloads",non-empty when required; internally consistent with linked records,"1.2 What are you actually preparing?; 1.4 Bachelor’s and master’s work: the same evidential spine, different expectations"
FULL-ROUTE_SELECTOR_FULL,full,ROUTE_SELECTOR_FULL.csv,companion/04_TEMPLATES_FULL/ROUTE_SELECTOR_FULL.csv,10,Credible comparison or reference,Credible comparison or reference,"Baseline, reference case, alternative explanation or protocol basis.",Record the accepted current value and place supporting evidence or authority in the linked field or record.,required unless explicitly and defensibly not applicable; completed records must not leave the field blank,,,"controlled project metadata; no credentials, direct identifiers or confidential payloads",non-empty when required; internally consistent with linked records,"1.2 What are you actually preparing?; 1.4 Bachelor’s and master’s work: the same evidential spine, different expectations"
FULL-ROUTE_SELECTOR_FULL,full,ROUTE_SELECTOR_FULL.csv,companion/04_TEMPLATES_FULL/ROUTE_SELECTOR_FULL.csv,11,Principal uncertainty,Principal uncertainty,"Sampling, model, measurement, interpretive, numerical or transfer uncertainty.",Record the accepted current value and place supporting evidence or authority in the linked field or record.,required unless explicitly and defensibly not applicable; completed records must not leave the field blank,,,"controlled project metadata; no credentials, direct identifiers or confidential payloads",non-empty when required; internally consistent with linked records,"1.2 What are you actually preparing?; 1.4 Bachelor’s and master’s work: the same evidential spine, different expectations"
FULL-ROUTE_SELECTOR_FULL,full,ROUTE_SELECTOR_FULL.csv,companion/04_TEMPLATES_FULL/ROUTE_SELECTOR_FULL.csv,12,Forbidden inference,Forbidden inference,Name the attractive claim not authorised by the design.,Record the accepted current value and place supporting evidence or authority in the linked field or record.,required unless explicitly and defensibly not applicable; completed records must not leave the field blank,,,"controlled project metadata; no credentials, direct identifiers or confidential payloads",non-empty when required; internally consistent with linked records,"1.2 What are you actually preparing?; 1.4 Bachelor’s and master’s work: the same evidential spine, different expectations"
FULL-ROUTE_SELECTOR_FULL,full,ROUTE_SELECTOR_FULL.csv,companion/04_TEMPLATES_FULL/ROUTE_SELECTOR_FULL.csv,13,Current gate,Current gate,Name the gate currently being prepared.,Record the accepted current value and place supporting evidence or authority in the linked field or record.,required unless explicitly and defensibly not applicable; completed records must not leave the field blank,,Project Start Pack / opening control; Problem Gate; Evidence Gate; Design Gate; Execution Gate; Claim Gate; Argument Gate; Editorial Gate; Defence Readiness Gate,"controlled project metadata; no credentials, direct identifiers or confidential payloads",use one exact common gate/control name or an explicit justified external authority route where the record permits it,"1.2 What are you actually preparing?; 1.4 Bachelor’s and master’s work: the same evidential spine, different expectations"
FULL-ROUTE_SELECTOR_FULL,full,ROUTE_SELECTOR_FULL.csv,companion/04_TEMPLATES_FULL/ROUTE_SELECTOR_FULL.csv,14,Next record,Next record,Name the next record and owner.,Record the accepted current value and place supporting evidence or authority in the linked field or record.,required unless explicitly and defensibly not applicable; completed records must not leave the field blank,,,"controlled project metadata; no credentials, direct identifiers or confidential payloads",non-empty when required; internally consistent with linked records,"1.2 What are you actually preparing?; 1.4 Bachelor’s and master’s work: the same evidential spine, different expectations"
FULL-SCOPE_CANVAS_FULL,full,SCOPE_CANVAS_FULL.csv,companion/04_TEMPLATES_FULL/SCOPE_CANVAS_FULL.csv,1,Situation,Situation,Observed context and evidence basis.,Record the accepted current value and place supporting evidence or authority in the linked field or record.,required unless explicitly and defensibly not applicable; completed records must not leave the field blank,,,"controlled project metadata; no credentials, direct identifiers or confidential payloads",non-empty when required; internally consistent with linked records,"2.2 Choose for sustained interest, not technological comfort; 2.3 Separate the topic from the problem and the solution; 2.4 Use the SCOPE framing canvas; 2.5 Formulate the question and a provisional contribution; 2.8 Build the one-page proposal and pass the Problem Gate"
FULL-SCOPE_CANVAS_FULL,full,SCOPE_CANVAS_FULL.csv,companion/04_TEMPLATES_FULL/SCOPE_CANVAS_FULL.csv,2,Concern,Concern,Consequential problem or knowledge gap.,Record the accepted current value and place supporting evidence or authority in the linked field or record.,required unless explicitly and defensibly not applicable; completed records must not leave the field blank,,,"controlled project metadata; no credentials, direct identifiers or confidential payloads",non-empty when required; internally consistent with linked records,"2.2 Choose for sustained interest, not technological comfort; 2.3 Separate the topic from the problem and the solution; 2.4 Use the SCOPE framing canvas; 2.5 Formulate the question and a provisional contribution; 2.8 Build the one-page proposal and pass the Problem Gate"
FULL-SCOPE_CANVAS_FULL,full,SCOPE_CANVAS_FULL.csv,companion/04_TEMPLATES_FULL/SCOPE_CANVAS_FULL.csv,3,Object,Object,"Artefact, population, corpus, process or case.",Record the accepted current value and place supporting evidence or authority in the linked field or record.,required unless explicitly and defensibly not applicable; completed records must not leave the field blank,,,"controlled project metadata; no credentials, direct identifiers or confidential payloads",non-empty when required; internally consistent with linked records,"2.2 Choose for sustained interest, not technological comfort; 2.3 Separate the topic from the problem and the solution; 2.4 Use the SCOPE framing canvas; 2.5 Formulate the question and a provisional contribution; 2.8 Build the one-page proposal and pass the Problem Gate"
FULL-SCOPE_CANVAS_FULL,full,SCOPE_CANVAS_FULL.csv,companion/04_TEMPLATES_FULL/SCOPE_CANVAS_FULL.csv,4,Purpose,Purpose,"Build, test, compare, estimate, interpret, investigate or synthesise.",Record the accepted current value and place supporting evidence or authority in the linked field or record.,required unless explicitly and defensibly not applicable; completed records must not leave the field blank,,,"controlled project metadata; no credentials, direct identifiers or confidential payloads",non-empty when required; internally consistent with linked records,"2.2 Choose for sustained interest, not technological comfort; 2.3 Separate the topic from the problem and the solution; 2.4 Use the SCOPE framing canvas; 2.5 Formulate the question and a provisional contribution; 2.8 Build the one-page proposal and pass the Problem Gate"
FULL-SCOPE_CANVAS_FULL,full,SCOPE_CANVAS_FULL.csv,companion/04_TEMPLATES_FULL/SCOPE_CANVAS_FULL.csv,5,Evidence obligation,Evidence obligation,Evidence required for the answer.,Record the accepted current value and place supporting evidence or authority in the linked field or record.,required unless explicitly and defensibly not applicable; completed records must not leave the field blank,,,"controlled project metadata; no credentials, direct identifiers or confidential payloads",non-empty when required; internally consistent with linked records,"2.2 Choose for sustained interest, not technological comfort; 2.3 Separate the topic from the problem and the solution; 2.4 Use the SCOPE framing canvas; 2.5 Formulate the question and a provisional contribution; 2.8 Build the one-page proposal and pass the Problem Gate"
FULL-SCOPE_CANVAS_FULL,full,SCOPE_CANVAS_FULL.csv,companion/04_TEMPLATES_FULL/SCOPE_CANVAS_FULL.csv,6,Boundary,Boundary,"Time, environment, population, case, corpus and exclusions.",Record the accepted current value and place supporting evidence or authority in the linked field or record.,required unless explicitly and defensibly not applicable; completed records must not leave the field blank,,,"controlled project metadata; no credentials, direct identifiers or confidential payloads",non-empty when required; internally consistent with linked records,"2.2 Choose for sustained interest, not technological comfort; 2.3 Separate the topic from the problem and the solution; 2.4 Use the SCOPE framing canvas; 2.5 Formulate the question and a provisional contribution; 2.8 Build the one-page proposal and pass the Problem Gate"
FULL-SCOPE_CANVAS_FULL,full,SCOPE_CANVAS_FULL.csv,companion/04_TEMPLATES_FULL/SCOPE_CANVAS_FULL.csv,7,Contribution,Contribution,Smallest defensible contribution.,Record the accepted current value and place supporting evidence or authority in the linked field or record.,required unless explicitly and defensibly not applicable; completed records must not leave the field blank,,,"controlled project metadata; no credentials, direct identifiers or confidential payloads",non-empty when required; internally consistent with linked records,"2.2 Choose for sustained interest, not technological comfort; 2.3 Separate the topic from the problem and the solution; 2.4 Use the SCOPE framing canvas; 2.5 Formulate the question and a provisional contribution; 2.8 Build the one-page proposal and pass the Problem Gate"
FULL-SCOPE_CANVAS_FULL,full,SCOPE_CANVAS_FULL.csv,companion/04_TEMPLATES_FULL/SCOPE_CANVAS_FULL.csv,8,Research question,Research question,Single route-aligned question.,Record the accepted current value and place supporting evidence or authority in the linked field or record.,required unless explicitly and defensibly not applicable; completed records must not leave the field blank,,,"controlled project metadata; no credentials, direct identifiers or confidential payloads",non-empty when required; internally consistent with linked records,"2.2 Choose for sustained interest, not technological comfort; 2.3 Separate the topic from the problem and the solution; 2.4 Use the SCOPE framing canvas; 2.5 Formulate the question and a provisional contribution; 2.8 Build the one-page proposal and pass the Problem Gate"
FULL-SCOPE_CANVAS_FULL,full,SCOPE_CANVAS_FULL.csv,companion/04_TEMPLATES_FULL/SCOPE_CANVAS_FULL.csv,9,Alternative question rejected,Alternative question rejected,State why it was rejected.,Record the accepted current value and place supporting evidence or authority in the linked field or record.,required unless explicitly and defensibly not applicable; completed records must not leave the field blank,,,"controlled project metadata; no credentials, direct identifiers or confidential payloads",non-empty when required; internally consistent with linked records,"2.2 Choose for sustained interest, not technological comfort; 2.3 Separate the topic from the problem and the solution; 2.4 Use the SCOPE framing canvas; 2.5 Formulate the question and a provisional contribution; 2.8 Build the one-page proposal and pass the Problem Gate"
FULL-SCOPE_CANVAS_FULL,full,SCOPE_CANVAS_FULL.csv,companion/04_TEMPLATES_FULL/SCOPE_CANVAS_FULL.csv,10,Assumptions,Assumptions,Assumptions not yet established.,Record the accepted current value and place supporting evidence or authority in the linked field or record.,required unless explicitly and defensibly not applicable; completed records must not leave the field blank,,,"controlled project metadata; no credentials, direct identifiers or confidential payloads",non-empty when required; internally consistent with linked records,"2.2 Choose for sustained interest, not technological comfort; 2.3 Separate the topic from the problem and the solution; 2.4 Use the SCOPE framing canvas; 2.5 Formulate the question and a provisional contribution; 2.8 Build the one-page proposal and pass the Problem Gate"
FULL-SCOPE_CANVAS_FULL,full,SCOPE_CANVAS_FULL.csv,companion/04_TEMPLATES_FULL/SCOPE_CANVAS_FULL.csv,11,Known uncertainty,Known uncertainty,What is unknown at scoping time.,Record the accepted current value and place supporting evidence or authority in the linked field or record.,required unless explicitly and defensibly not applicable; completed records must not leave the field blank,,,"controlled project metadata; no credentials, direct identifiers or confidential payloads",non-empty when required; internally consistent with linked records,"2.2 Choose for sustained interest, not technological comfort; 2.3 Separate the topic from the problem and the solution; 2.4 Use the SCOPE framing canvas; 2.5 Formulate the question and a provisional contribution; 2.8 Build the one-page proposal and pass the Problem Gate"
FULL-SCOPE_CANVAS_FULL,full,SCOPE_CANVAS_FULL.csv,companion/04_TEMPLATES_FULL/SCOPE_CANVAS_FULL.csv,12,Access evidence,Access evidence,"Permission, availability or feasibility evidence.",Record the accepted current value and place supporting evidence or authority in the linked field or record.,required unless explicitly and defensibly not applicable; completed records must not leave the field blank,,,"controlled project metadata; no credentials, direct identifiers or confidential payloads",non-empty when required; internally consistent with linked records,"2.2 Choose for sustained interest, not technological comfort; 2.3 Separate the topic from the problem and the solution; 2.4 Use the SCOPE framing canvas; 2.5 Formulate the question and a provisional contribution; 2.8 Build the one-page proposal and pass the Problem Gate"
FULL-SCOPE_CANVAS_FULL,full,SCOPE_CANVAS_FULL.csv,companion/04_TEMPLATES_FULL/SCOPE_CANVAS_FULL.csv,13,Reopening trigger,Reopening trigger,"Finding that forces narrowing, pivoting or stopping.",Record the accepted current value and place supporting evidence or authority in the linked field or record.,required unless explicitly and defensibly not applicable; completed records must not leave the field blank,,,"controlled project metadata; no credentials, direct identifiers or confidential payloads",non-empty when required; internally consistent with linked records,"2.2 Choose for sustained interest, not technological comfort; 2.3 Separate the topic from the problem and the solution; 2.4 Use the SCOPE framing canvas; 2.5 Formulate the question and a provisional contribution; 2.8 Build the one-page proposal and pass the Problem Gate"
FULL-SCOPE_CANVAS_FULL,full,SCOPE_CANVAS_FULL.csv,companion/04_TEMPLATES_FULL/SCOPE_CANVAS_FULL.csv,14,Reviewer decision and version,Reviewer decision and version,"Decision, reviewer, date and version.",Record the accepted current value and place supporting evidence or authority in the linked field or record.,required unless explicitly and defensibly not applicable; completed records must not leave the field blank,,,"controlled project metadata; no credentials, direct identifiers or confidential payloads",explicit version or dated revision; no ambiguous labels such as final-final,"2.2 Choose for sustained interest, not technological comfort; 2.3 Separate the topic from the problem and the solution; 2.4 Use the SCOPE framing canvas; 2.5 Formulate the question and a provisional contribution; 2.8 Build the one-page proposal and pass the Problem Gate"
FULL-SEARCH_STRATEGY_RECORD_FULL,full,SEARCH_STRATEGY_RECORD_FULL.csv,companion/04_TEMPLATES_FULL/SEARCH_STRATEGY_RECORD_FULL.csv,1,search_id,Search id,Stable identifier for search id. Use a reproducible project naming convention.,Record the accepted current value and place supporting evidence or authority in the linked field or record.,required unless explicitly and defensibly not applicable; completed records must not leave the field blank,,,bibliographic and source metadata only; do not redistribute restricted full texts,non-empty stable identifier; unique within the project namespace,3.1 The bibliography that passed APA and failed the question; 3.2 Choose the right literature task
FULL-SEARCH_STRATEGY_RECORD_FULL,full,SEARCH_STRATEGY_RECORD_FULL.csv,companion/04_TEMPLATES_FULL/SEARCH_STRATEGY_RECORD_FULL.csv,2,question_or_concept,Question or concept,Exact question represented by question or concept.,Record the accepted current value and place supporting evidence or authority in the linked field or record.,required unless explicitly and defensibly not applicable; completed records must not leave the field blank,,,bibliographic and source metadata only; do not redistribute restricted full texts,non-empty when required; internally consistent with linked records,3.1 The bibliography that passed APA and failed the question; 3.2 Choose the right literature task
FULL-SEARCH_STRATEGY_RECORD_FULL,full,SEARCH_STRATEGY_RECORD_FULL.csv,companion/04_TEMPLATES_FULL/SEARCH_STRATEGY_RECORD_FULL.csv,3,source_or_database,Source or database,"Verified source or identity information for source or database, sufficient for independent resolution.",Record the accepted current value and place supporting evidence or authority in the linked field or record.,required unless explicitly and defensibly not applicable; completed records must not leave the field blank,,,bibliographic and source metadata only; do not redistribute restricted full texts,non-empty when required; internally consistent with linked records,3.1 The bibliography that passed APA and failed the question; 3.2 Choose the right literature task
FULL-SEARCH_STRATEGY_RECORD_FULL,full,SEARCH_STRATEGY_RECORD_FULL.csv,companion/04_TEMPLATES_FULL/SEARCH_STRATEGY_RECORD_FULL.csv,4,exact_query_or_route,Exact query or route,Record exact query or route in sufficiently precise terms for a competent reviewer to reconstruct and challenge the decision.,Record the accepted current value and place supporting evidence or authority in the linked field or record.,required unless explicitly and defensibly not applicable; completed records must not leave the field blank,,,bibliographic and source metadata only; do not redistribute restricted full texts,non-empty when required; internally consistent with linked records,3.1 The bibliography that passed APA and failed the question; 3.2 Choose the right literature task
FULL-SEARCH_STRATEGY_RECORD_FULL,full,SEARCH_STRATEGY_RECORD_FULL.csv,companion/04_TEMPLATES_FULL/SEARCH_STRATEGY_RECORD_FULL.csv,5,filters,filters,Record filters in sufficiently precise terms for a competent reviewer to reconstruct and challenge the decision.,Record the accepted current value and place supporting evidence or authority in the linked field or record.,required unless explicitly and defensibly not applicable; completed records must not leave the field blank,,,bibliographic and source metadata only; do not redistribute restricted full texts,non-empty when required; internally consistent with linked records,3.1 The bibliography that passed APA and failed the question; 3.2 Choose the right literature task
FULL-SEARCH_STRATEGY_RECORD_FULL,full,SEARCH_STRATEGY_RECORD_FULL.csv,companion/04_TEMPLATES_FULL/SEARCH_STRATEGY_RECORD_FULL.csv,6,date_run,Date run,ISO 8601 date associated with date run.,Record the accepted current value and place supporting evidence or authority in the linked field or record.,required unless explicitly and defensibly not applicable; completed records must not leave the field blank,,,bibliographic and source metadata only; do not redistribute restricted full texts,ISO 8601 date (YYYY-MM-DD),3.1 The bibliography that passed APA and failed the question; 3.2 Choose the right literature task
FULL-SEARCH_STRATEGY_RECORD_FULL,full,SEARCH_STRATEGY_RECORD_FULL.csv,companion/04_TEMPLATES_FULL/SEARCH_STRATEGY_RECORD_FULL.csv,7,coverage_window,Coverage window,Record coverage window in sufficiently precise terms for a competent reviewer to reconstruct and challenge the decision.,Record the accepted current value and place supporting evidence or authority in the linked field or record.,required unless explicitly and defensibly not applicable; completed records must not leave the field blank,,,bibliographic and source metadata only; do not redistribute restricted full texts,non-empty when required; internally consistent with linked records,3.1 The bibliography that passed APA and failed the question; 3.2 Choose the right literature task
FULL-SEARCH_STRATEGY_RECORD_FULL,full,SEARCH_STRATEGY_RECORD_FULL.csv,companion/04_TEMPLATES_FULL/SEARCH_STRATEGY_RECORD_FULL.csv,8,result_count,Result count,"Observed result for result count, recorded without inflating interpretation.",Record the accepted current value and place supporting evidence or authority in the linked field or record.,required unless explicitly and defensibly not applicable; completed records must not leave the field blank,,,bibliographic and source metadata only; do not redistribute restricted full texts,non-empty when required; internally consistent with linked records,3.1 The bibliography that passed APA and failed the question; 3.2 Choose the right literature task
FULL-SEARCH_STRATEGY_RECORD_FULL,full,SEARCH_STRATEGY_RECORD_FULL.csv,companion/04_TEMPLATES_FULL/SEARCH_STRATEGY_RECORD_FULL.csv,9,export_or_capture,Export or capture,Record export or capture in sufficiently precise terms for a competent reviewer to reconstruct and challenge the decision.,Record the accepted current value and place supporting evidence or authority in the linked field or record.,required unless explicitly and defensibly not applicable; completed records must not leave the field blank,,,bibliographic and source metadata only; do not redistribute restricted full texts,non-empty when required; internally consistent with linked records,3.1 The bibliography that passed APA and failed the question; 3.2 Choose the right literature task
FULL-SEARCH_STRATEGY_RECORD_FULL,full,SEARCH_STRATEGY_RECORD_FULL.csv,companion/04_TEMPLATES_FULL/SEARCH_STRATEGY_RECORD_FULL.csv,10,limitations,limitations,"Material constraint, uncertainty or boundary associated with limitations.",Record the accepted current value and place supporting evidence or authority in the linked field or record.,required unless explicitly and defensibly not applicable; completed records must not leave the field blank,,,bibliographic and source metadata only; do not redistribute restricted full texts,non-empty when required; internally consistent with linked records,3.1 The bibliography that passed APA and failed the question; 3.2 Choose the right literature task
FULL-SEARCH_STRATEGY_RECORD_FULL,full,SEARCH_STRATEGY_RECORD_FULL.csv,companion/04_TEMPLATES_FULL/SEARCH_STRATEGY_RECORD_FULL.csv,11,owner,owner,Person responsible for the object or next action. Use a role rather than personal contact data when appropriate.,Record the accepted current value and place supporting evidence or authority in the linked field or record.,required unless explicitly and defensibly not applicable; completed records must not leave the field blank,,,bibliographic and source metadata only; do not redistribute restricted full texts,non-empty when required; internally consistent with linked records,3.1 The bibliography that passed APA and failed the question; 3.2 Choose the right literature task
FULL-SEARCH_STRATEGY_RECORD_FULL,full,SEARCH_STRATEGY_RECORD_FULL.csv,companion/04_TEMPLATES_FULL/SEARCH_STRATEGY_RECORD_FULL.csv,12,version,version,Explicit version identifier for the record or object. Do not rely on file modification time.,Record the accepted current value and place supporting evidence or authority in the linked field or record.,required unless explicitly and defensibly not applicable; completed records must not leave the field blank,,,bibliographic and source metadata only; do not redistribute restricted full texts,explicit version or dated revision; no ambiguous labels such as final-final,3.1 The bibliography that passed APA and failed the question; 3.2 Choose the right literature task
FULL-SECTION_CONTRACT_REGISTER_FULL,full,SECTION_CONTRACT_REGISTER_FULL.csv,companion/04_TEMPLATES_FULL/SECTION_CONTRACT_REGISTER_FULL.csv,1,section_id,Section id,Stable identifier for section id. Use a reproducible project naming convention.,Record the accepted current value and place supporting evidence or authority in the linked field or record.,required unless explicitly and defensibly not applicable; completed records must not leave the field blank,,,"controlled project metadata; no credentials, direct identifiers or confidential payloads",non-empty stable identifier; unique within the project namespace,"7.3 Write the introduction and state of the art as a problem-to-position sequence; 7.4 Write methodology, architecture and implementation as the route that actually produced the evidence"
FULL-SECTION_CONTRACT_REGISTER_FULL,full,SECTION_CONTRACT_REGISTER_FULL.csv,companion/04_TEMPLATES_FULL/SECTION_CONTRACT_REGISTER_FULL.csv,2,section_title,Section title,Record section title in sufficiently precise terms for a competent reviewer to reconstruct and challenge the decision.,Record the accepted current value and place supporting evidence or authority in the linked field or record.,required unless explicitly and defensibly not applicable; completed records must not leave the field blank,,,"controlled project metadata; no credentials, direct identifiers or confidential payloads",non-empty when required; internally consistent with linked records,"7.3 Write the introduction and state of the art as a problem-to-position sequence; 7.4 Write methodology, architecture and implementation as the route that actually produced the evidence"
FULL-SECTION_CONTRACT_REGISTER_FULL,full,SECTION_CONTRACT_REGISTER_FULL.csv,companion/04_TEMPLATES_FULL/SECTION_CONTRACT_REGISTER_FULL.csv,3,promise,promise,Record promise in sufficiently precise terms for a competent reviewer to reconstruct and challenge the decision.,Record the accepted current value and place supporting evidence or authority in the linked field or record.,required unless explicitly and defensibly not applicable; completed records must not leave the field blank,,,"controlled project metadata; no credentials, direct identifiers or confidential payloads",non-empty when required; internally consistent with linked records,"7.3 Write the introduction and state of the art as a problem-to-position sequence; 7.4 Write methodology, architecture and implementation as the route that actually produced the evidence"
FULL-SECTION_CONTRACT_REGISTER_FULL,full,SECTION_CONTRACT_REGISTER_FULL.csv,companion/04_TEMPLATES_FULL/SECTION_CONTRACT_REGISTER_FULL.csv,4,evidence_set,Evidence set,"Named, retrievable evidence relevant to evidence set; use a safe locator rather than confidential payload.",Record the accepted current value and place supporting evidence or authority in the linked field or record.,required unless explicitly and defensibly not applicable; completed records must not leave the field blank,,,"controlled project metadata; no credentials, direct identifiers or confidential payloads",non-empty when required; internally consistent with linked records,"7.3 Write the introduction and state of the art as a problem-to-position sequence; 7.4 Write methodology, architecture and implementation as the route that actually produced the evidence"
FULL-SECTION_CONTRACT_REGISTER_FULL,full,SECTION_CONTRACT_REGISTER_FULL.csv,companion/04_TEMPLATES_FULL/SECTION_CONTRACT_REGISTER_FULL.csv,5,reasoning_move,Reasoning move,Record reasoning move in sufficiently precise terms for a competent reviewer to reconstruct and challenge the decision.,Record the accepted current value and place supporting evidence or authority in the linked field or record.,required unless explicitly and defensibly not applicable; completed records must not leave the field blank,,,"controlled project metadata; no credentials, direct identifiers or confidential payloads",non-empty when required; internally consistent with linked records,"7.3 Write the introduction and state of the art as a problem-to-position sequence; 7.4 Write methodology, architecture and implementation as the route that actually produced the evidence"
FULL-SECTION_CONTRACT_REGISTER_FULL,full,SECTION_CONTRACT_REGISTER_FULL.csv,companion/04_TEMPLATES_FULL/SECTION_CONTRACT_REGISTER_FULL.csv,6,boundary,boundary,"Explicit scope limit for population, case, corpus, time, environment, method or transfer.",Record the accepted current value and place supporting evidence or authority in the linked field or record.,required unless explicitly and defensibly not applicable; completed records must not leave the field blank,,,"controlled project metadata; no credentials, direct identifiers or confidential payloads",non-empty when required; internally consistent with linked records,"7.3 Write the introduction and state of the art as a problem-to-position sequence; 7.4 Write methodology, architecture and implementation as the route that actually produced the evidence"
FULL-SECTION_CONTRACT_REGISTER_FULL,full,SECTION_CONTRACT_REGISTER_FULL.csv,companion/04_TEMPLATES_FULL/SECTION_CONTRACT_REGISTER_FULL.csv,7,handoff,handoff,Record handoff in sufficiently precise terms for a competent reviewer to reconstruct and challenge the decision.,Record the accepted current value and place supporting evidence or authority in the linked field or record.,required unless explicitly and defensibly not applicable; completed records must not leave the field blank,,,"controlled project metadata; no credentials, direct identifiers or confidential payloads",non-empty when required; internally consistent with linked records,"7.3 Write the introduction and state of the art as a problem-to-position sequence; 7.4 Write methodology, architecture and implementation as the route that actually produced the evidence"
FULL-SECTION_CONTRACT_REGISTER_FULL,full,SECTION_CONTRACT_REGISTER_FULL.csv,companion/04_TEMPLATES_FULL/SECTION_CONTRACT_REGISTER_FULL.csv,8,claims_served,Claims served,Exact bounded claim or claim-related role represented by claims served.,Record the accepted current value and place supporting evidence or authority in the linked field or record.,required unless explicitly and defensibly not applicable; completed records must not leave the field blank,,,"controlled project metadata; no credentials, direct identifiers or confidential payloads",non-empty when required; internally consistent with linked records,"7.3 Write the introduction and state of the art as a problem-to-position sequence; 7.4 Write methodology, architecture and implementation as the route that actually produced the evidence"
FULL-SECTION_CONTRACT_REGISTER_FULL,full,SECTION_CONTRACT_REGISTER_FULL.csv,companion/04_TEMPLATES_FULL/SECTION_CONTRACT_REGISTER_FULL.csv,9,objects_or_figures,Objects or figures,Record objects or figures in sufficiently precise terms for a competent reviewer to reconstruct and challenge the decision.,Record the accepted current value and place supporting evidence or authority in the linked field or record.,required unless explicitly and defensibly not applicable; completed records must not leave the field blank,,,"controlled project metadata; no credentials, direct identifiers or confidential payloads",non-empty when required; internally consistent with linked records,"7.3 Write the introduction and state of the art as a problem-to-position sequence; 7.4 Write methodology, architecture and implementation as the route that actually produced the evidence"
FULL-SECTION_CONTRACT_REGISTER_FULL,full,SECTION_CONTRACT_REGISTER_FULL.csv,companion/04_TEMPLATES_FULL/SECTION_CONTRACT_REGISTER_FULL.csv,10,status,status,Current lifecycle or decision status. Use the controlled vocabulary declared for the record.,Record the accepted current value and place supporting evidence or authority in the linked field or record.,required unless explicitly and defensibly not applicable; completed records must not leave the field blank,lifecycle_status,draft; candidate; reviewed; accepted locally; superseded; withdrawn,"controlled project metadata; no credentials, direct identifiers or confidential payloads",use one exact value from controlled vocabulary: lifecycle_status,"7.3 Write the introduction and state of the art as a problem-to-position sequence; 7.4 Write methodology, architecture and implementation as the route that actually produced the evidence"
FULL-SECTION_CONTRACT_REGISTER_FULL,full,SECTION_CONTRACT_REGISTER_FULL.csv,companion/04_TEMPLATES_FULL/SECTION_CONTRACT_REGISTER_FULL.csv,11,reviewer,reviewer,Named person or competent role that inspected the current version.,Record the accepted current value and place supporting evidence or authority in the linked field or record.,required unless explicitly and defensibly not applicable; completed records must not leave the field blank,,,"controlled project metadata; no credentials, direct identifiers or confidential payloads",non-empty when required; internally consistent with linked records,"7.3 Write the introduction and state of the art as a problem-to-position sequence; 7.4 Write methodology, architecture and implementation as the route that actually produced the evidence"
FULL-SECTION_CONTRACT_REGISTER_FULL,full,SECTION_CONTRACT_REGISTER_FULL.csv,companion/04_TEMPLATES_FULL/SECTION_CONTRACT_REGISTER_FULL.csv,12,version,version,Explicit version identifier for the record or object. Do not rely on file modification time.,Record the accepted current value and place supporting evidence or authority in the linked field or record.,required unless explicitly and defensibly not applicable; completed records must not leave the field blank,,,"controlled project metadata; no credentials, direct identifiers or confidential payloads",explicit version or dated revision; no ambiguous labels such as final-final,"7.3 Write the introduction and state of the art as a problem-to-position sequence; 7.4 Write methodology, architecture and implementation as the route that actually produced the evidence"
FULL-SIMILARITY_AI_AUTHORSHIP_RECORD_FULL,full,SIMILARITY_AI_AUTHORSHIP_RECORD_FULL.csv,companion/04_TEMPLATES_FULL/SIMILARITY_AI_AUTHORSHIP_RECORD_FULL.csv,1,Review context,Review context,Institutional or publisher requirement.,Record the accepted current value and place supporting evidence or authority in the linked field or record.,required unless explicitly and defensibly not applicable; completed records must not leave the field blank,,,"do not paste confidential prompts, participant data, credentials or restricted source content",non-empty when required; internally consistent with linked records,8.6 Prepare ethically for similarity and authorship review
FULL-SIMILARITY_AI_AUTHORSHIP_RECORD_FULL,full,SIMILARITY_AI_AUTHORSHIP_RECORD_FULL.csv,companion/04_TEMPLATES_FULL/SIMILARITY_AI_AUTHORSHIP_RECORD_FULL.csv,2,Similarity report,Similarity report,"Tool, date, version and scope.",Record the accepted current value and place supporting evidence or authority in the linked field or record.,required unless explicitly and defensibly not applicable; completed records must not leave the field blank,,,"do not paste confidential prompts, participant data, credentials or restricted source content",non-empty when required; internally consistent with linked records,8.6 Prepare ethically for similarity and authorship review
FULL-SIMILARITY_AI_AUTHORSHIP_RECORD_FULL,full,SIMILARITY_AI_AUTHORSHIP_RECORD_FULL.csv,companion/04_TEMPLATES_FULL/SIMILARITY_AI_AUTHORSHIP_RECORD_FULL.csv,3,Flagged overlap reviewed,Flagged overlap reviewed,"Legitimate quotation, common phrasing, recycling or problem.",Record the accepted current value and place supporting evidence or authority in the linked field or record.,required unless explicitly and defensibly not applicable; completed records must not leave the field blank,,,"do not paste confidential prompts, participant data, credentials or restricted source content",non-empty when required; internally consistent with linked records,8.6 Prepare ethically for similarity and authorship review
FULL-SIMILARITY_AI_AUTHORSHIP_RECORD_FULL,full,SIMILARITY_AI_AUTHORSHIP_RECORD_FULL.csv,companion/04_TEMPLATES_FULL/SIMILARITY_AI_AUTHORSHIP_RECORD_FULL.csv,4,Attribution action,Attribution action,Correction or justification.,Record the accepted current value and place supporting evidence or authority in the linked field or record.,required unless explicitly and defensibly not applicable; completed records must not leave the field blank,,,"do not paste confidential prompts, participant data, credentials or restricted source content",non-empty when required; internally consistent with linked records,8.6 Prepare ethically for similarity and authorship review
FULL-SIMILARITY_AI_AUTHORSHIP_RECORD_FULL,full,SIMILARITY_AI_AUTHORSHIP_RECORD_FULL.csv,companion/04_TEMPLATES_FULL/SIMILARITY_AI_AUTHORSHIP_RECORD_FULL.csv,5,Material AI uses,Material AI uses,TRACE identifiers.,Record the accepted current value and place supporting evidence or authority in the linked field or record.,required unless explicitly and defensibly not applicable; completed records must not leave the field blank,,,"do not paste confidential prompts, participant data, credentials or restricted source content",non-empty when required; internally consistent with linked records,8.6 Prepare ethically for similarity and authorship review
FULL-SIMILARITY_AI_AUTHORSHIP_RECORD_FULL,full,SIMILARITY_AI_AUTHORSHIP_RECORD_FULL.csv,companion/04_TEMPLATES_FULL/SIMILARITY_AI_AUTHORSHIP_RECORD_FULL.csv,6,Disclosure mapping,Disclosure mapping,Required declaration or manuscript statement.,Record the accepted current value and place supporting evidence or authority in the linked field or record.,required unless explicitly and defensibly not applicable; completed records must not leave the field blank,,,"do not paste confidential prompts, participant data, credentials or restricted source content",non-empty when required; internally consistent with linked records,8.6 Prepare ethically for similarity and authorship review
FULL-SIMILARITY_AI_AUTHORSHIP_RECORD_FULL,full,SIMILARITY_AI_AUTHORSHIP_RECORD_FULL.csv,companion/04_TEMPLATES_FULL/SIMILARITY_AI_AUTHORSHIP_RECORD_FULL.csv,7,Confidentiality check,Confidentiality check,No prohibited inputs.,Record the accepted current value and place supporting evidence or authority in the linked field or record.,required unless explicitly and defensibly not applicable; completed records must not leave the field blank,,,"do not paste confidential prompts, participant data, credentials or restricted source content",non-empty when required; internally consistent with linked records,8.6 Prepare ethically for similarity and authorship review
FULL-SIMILARITY_AI_AUTHORSHIP_RECORD_FULL,full,SIMILARITY_AI_AUTHORSHIP_RECORD_FULL.csv,companion/04_TEMPLATES_FULL/SIMILARITY_AI_AUTHORSHIP_RECORD_FULL.csv,8,Independent verification,Independent verification,"Sources, tests or primary artefacts.",Record the accepted current value and place supporting evidence or authority in the linked field or record.,required unless explicitly and defensibly not applicable; completed records must not leave the field blank,,,"do not paste confidential prompts, participant data, credentials or restricted source content",non-empty when required; internally consistent with linked records,8.6 Prepare ethically for similarity and authorship review
FULL-SIMILARITY_AI_AUTHORSHIP_RECORD_FULL,full,SIMILARITY_AI_AUTHORSHIP_RECORD_FULL.csv,companion/04_TEMPLATES_FULL/SIMILARITY_AI_AUTHORSHIP_RECORD_FULL.csv,9,Student semantic decisions,Student semantic decisions,Meaning-changing choices retained by student.,Record the accepted current value and place supporting evidence or authority in the linked field or record.,required unless explicitly and defensibly not applicable; completed records must not leave the field blank,,,"do not paste confidential prompts, participant data, credentials or restricted source content",non-empty when required; internally consistent with linked records,8.6 Prepare ethically for similarity and authorship review
FULL-SIMILARITY_AI_AUTHORSHIP_RECORD_FULL,full,SIMILARITY_AI_AUTHORSHIP_RECORD_FULL.csv,companion/04_TEMPLATES_FULL/SIMILARITY_AI_AUTHORSHIP_RECORD_FULL.csv,10,Oral ownership test,Oral ownership test,"Can explain sources, method, results and limits.",Record the accepted current value and place supporting evidence or authority in the linked field or record.,required unless explicitly and defensibly not applicable; completed records must not leave the field blank,,,"do not paste confidential prompts, participant data, credentials or restricted source content",non-empty when required; internally consistent with linked records,8.6 Prepare ethically for similarity and authorship review
FULL-SIMILARITY_AI_AUTHORSHIP_RECORD_FULL,full,SIMILARITY_AI_AUTHORSHIP_RECORD_FULL.csv,companion/04_TEMPLATES_FULL/SIMILARITY_AI_AUTHORSHIP_RECORD_FULL.csv,11,Reviewer decision,Reviewer decision,"Pass, repair or return.",Record the accepted current value and place supporting evidence or authority in the linked field or record.,required unless explicitly and defensibly not applicable; completed records must not leave the field blank,,,"do not paste confidential prompts, participant data, credentials or restricted source content",non-empty when required; internally consistent with linked records,8.6 Prepare ethically for similarity and authorship review
FULL-SIMILARITY_AI_AUTHORSHIP_RECORD_FULL,full,SIMILARITY_AI_AUTHORSHIP_RECORD_FULL.csv,companion/04_TEMPLATES_FULL/SIMILARITY_AI_AUTHORSHIP_RECORD_FULL.csv,12,Version and date,Version and date,Lifecycle record.,Record the accepted current value and place supporting evidence or authority in the linked field or record.,required unless explicitly and defensibly not applicable; completed records must not leave the field blank,,,"do not paste confidential prompts, participant data, credentials or restricted source content",ISO 8601 date (YYYY-MM-DD),8.6 Prepare ethically for similarity and authorship review
FULL-SOURCE_RIGHTS_ATTRIBUTION_RECORD_FULL,full,SOURCE_RIGHTS_ATTRIBUTION_RECORD_FULL.csv,companion/04_TEMPLATES_FULL/SOURCE_RIGHTS_ATTRIBUTION_RECORD_FULL.csv,1,object_id,Object id,Stable identifier for object id. Use a reproducible project naming convention.,Record the accepted current value and place supporting evidence or authority in the linked field or record.,required unless explicitly and defensibly not applicable; completed records must not leave the field blank,,,bibliographic and source metadata only; do not redistribute restricted full texts,non-empty stable identifier; unique within the project namespace,"4.6 Treat authority, ethics, data, security and licences as design inputs; 8.4 Verify citations, sources, rights and attribution bidirectionally"
FULL-SOURCE_RIGHTS_ATTRIBUTION_RECORD_FULL,full,SOURCE_RIGHTS_ATTRIBUTION_RECORD_FULL.csv,companion/04_TEMPLATES_FULL/SOURCE_RIGHTS_ATTRIBUTION_RECORD_FULL.csv,2,object_type,Object type,Record object type in sufficiently precise terms for a competent reviewer to reconstruct and challenge the decision.,Record the accepted current value and place supporting evidence or authority in the linked field or record.,required unless explicitly and defensibly not applicable; completed records must not leave the field blank,,,bibliographic and source metadata only; do not redistribute restricted full texts,non-empty when required; internally consistent with linked records,"4.6 Treat authority, ethics, data, security and licences as design inputs; 8.4 Verify citations, sources, rights and attribution bidirectionally"
FULL-SOURCE_RIGHTS_ATTRIBUTION_RECORD_FULL,full,SOURCE_RIGHTS_ATTRIBUTION_RECORD_FULL.csv,companion/04_TEMPLATES_FULL/SOURCE_RIGHTS_ATTRIBUTION_RECORD_FULL.csv,3,verified_identity,Verified identity,Record verified identity in sufficiently precise terms for a competent reviewer to reconstruct and challenge the decision.,Record the accepted current value and place supporting evidence or authority in the linked field or record.,required unless explicitly and defensibly not applicable; completed records must not leave the field blank,,,bibliographic and source metadata only; do not redistribute restricted full texts,non-empty when required; internally consistent with linked records,"4.6 Treat authority, ethics, data, security and licences as design inputs; 8.4 Verify citations, sources, rights and attribution bidirectionally"
FULL-SOURCE_RIGHTS_ATTRIBUTION_RECORD_FULL,full,SOURCE_RIGHTS_ATTRIBUTION_RECORD_FULL.csv,companion/04_TEMPLATES_FULL/SOURCE_RIGHTS_ATTRIBUTION_RECORD_FULL.csv,4,official_or_original_source,Official or original source,"Verified source or identity information for official or original source, sufficient for independent resolution.",Record the accepted current value and place supporting evidence or authority in the linked field or record.,required unless explicitly and defensibly not applicable; completed records must not leave the field blank,,,bibliographic and source metadata only; do not redistribute restricted full texts,non-empty when required; internally consistent with linked records,"4.6 Treat authority, ethics, data, security and licences as design inputs; 8.4 Verify citations, sources, rights and attribution bidirectionally"
FULL-SOURCE_RIGHTS_ATTRIBUTION_RECORD_FULL,full,SOURCE_RIGHTS_ATTRIBUTION_RECORD_FULL.csv,companion/04_TEMPLATES_FULL/SOURCE_RIGHTS_ATTRIBUTION_RECORD_FULL.csv,5,claim_or_use,Claim or use,Exact bounded claim or claim-related role represented by claim or use.,Record the accepted current value and place supporting evidence or authority in the linked field or record.,required unless explicitly and defensibly not applicable; completed records must not leave the field blank,,,bibliographic and source metadata only; do not redistribute restricted full texts,non-empty when required; internally consistent with linked records,"4.6 Treat authority, ethics, data, security and licences as design inputs; 8.4 Verify citations, sources, rights and attribution bidirectionally"
FULL-SOURCE_RIGHTS_ATTRIBUTION_RECORD_FULL,full,SOURCE_RIGHTS_ATTRIBUTION_RECORD_FULL.csv,companion/04_TEMPLATES_FULL/SOURCE_RIGHTS_ATTRIBUTION_RECORD_FULL.csv,6,claim_fitness,Claim fitness,Exact bounded claim or claim-related role represented by claim fitness.,Record the accepted current value and place supporting evidence or authority in the linked field or record.,required unless explicitly and defensibly not applicable; completed records must not leave the field blank,,,bibliographic and source metadata only; do not redistribute restricted full texts,non-empty when required; internally consistent with linked records,"4.6 Treat authority, ethics, data, security and licences as design inputs; 8.4 Verify citations, sources, rights and attribution bidirectionally"
FULL-SOURCE_RIGHTS_ATTRIBUTION_RECORD_FULL,full,SOURCE_RIGHTS_ATTRIBUTION_RECORD_FULL.csv,companion/04_TEMPLATES_FULL/SOURCE_RIGHTS_ATTRIBUTION_RECORD_FULL.csv,7,attribution_required,Attribution required,Record attribution required in sufficiently precise terms for a competent reviewer to reconstruct and challenge the decision.,Record the accepted current value and place supporting evidence or authority in the linked field or record.,required unless explicitly and defensibly not applicable; completed records must not leave the field blank,,,bibliographic and source metadata only; do not redistribute restricted full texts,non-empty when required; internally consistent with linked records,"4.6 Treat authority, ethics, data, security and licences as design inputs; 8.4 Verify citations, sources, rights and attribution bidirectionally"
FULL-SOURCE_RIGHTS_ATTRIBUTION_RECORD_FULL,full,SOURCE_RIGHTS_ATTRIBUTION_RECORD_FULL.csv,companion/04_TEMPLATES_FULL/SOURCE_RIGHTS_ATTRIBUTION_RECORD_FULL.csv,8,rights_basis,Rights basis,"Named authority, permission or rights basis governing rights basis.",Record the accepted current value and place supporting evidence or authority in the linked field or record.,required unless explicitly and defensibly not applicable; completed records must not leave the field blank,,,bibliographic and source metadata only; do not redistribute restricted full texts,non-empty when required; internally consistent with linked records,"4.6 Treat authority, ethics, data, security and licences as design inputs; 8.4 Verify citations, sources, rights and attribution bidirectionally"
FULL-SOURCE_RIGHTS_ATTRIBUTION_RECORD_FULL,full,SOURCE_RIGHTS_ATTRIBUTION_RECORD_FULL.csv,companion/04_TEMPLATES_FULL/SOURCE_RIGHTS_ATTRIBUTION_RECORD_FULL.csv,9,permission_or_licence,Permission or licence,"Named authority, permission or rights basis governing permission or licence.",Record the accepted current value and place supporting evidence or authority in the linked field or record.,conditional; in completed records use “not applicable — reason” rather than a blank cell,,,bibliographic and source metadata only; do not redistribute restricted full texts,non-empty when required; internally consistent with linked records,"4.6 Treat authority, ethics, data, security and licences as design inputs; 8.4 Verify citations, sources, rights and attribution bidirectionally"
FULL-SOURCE_RIGHTS_ATTRIBUTION_RECORD_FULL,full,SOURCE_RIGHTS_ATTRIBUTION_RECORD_FULL.csv,companion/04_TEMPLATES_FULL/SOURCE_RIGHTS_ATTRIBUTION_RECORD_FULL.csv,10,restriction,restriction,Record restriction in sufficiently precise terms for a competent reviewer to reconstruct and challenge the decision.,Record the accepted current value and place supporting evidence or authority in the linked field or record.,conditional; in completed records use “not applicable — reason” rather than a blank cell,,,bibliographic and source metadata only; do not redistribute restricted full texts,non-empty when required; internally consistent with linked records,"4.6 Treat authority, ethics, data, security and licences as design inputs; 8.4 Verify citations, sources, rights and attribution bidirectionally"
FULL-SOURCE_RIGHTS_ATTRIBUTION_RECORD_FULL,full,SOURCE_RIGHTS_ATTRIBUTION_RECORD_FULL.csv,companion/04_TEMPLATES_FULL/SOURCE_RIGHTS_ATTRIBUTION_RECORD_FULL.csv,11,verification_date,Verification date,ISO 8601 date associated with verification date.,Record the accepted current value and place supporting evidence or authority in the linked field or record.,required unless explicitly and defensibly not applicable; completed records must not leave the field blank,,,bibliographic and source metadata only; do not redistribute restricted full texts,ISO 8601 date (YYYY-MM-DD),"4.6 Treat authority, ethics, data, security and licences as design inputs; 8.4 Verify citations, sources, rights and attribution bidirectionally"
FULL-SOURCE_RIGHTS_ATTRIBUTION_RECORD_FULL,full,SOURCE_RIGHTS_ATTRIBUTION_RECORD_FULL.csv,companion/04_TEMPLATES_FULL/SOURCE_RIGHTS_ATTRIBUTION_RECORD_FULL.csv,12,reviewer,reviewer,Named person or competent role that inspected the current version.,Record the accepted current value and place supporting evidence or authority in the linked field or record.,required unless explicitly and defensibly not applicable; completed records must not leave the field blank,,,bibliographic and source metadata only; do not redistribute restricted full texts,non-empty when required; internally consistent with linked records,"4.6 Treat authority, ethics, data, security and licences as design inputs; 8.4 Verify citations, sources, rights and attribution bidirectionally"
FULL-SOURCE_RIGHTS_ATTRIBUTION_RECORD_FULL,full,SOURCE_RIGHTS_ATTRIBUTION_RECORD_FULL.csv,companion/04_TEMPLATES_FULL/SOURCE_RIGHTS_ATTRIBUTION_RECORD_FULL.csv,13,status,status,Current lifecycle or decision status. Use the controlled vocabulary declared for the record.,Record the accepted current value and place supporting evidence or authority in the linked field or record.,required unless explicitly and defensibly not applicable; completed records must not leave the field blank,lifecycle_status,draft; candidate; reviewed; accepted locally; superseded; withdrawn,bibliographic and source metadata only; do not redistribute restricted full texts,use one exact value from controlled vocabulary: lifecycle_status,"4.6 Treat authority, ethics, data, security and licences as design inputs; 8.4 Verify citations, sources, rights and attribution bidirectionally"
FULL-SUBMISSION_PACKAGE_MANIFEST_FULL,full,SUBMISSION_PACKAGE_MANIFEST_FULL.csv,companion/04_TEMPLATES_FULL/SUBMISSION_PACKAGE_MANIFEST_FULL.csv,1,package_item_id,Package item id,Stable identifier for package item id. Use a reproducible project naming convention.,Record the accepted current value and place supporting evidence or authority in the linked field or record.,required unless explicitly and defensibly not applicable; completed records must not leave the field blank,,,may reference restricted administrative objects; store only safe identifiers and segregated locators,non-empty stable identifier; unique within the project namespace,9.3 Build one assessable record across controlled interfaces
FULL-SUBMISSION_PACKAGE_MANIFEST_FULL,full,SUBMISSION_PACKAGE_MANIFEST_FULL.csv,companion/04_TEMPLATES_FULL/SUBMISSION_PACKAGE_MANIFEST_FULL.csv,2,filename,filename,Record filename in sufficiently precise terms for a competent reviewer to reconstruct and challenge the decision.,Record the accepted current value and place supporting evidence or authority in the linked field or record.,required unless explicitly and defensibly not applicable; completed records must not leave the field blank,,,may reference restricted administrative objects; store only safe identifiers and segregated locators,non-empty when required; internally consistent with linked records,9.3 Build one assessable record across controlled interfaces
FULL-SUBMISSION_PACKAGE_MANIFEST_FULL,full,SUBMISSION_PACKAGE_MANIFEST_FULL.csv,companion/04_TEMPLATES_FULL/SUBMISSION_PACKAGE_MANIFEST_FULL.csv,3,object_class,Object class,Record object class in sufficiently precise terms for a competent reviewer to reconstruct and challenge the decision.,Record the accepted current value and place supporting evidence or authority in the linked field or record.,required unless explicitly and defensibly not applicable; completed records must not leave the field blank,,,may reference restricted administrative objects; store only safe identifiers and segregated locators,non-empty when required; internally consistent with linked records,9.3 Build one assessable record across controlled interfaces
FULL-SUBMISSION_PACKAGE_MANIFEST_FULL,full,SUBMISSION_PACKAGE_MANIFEST_FULL.csv,companion/04_TEMPLATES_FULL/SUBMISSION_PACKAGE_MANIFEST_FULL.csv,4,required_by,Required by,Record required by in sufficiently precise terms for a competent reviewer to reconstruct and challenge the decision.,Record the accepted current value and place supporting evidence or authority in the linked field or record.,required unless explicitly and defensibly not applicable; completed records must not leave the field blank,,,may reference restricted administrative objects; store only safe identifiers and segregated locators,non-empty when required; internally consistent with linked records,9.3 Build one assessable record across controlled interfaces
FULL-SUBMISSION_PACKAGE_MANIFEST_FULL,full,SUBMISSION_PACKAGE_MANIFEST_FULL.csv,companion/04_TEMPLATES_FULL/SUBMISSION_PACKAGE_MANIFEST_FULL.csv,5,version,version,Explicit version identifier for the record or object. Do not rely on file modification time.,Record the accepted current value and place supporting evidence or authority in the linked field or record.,required unless explicitly and defensibly not applicable; completed records must not leave the field blank,,,may reference restricted administrative objects; store only safe identifiers and segregated locators,explicit version or dated revision; no ambiguous labels such as final-final,9.3 Build one assessable record across controlled interfaces
FULL-SUBMISSION_PACKAGE_MANIFEST_FULL,full,SUBMISSION_PACKAGE_MANIFEST_FULL.csv,companion/04_TEMPLATES_FULL/SUBMISSION_PACKAGE_MANIFEST_FULL.csv,6,sha256,sha256,Lowercase SHA-256 digest of the exact controlled file.,Record the accepted current value and place supporting evidence or authority in the linked field or record.,required unless explicitly and defensibly not applicable; completed records must not leave the field blank,,,may reference restricted administrative objects; store only safe identifiers and segregated locators,64 lowercase hexadecimal characters where a file digest applies,9.3 Build one assessable record across controlled interfaces
FULL-SUBMISSION_PACKAGE_MANIFEST_FULL,full,SUBMISSION_PACKAGE_MANIFEST_FULL.csv,companion/04_TEMPLATES_FULL/SUBMISSION_PACKAGE_MANIFEST_FULL.csv,7,content_identity,Content identity,Record content identity in sufficiently precise terms for a competent reviewer to reconstruct and challenge the decision.,Record the accepted current value and place supporting evidence or authority in the linked field or record.,required unless explicitly and defensibly not applicable; completed records must not leave the field blank,,,may reference restricted administrative objects; store only safe identifiers and segregated locators,non-empty when required; internally consistent with linked records,9.3 Build one assessable record across controlled interfaces
FULL-SUBMISSION_PACKAGE_MANIFEST_FULL,full,SUBMISSION_PACKAGE_MANIFEST_FULL.csv,companion/04_TEMPLATES_FULL/SUBMISSION_PACKAGE_MANIFEST_FULL.csv,8,rights_status,Rights status,"Permission, licence, ownership or unresolved-rights status for the intended use.",Record the accepted current value and place supporting evidence or authority in the linked field or record.,required unless explicitly and defensibly not applicable; completed records must not leave the field blank,rights_status,pending clearance; cleared for declared use; restricted; prohibited; not applicable,may reference restricted administrative objects; store only safe identifiers and segregated locators,use one exact value from controlled vocabulary: rights_status,9.3 Build one assessable record across controlled interfaces
FULL-SUBMISSION_PACKAGE_MANIFEST_FULL,full,SUBMISSION_PACKAGE_MANIFEST_FULL.csv,companion/04_TEMPLATES_FULL/SUBMISSION_PACKAGE_MANIFEST_FULL.csv,9,privacy_status,Privacy status,"Public, internal, confidential, restricted or mixed access state after review.",Record the accepted current value and place supporting evidence or authority in the linked field or record.,required unless explicitly and defensibly not applicable; completed records must not leave the field blank,privacy_class,public; internal; confidential; restricted; mixed,may reference restricted administrative objects; store only safe identifiers and segregated locators,use one exact value from controlled vocabulary: privacy_class,9.3 Build one assessable record across controlled interfaces
FULL-SUBMISSION_PACKAGE_MANIFEST_FULL,full,SUBMISSION_PACKAGE_MANIFEST_FULL.csv,companion/04_TEMPLATES_FULL/SUBMISSION_PACKAGE_MANIFEST_FULL.csv,10,destination,destination,Record destination in sufficiently precise terms for a competent reviewer to reconstruct and challenge the decision.,Record the accepted current value and place supporting evidence or authority in the linked field or record.,required unless explicitly and defensibly not applicable; completed records must not leave the field blank,,,may reference restricted administrative objects; store only safe identifiers and segregated locators,non-empty when required; internally consistent with linked records,9.3 Build one assessable record across controlled interfaces
FULL-SUBMISSION_PACKAGE_MANIFEST_FULL,full,SUBMISSION_PACKAGE_MANIFEST_FULL.csv,companion/04_TEMPLATES_FULL/SUBMISSION_PACKAGE_MANIFEST_FULL.csv,11,submission_status,Submission status,Current controlled status for submission status.,Record the accepted current value and place supporting evidence or authority in the linked field or record.,required unless explicitly and defensibly not applicable; completed records must not leave the field blank,submission_status,not assembled; assembled; internally reviewed; authorised for submission; submitted with retained evidence; superseded,may reference restricted administrative objects; store only safe identifiers and segregated locators,use one exact value from controlled vocabulary: submission_status,9.3 Build one assessable record across controlled interfaces
FULL-SUBMISSION_PACKAGE_MANIFEST_FULL,full,SUBMISSION_PACKAGE_MANIFEST_FULL.csv,companion/04_TEMPLATES_FULL/SUBMISSION_PACKAGE_MANIFEST_FULL.csv,12,notes,notes,Record notes in sufficiently precise terms for a competent reviewer to reconstruct and challenge the decision.,Record the accepted current value and place supporting evidence or authority in the linked field or record.,optional; do not use for unstructured personal or confidential payloads,,,may reference restricted administrative objects; store only safe identifiers and segregated locators,non-empty when required; internally consistent with linked records,9.3 Build one assessable record across controlled interfaces
FULL-SYNTHESIS_MEMO_FULL,full,SYNTHESIS_MEMO_FULL.csv,companion/04_TEMPLATES_FULL/SYNTHESIS_MEMO_FULL.csv,1,Memo identifier,Memo identifier,Stable identifier.,Record the accepted current value and place supporting evidence or authority in the linked field or record.,required unless explicitly and defensibly not applicable; completed records must not leave the field blank,,,bibliographic and source metadata only; do not redistribute restricted full texts,non-empty when required; internally consistent with linked records,"3.7 Synthesise patterns, contradictions and the bounded gap"
FULL-SYNTHESIS_MEMO_FULL,full,SYNTHESIS_MEMO_FULL.csv,companion/04_TEMPLATES_FULL/SYNTHESIS_MEMO_FULL.csv,2,Question or decision,Question or decision,What the synthesis informs.,Record the accepted current value and place supporting evidence or authority in the linked field or record.,required unless explicitly and defensibly not applicable; completed records must not leave the field blank,,,bibliographic and source metadata only; do not redistribute restricted full texts,non-empty when required; internally consistent with linked records,"3.7 Synthesise patterns, contradictions and the bounded gap"
FULL-SYNTHESIS_MEMO_FULL,full,SYNTHESIS_MEMO_FULL.csv,companion/04_TEMPLATES_FULL/SYNTHESIS_MEMO_FULL.csv,3,Included source/study set,Included source/study set,Stable IDs.,Record the accepted current value and place supporting evidence or authority in the linked field or record.,required unless explicitly and defensibly not applicable; completed records must not leave the field blank,,,bibliographic and source metadata only; do not redistribute restricted full texts,non-empty when required; internally consistent with linked records,"3.7 Synthesise patterns, contradictions and the bounded gap"
FULL-SYNTHESIS_MEMO_FULL,full,SYNTHESIS_MEMO_FULL.csv,companion/04_TEMPLATES_FULL/SYNTHESIS_MEMO_FULL.csv,4,Identity resolution,Identity resolution,Publication-to-study mapping where relevant.,Record the accepted current value and place supporting evidence or authority in the linked field or record.,required unless explicitly and defensibly not applicable; completed records must not leave the field blank,,,bibliographic and source metadata only; do not redistribute restricted full texts,non-empty when required; internally consistent with linked records,"3.7 Synthesise patterns, contradictions and the bounded gap"
FULL-SYNTHESIS_MEMO_FULL,full,SYNTHESIS_MEMO_FULL.csv,companion/04_TEMPLATES_FULL/SYNTHESIS_MEMO_FULL.csv,5,Synthesis method,Synthesis method,"Narrative, thematic, tabular, quantitative or other declared method.",Record the accepted current value and place supporting evidence or authority in the linked field or record.,required unless explicitly and defensibly not applicable; completed records must not leave the field blank,,,bibliographic and source metadata only; do not redistribute restricted full texts,non-empty when required; internally consistent with linked records,"3.7 Synthesise patterns, contradictions and the bounded gap"
FULL-SYNTHESIS_MEMO_FULL,full,SYNTHESIS_MEMO_FULL.csv,companion/04_TEMPLATES_FULL/SYNTHESIS_MEMO_FULL.csv,6,Pattern,Pattern,Supported convergence.,Record the accepted current value and place supporting evidence or authority in the linked field or record.,required unless explicitly and defensibly not applicable; completed records must not leave the field blank,,,bibliographic and source metadata only; do not redistribute restricted full texts,non-empty when required; internally consistent with linked records,"3.7 Synthesise patterns, contradictions and the bounded gap"
FULL-SYNTHESIS_MEMO_FULL,full,SYNTHESIS_MEMO_FULL.csv,companion/04_TEMPLATES_FULL/SYNTHESIS_MEMO_FULL.csv,7,Contradiction,Contradiction,Disagreement or incompatible result.,Record the accepted current value and place supporting evidence or authority in the linked field or record.,required unless explicitly and defensibly not applicable; completed records must not leave the field blank,,,bibliographic and source metadata only; do not redistribute restricted full texts,non-empty when required; internally consistent with linked records,"3.7 Synthesise patterns, contradictions and the bounded gap"
FULL-SYNTHESIS_MEMO_FULL,full,SYNTHESIS_MEMO_FULL.csv,companion/04_TEMPLATES_FULL/SYNTHESIS_MEMO_FULL.csv,8,Uncertainty,Uncertainty,"Missing, weak or indirect evidence.",Record the accepted current value and place supporting evidence or authority in the linked field or record.,required unless explicitly and defensibly not applicable; completed records must not leave the field blank,,,bibliographic and source metadata only; do not redistribute restricted full texts,non-empty when required; internally consistent with linked records,"3.7 Synthesise patterns, contradictions and the bounded gap"
FULL-SYNTHESIS_MEMO_FULL,full,SYNTHESIS_MEMO_FULL.csv,companion/04_TEMPLATES_FULL/SYNTHESIS_MEMO_FULL.csv,9,Gap wording,Gap wording,"Bounded finding, not a universal absence claim.",Record the accepted current value and place supporting evidence or authority in the linked field or record.,required unless explicitly and defensibly not applicable; completed records must not leave the field blank,,,bibliographic and source metadata only; do not redistribute restricted full texts,non-empty when required; internally consistent with linked records,"3.7 Synthesise patterns, contradictions and the bounded gap"
FULL-SYNTHESIS_MEMO_FULL,full,SYNTHESIS_MEMO_FULL.csv,companion/04_TEMPLATES_FULL/SYNTHESIS_MEMO_FULL.csv,10,Project consequence,Project consequence,"Proceed, revise question, change design or suspend claim.",Record the accepted current value and place supporting evidence or authority in the linked field or record.,required unless explicitly and defensibly not applicable; completed records must not leave the field blank,,,bibliographic and source metadata only; do not redistribute restricted full texts,non-empty when required; internally consistent with linked records,"3.7 Synthesise patterns, contradictions and the bounded gap"
FULL-SYNTHESIS_MEMO_FULL,full,SYNTHESIS_MEMO_FULL.csv,companion/04_TEMPLATES_FULL/SYNTHESIS_MEMO_FULL.csv,11,Claim boundary,Claim boundary,What the memo cannot support.,Record the accepted current value and place supporting evidence or authority in the linked field or record.,required unless explicitly and defensibly not applicable; completed records must not leave the field blank,,,bibliographic and source metadata only; do not redistribute restricted full texts,non-empty when required; internally consistent with linked records,"3.7 Synthesise patterns, contradictions and the bounded gap"
FULL-SYNTHESIS_MEMO_FULL,full,SYNTHESIS_MEMO_FULL.csv,companion/04_TEMPLATES_FULL/SYNTHESIS_MEMO_FULL.csv,12,"Reviewer, date and version","Reviewer, date and version",Lifecycle record.,Record the accepted current value and place supporting evidence or authority in the linked field or record.,required unless explicitly and defensibly not applicable; completed records must not leave the field blank,,,bibliographic and source metadata only; do not redistribute restricted full texts,explicit version or dated revision; no ambiguous labels such as final-final,"3.7 Synthesise patterns, contradictions and the bounded gap"
FULL-TRACE_RECORD_FULL,full,TRACE_RECORD_FULL.csv,companion/04_TEMPLATES_FULL/TRACE_RECORD_FULL.csv,1,use_id,Use id,Stable identifier for one consequential generative AI use event.,Record the accepted current value and place supporting evidence or authority in the linked field or record.,required unless explicitly and defensibly not applicable; completed records must not leave the field blank,,,"do not paste confidential prompts, participant data, credentials or restricted source content",non-empty stable identifier; unique within the project namespace,"6.7 Use AI as an adversary, never as a certifier; 7.7 Use AI to diagnose and revise without surrendering authorship"
FULL-TRACE_RECORD_FULL,full,TRACE_RECORD_FULL.csv,companion/04_TEMPLATES_FULL/TRACE_RECORD_FULL.csv,2,project_object,Project object,Record project object in sufficiently precise terms for a competent reviewer to reconstruct and challenge the decision.,Record the accepted current value and place supporting evidence or authority in the linked field or record.,required unless explicitly and defensibly not applicable; completed records must not leave the field blank,,,"do not paste confidential prompts, participant data, credentials or restricted source content",non-empty when required; internally consistent with linked records,"6.7 Use AI as an adversary, never as a certifier; 7.7 Use AI to diagnose and revise without surrendering authorship"
FULL-TRACE_RECORD_FULL,full,TRACE_RECORD_FULL.csv,companion/04_TEMPLATES_FULL/TRACE_RECORD_FULL.csv,3,task,task,Record task in sufficiently precise terms for a competent reviewer to reconstruct and challenge the decision.,Record the accepted current value and place supporting evidence or authority in the linked field or record.,required unless explicitly and defensibly not applicable; completed records must not leave the field blank,,,"do not paste confidential prompts, participant data, credentials or restricted source content",non-empty when required; internally consistent with linked records,"6.7 Use AI as an adversary, never as a certifier; 7.7 Use AI to diagnose and revise without surrendering authorship"
FULL-TRACE_RECORD_FULL,full,TRACE_RECORD_FULL.csv,companion/04_TEMPLATES_FULL/TRACE_RECORD_FULL.csv,4,tool_provider,Tool provider,Record tool provider in sufficiently precise terms for a competent reviewer to reconstruct and challenge the decision.,Record the accepted current value and place supporting evidence or authority in the linked field or record.,required unless explicitly and defensibly not applicable; completed records must not leave the field blank,,,"do not paste confidential prompts, participant data, credentials or restricted source content",non-empty when required; internally consistent with linked records,"6.7 Use AI as an adversary, never as a certifier; 7.7 Use AI to diagnose and revise without surrendering authorship"
FULL-TRACE_RECORD_FULL,full,TRACE_RECORD_FULL.csv,companion/04_TEMPLATES_FULL/TRACE_RECORD_FULL.csv,5,tool_or_model_version,Tool or model version,"Exact tool, model or build version where available. Do not infer an unverified version.",Record the accepted current value and place supporting evidence or authority in the linked field or record.,required unless explicitly and defensibly not applicable; completed records must not leave the field blank,,,"do not paste confidential prompts, participant data, credentials or restricted source content",explicit version or dated revision; no ambiguous labels such as final-final,"6.7 Use AI as an adversary, never as a certifier; 7.7 Use AI to diagnose and revise without surrendering authorship"
FULL-TRACE_RECORD_FULL,full,TRACE_RECORD_FULL.csv,companion/04_TEMPLATES_FULL/TRACE_RECORD_FULL.csv,6,date,date,"ISO 8601 date on which the action, observation or disposition occurred.",Record the accepted current value and place supporting evidence or authority in the linked field or record.,required unless explicitly and defensibly not applicable; completed records must not leave the field blank,,,"do not paste confidential prompts, participant data, credentials or restricted source content",ISO 8601 date (YYYY-MM-DD),"6.7 Use AI as an adversary, never as a certifier; 7.7 Use AI to diagnose and revise without surrendering authorship"
FULL-TRACE_RECORD_FULL,full,TRACE_RECORD_FULL.csv,companion/04_TEMPLATES_FULL/TRACE_RECORD_FULL.csv,7,context_supplied,Context supplied,Record context supplied in sufficiently precise terms for a competent reviewer to reconstruct and challenge the decision.,Record the accepted current value and place supporting evidence or authority in the linked field or record.,required unless explicitly and defensibly not applicable; completed records must not leave the field blank,,,"do not paste confidential prompts, participant data, credentials or restricted source content",non-empty when required; internally consistent with linked records,"6.7 Use AI as an adversary, never as a certifier; 7.7 Use AI to diagnose and revise without surrendering authorship"
FULL-TRACE_RECORD_FULL,full,TRACE_RECORD_FULL.csv,companion/04_TEMPLATES_FULL/TRACE_RECORD_FULL.csv,8,confidentiality_class,Confidentiality class,Record confidentiality class in sufficiently precise terms for a competent reviewer to reconstruct and challenge the decision.,Record the accepted current value and place supporting evidence or authority in the linked field or record.,required unless explicitly and defensibly not applicable; completed records must not leave the field blank,privacy_class,public; internal; confidential; restricted; mixed,"do not paste confidential prompts, participant data, credentials or restricted source content",use one exact value from controlled vocabulary: privacy_class,"6.7 Use AI as an adversary, never as a certifier; 7.7 Use AI to diagnose and revise without surrendering authorship"
FULL-TRACE_RECORD_FULL,full,TRACE_RECORD_FULL.csv,companion/04_TEMPLATES_FULL/TRACE_RECORD_FULL.csv,9,candidate_output,Candidate output,Object produced by the work unit before inspection and disposition.,Record the accepted current value and place supporting evidence or authority in the linked field or record.,required unless explicitly and defensibly not applicable; completed records must not leave the field blank,,,"do not paste confidential prompts, participant data, credentials or restricted source content",non-empty when required; internally consistent with linked records,"6.7 Use AI as an adversary, never as a certifier; 7.7 Use AI to diagnose and revise without surrendering authorship"
FULL-TRACE_RECORD_FULL,full,TRACE_RECORD_FULL.csv,companion/04_TEMPLATES_FULL/TRACE_RECORD_FULL.csv,10,material_risk,Material risk,"Material constraint, uncertainty or boundary associated with material risk.",Record the accepted current value and place supporting evidence or authority in the linked field or record.,required unless explicitly and defensibly not applicable; completed records must not leave the field blank,,,"do not paste confidential prompts, participant data, credentials or restricted source content",non-empty when required; internally consistent with linked records,"6.7 Use AI as an adversary, never as a certifier; 7.7 Use AI to diagnose and revise without surrendering authorship"
FULL-TRACE_RECORD_FULL,full,TRACE_RECORD_FULL.csv,companion/04_TEMPLATES_FULL/TRACE_RECORD_FULL.csv,11,independent_verification,Independent verification,"Source, test, primary artefact or competent review path independent of the generating tool output.",Record the accepted current value and place supporting evidence or authority in the linked field or record.,required unless explicitly and defensibly not applicable; completed records must not leave the field blank,,,"do not paste confidential prompts, participant data, credentials or restricted source content",non-empty when required; internally consistent with linked records,"6.7 Use AI as an adversary, never as a certifier; 7.7 Use AI to diagnose and revise without surrendering authorship"
FULL-TRACE_RECORD_FULL,full,TRACE_RECORD_FULL.csv,companion/04_TEMPLATES_FULL/TRACE_RECORD_FULL.csv,12,student_decision,Student decision,"Human disposition and rationale for accepting, modifying or rejecting candidate assistance.",Record the accepted current value and place supporting evidence or authority in the linked field or record.,required unless explicitly and defensibly not applicable; completed records must not leave the field blank,ai_disposition,accepted; modified; rejected,"do not paste confidential prompts, participant data, credentials or restricted source content",use one exact value from controlled vocabulary: ai_disposition,"6.7 Use AI as an adversary, never as a certifier; 7.7 Use AI to diagnose and revise without surrendering authorship"
FULL-TRACE_RECORD_FULL,full,TRACE_RECORD_FULL.csv,companion/04_TEMPLATES_FULL/TRACE_RECORD_FULL.csv,13,effect_on_evidence_reasoning_or_wording,Effect on evidence reasoning or wording,"Named, retrievable evidence relevant to effect on evidence reasoning or wording; use a safe locator rather than confidential payload.",Record the accepted current value and place supporting evidence or authority in the linked field or record.,required unless explicitly and defensibly not applicable; completed records must not leave the field blank,,,"do not paste confidential prompts, participant data, credentials or restricted source content",non-empty when required; internally consistent with linked records,"6.7 Use AI as an adversary, never as a certifier; 7.7 Use AI to diagnose and revise without surrendering authorship"
FULL-TRACE_RECORD_FULL,full,TRACE_RECORD_FULL.csv,companion/04_TEMPLATES_FULL/TRACE_RECORD_FULL.csv,14,disclosure_mapping,Disclosure mapping,Record disclosure mapping in sufficiently precise terms for a competent reviewer to reconstruct and challenge the decision.,Record the accepted current value and place supporting evidence or authority in the linked field or record.,required unless explicitly and defensibly not applicable; completed records must not leave the field blank,,,"do not paste confidential prompts, participant data, credentials or restricted source content",non-empty when required; internally consistent with linked records,"6.7 Use AI as an adversary, never as a certifier; 7.7 Use AI to diagnose and revise without surrendering authorship"
FULL-TRACE_RECORD_FULL,full,TRACE_RECORD_FULL.csv,companion/04_TEMPLATES_FULL/TRACE_RECORD_FULL.csv,15,owner,owner,Person responsible for the object or next action. Use a role rather than personal contact data when appropriate.,Record the accepted current value and place supporting evidence or authority in the linked field or record.,required unless explicitly and defensibly not applicable; completed records must not leave the field blank,,,"do not paste confidential prompts, participant data, credentials or restricted source content",non-empty when required; internally consistent with linked records,"6.7 Use AI as an adversary, never as a certifier; 7.7 Use AI to diagnose and revise without surrendering authorship"
FULL-TRACE_RECORD_FULL,full,TRACE_RECORD_FULL.csv,companion/04_TEMPLATES_FULL/TRACE_RECORD_FULL.csv,16,reviewer,reviewer,Named person or competent role that inspected the current version.,Record the accepted current value and place supporting evidence or authority in the linked field or record.,required unless explicitly and defensibly not applicable; completed records must not leave the field blank,,,"do not paste confidential prompts, participant data, credentials or restricted source content",non-empty when required; internally consistent with linked records,"6.7 Use AI as an adversary, never as a certifier; 7.7 Use AI to diagnose and revise without surrendering authorship"
FULL-TRACE_RECORD_FULL,full,TRACE_RECORD_FULL.csv,companion/04_TEMPLATES_FULL/TRACE_RECORD_FULL.csv,17,status,status,Current lifecycle or decision status. Use the controlled vocabulary declared for the record.,Record the accepted current value and place supporting evidence or authority in the linked field or record.,required unless explicitly and defensibly not applicable; completed records must not leave the field blank,lifecycle_status,draft; candidate; reviewed; accepted locally; superseded; withdrawn,"do not paste confidential prompts, participant data, credentials or restricted source content",use one exact value from controlled vocabulary: lifecycle_status,"6.7 Use AI as an adversary, never as a certifier; 7.7 Use AI to diagnose and revise without surrendering authorship"
FULL-UNCERTAINTY_COUNTER_EVIDENCE_RECORD_FULL,full,UNCERTAINTY_COUNTER_EVIDENCE_RECORD_FULL.csv,companion/04_TEMPLATES_FULL/UNCERTAINTY_COUNTER_EVIDENCE_RECORD_FULL.csv,1,item_id,Item id,Stable identifier for item id. Use a reproducible project naming convention.,Record the accepted current value and place supporting evidence or authority in the linked field or record.,required unless explicitly and defensibly not applicable; completed records must not leave the field blank,,,"controlled project metadata; no credentials, direct identifiers or confidential payloads",non-empty stable identifier; unique within the project namespace,"6.5 Interpret magnitude, uncertainty and counter-evidence; 7.6 Write discussion, limitations and conclusions as the bounded answer"
FULL-UNCERTAINTY_COUNTER_EVIDENCE_RECORD_FULL,full,UNCERTAINTY_COUNTER_EVIDENCE_RECORD_FULL.csv,companion/04_TEMPLATES_FULL/UNCERTAINTY_COUNTER_EVIDENCE_RECORD_FULL.csv,2,claim_id,Claim id,Stable identifier for one exact claim wording.,Record the accepted current value and place supporting evidence or authority in the linked field or record.,required unless explicitly and defensibly not applicable; completed records must not leave the field blank,,,"controlled project metadata; no credentials, direct identifiers or confidential payloads",non-empty stable identifier; unique within the project namespace,"6.5 Interpret magnitude, uncertainty and counter-evidence; 7.6 Write discussion, limitations and conclusions as the bounded answer"
FULL-UNCERTAINTY_COUNTER_EVIDENCE_RECORD_FULL,full,UNCERTAINTY_COUNTER_EVIDENCE_RECORD_FULL.csv,companion/04_TEMPLATES_FULL/UNCERTAINTY_COUNTER_EVIDENCE_RECORD_FULL.csv,3,item_type,Item type,Record item type in sufficiently precise terms for a competent reviewer to reconstruct and challenge the decision.,Record the accepted current value and place supporting evidence or authority in the linked field or record.,required unless explicitly and defensibly not applicable; completed records must not leave the field blank,,,"controlled project metadata; no credentials, direct identifiers or confidential payloads",non-empty when required; internally consistent with linked records,"6.5 Interpret magnitude, uncertainty and counter-evidence; 7.6 Write discussion, limitations and conclusions as the bounded answer"
FULL-UNCERTAINTY_COUNTER_EVIDENCE_RECORD_FULL,full,UNCERTAINTY_COUNTER_EVIDENCE_RECORD_FULL.csv,companion/04_TEMPLATES_FULL/UNCERTAINTY_COUNTER_EVIDENCE_RECORD_FULL.csv,4,evidence_object,Evidence object,Stable identifier or safe locator for the evidence used. Do not paste confidential payloads.,Record the accepted current value and place supporting evidence or authority in the linked field or record.,required unless explicitly and defensibly not applicable; completed records must not leave the field blank,,,"controlled project metadata; no credentials, direct identifiers or confidential payloads",non-empty when required; internally consistent with linked records,"6.5 Interpret magnitude, uncertainty and counter-evidence; 7.6 Write discussion, limitations and conclusions as the bounded answer"
FULL-UNCERTAINTY_COUNTER_EVIDENCE_RECORD_FULL,full,UNCERTAINTY_COUNTER_EVIDENCE_RECORD_FULL.csv,companion/04_TEMPLATES_FULL/UNCERTAINTY_COUNTER_EVIDENCE_RECORD_FULL.csv,5,description,description,Record description in sufficiently precise terms for a competent reviewer to reconstruct and challenge the decision.,Record the accepted current value and place supporting evidence or authority in the linked field or record.,required unless explicitly and defensibly not applicable; completed records must not leave the field blank,,,"controlled project metadata; no credentials, direct identifiers or confidential payloads",non-empty when required; internally consistent with linked records,"6.5 Interpret magnitude, uncertainty and counter-evidence; 7.6 Write discussion, limitations and conclusions as the bounded answer"
FULL-UNCERTAINTY_COUNTER_EVIDENCE_RECORD_FULL,full,UNCERTAINTY_COUNTER_EVIDENCE_RECORD_FULL.csv,companion/04_TEMPLATES_FULL/UNCERTAINTY_COUNTER_EVIDENCE_RECORD_FULL.csv,6,source_or_method,Source or method,"Verified source or identity information for source or method, sufficient for independent resolution.",Record the accepted current value and place supporting evidence or authority in the linked field or record.,required unless explicitly and defensibly not applicable; completed records must not leave the field blank,,,"controlled project metadata; no credentials, direct identifiers or confidential payloads",non-empty when required; internally consistent with linked records,"6.5 Interpret magnitude, uncertainty and counter-evidence; 7.6 Write discussion, limitations and conclusions as the bounded answer"
FULL-UNCERTAINTY_COUNTER_EVIDENCE_RECORD_FULL,full,UNCERTAINTY_COUNTER_EVIDENCE_RECORD_FULL.csv,companion/04_TEMPLATES_FULL/UNCERTAINTY_COUNTER_EVIDENCE_RECORD_FULL.csv,7,effect_on_claim,Effect on claim,Exact bounded claim or claim-related role represented by effect on claim.,Record the accepted current value and place supporting evidence or authority in the linked field or record.,required unless explicitly and defensibly not applicable; completed records must not leave the field blank,,,"controlled project metadata; no credentials, direct identifiers or confidential payloads",non-empty when required; internally consistent with linked records,"6.5 Interpret magnitude, uncertainty and counter-evidence; 7.6 Write discussion, limitations and conclusions as the bounded answer"
FULL-UNCERTAINTY_COUNTER_EVIDENCE_RECORD_FULL,full,UNCERTAINTY_COUNTER_EVIDENCE_RECORD_FULL.csv,companion/04_TEMPLATES_FULL/UNCERTAINTY_COUNTER_EVIDENCE_RECORD_FULL.csv,8,alternative_explanation,Alternative explanation,Record alternative explanation in sufficiently precise terms for a competent reviewer to reconstruct and challenge the decision.,Record the accepted current value and place supporting evidence or authority in the linked field or record.,required unless explicitly and defensibly not applicable; completed records must not leave the field blank,,,"controlled project metadata; no credentials, direct identifiers or confidential payloads",non-empty when required; internally consistent with linked records,"6.5 Interpret magnitude, uncertainty and counter-evidence; 7.6 Write discussion, limitations and conclusions as the bounded answer"
FULL-UNCERTAINTY_COUNTER_EVIDENCE_RECORD_FULL,full,UNCERTAINTY_COUNTER_EVIDENCE_RECORD_FULL.csv,companion/04_TEMPLATES_FULL/UNCERTAINTY_COUNTER_EVIDENCE_RECORD_FULL.csv,9,repair_or_follow_up,Repair or follow up,"Specific, owned and testable action for repair or follow up.",Record the accepted current value and place supporting evidence or authority in the linked field or record.,required unless explicitly and defensibly not applicable; completed records must not leave the field blank,,,"controlled project metadata; no credentials, direct identifiers or confidential payloads",non-empty when required; internally consistent with linked records,"6.5 Interpret magnitude, uncertainty and counter-evidence; 7.6 Write discussion, limitations and conclusions as the bounded answer"
FULL-UNCERTAINTY_COUNTER_EVIDENCE_RECORD_FULL,full,UNCERTAINTY_COUNTER_EVIDENCE_RECORD_FULL.csv,companion/04_TEMPLATES_FULL/UNCERTAINTY_COUNTER_EVIDENCE_RECORD_FULL.csv,10,status,status,Current lifecycle or decision status. Use the controlled vocabulary declared for the record.,Record the accepted current value and place supporting evidence or authority in the linked field or record.,required unless explicitly and defensibly not applicable; completed records must not leave the field blank,lifecycle_status,draft; candidate; reviewed; accepted locally; superseded; withdrawn,"controlled project metadata; no credentials, direct identifiers or confidential payloads",use one exact value from controlled vocabulary: lifecycle_status,"6.5 Interpret magnitude, uncertainty and counter-evidence; 7.6 Write discussion, limitations and conclusions as the bounded answer"
FULL-UNCERTAINTY_COUNTER_EVIDENCE_RECORD_FULL,full,UNCERTAINTY_COUNTER_EVIDENCE_RECORD_FULL.csv,companion/04_TEMPLATES_FULL/UNCERTAINTY_COUNTER_EVIDENCE_RECORD_FULL.csv,11,reviewer,reviewer,Named person or competent role that inspected the current version.,Record the accepted current value and place supporting evidence or authority in the linked field or record.,required unless explicitly and defensibly not applicable; completed records must not leave the field blank,,,"controlled project metadata; no credentials, direct identifiers or confidential payloads",non-empty when required; internally consistent with linked records,"6.5 Interpret magnitude, uncertainty and counter-evidence; 7.6 Write discussion, limitations and conclusions as the bounded answer"
FULL-UNCERTAINTY_COUNTER_EVIDENCE_RECORD_FULL,full,UNCERTAINTY_COUNTER_EVIDENCE_RECORD_FULL.csv,companion/04_TEMPLATES_FULL/UNCERTAINTY_COUNTER_EVIDENCE_RECORD_FULL.csv,12,date,date,"ISO 8601 date on which the action, observation or disposition occurred.",Record the accepted current value and place supporting evidence or authority in the linked field or record.,required unless explicitly and defensibly not applicable; completed records must not leave the field blank,,,"controlled project metadata; no credentials, direct identifiers or confidential payloads",ISO 8601 date (YYYY-MM-DD),"6.5 Interpret magnitude, uncertainty and counter-evidence; 7.6 Write discussion, limitations and conclusions as the bounded answer"
FULL-VERSION_MANIFEST_RECORD_FULL,full,VERSION_MANIFEST_RECORD_FULL.csv,companion/04_TEMPLATES_FULL/VERSION_MANIFEST_RECORD_FULL.csv,1,Object identifier,Object identifier,Stable ID.,Record the accepted current value and place supporting evidence or authority in the linked field or record.,required unless explicitly and defensibly not applicable; completed records must not leave the field blank,,,"controlled project metadata; no credentials, direct identifiers or confidential payloads",non-empty when required; internally consistent with linked records,"4.2 Treat design as a versioned argument; 5.3 Freeze the starting state before consequential action; 5.7 Preserve lineage, deviations and recovery"
FULL-VERSION_MANIFEST_RECORD_FULL,full,VERSION_MANIFEST_RECORD_FULL.csv,companion/04_TEMPLATES_FULL/VERSION_MANIFEST_RECORD_FULL.csv,2,Authoritative filename,Authoritative filename,Exact name.,Record the accepted current value and place supporting evidence or authority in the linked field or record.,required unless explicitly and defensibly not applicable; completed records must not leave the field blank,,,"controlled project metadata; no credentials, direct identifiers or confidential payloads",non-empty when required; internally consistent with linked records,"4.2 Treat design as a versioned argument; 5.3 Freeze the starting state before consequential action; 5.7 Preserve lineage, deviations and recovery"
FULL-VERSION_MANIFEST_RECORD_FULL,full,VERSION_MANIFEST_RECORD_FULL.csv,companion/04_TEMPLATES_FULL/VERSION_MANIFEST_RECORD_FULL.csv,3,Version,Version,Explicit version.,Record the accepted current value and place supporting evidence or authority in the linked field or record.,required unless explicitly and defensibly not applicable; completed records must not leave the field blank,,,"controlled project metadata; no credentials, direct identifiers or confidential payloads",explicit version or dated revision; no ambiguous labels such as final-final,"4.2 Treat design as a versioned argument; 5.3 Freeze the starting state before consequential action; 5.7 Preserve lineage, deviations and recovery"
FULL-VERSION_MANIFEST_RECORD_FULL,full,VERSION_MANIFEST_RECORD_FULL.csv,companion/04_TEMPLATES_FULL/VERSION_MANIFEST_RECORD_FULL.csv,4,Date,Date,ISO date.,Record the accepted current value and place supporting evidence or authority in the linked field or record.,required unless explicitly and defensibly not applicable; completed records must not leave the field blank,,,"controlled project metadata; no credentials, direct identifiers or confidential payloads",ISO 8601 date (YYYY-MM-DD),"4.2 Treat design as a versioned argument; 5.3 Freeze the starting state before consequential action; 5.7 Preserve lineage, deviations and recovery"
FULL-VERSION_MANIFEST_RECORD_FULL,full,VERSION_MANIFEST_RECORD_FULL.csv,companion/04_TEMPLATES_FULL/VERSION_MANIFEST_RECORD_FULL.csv,5,SHA-256,SHA-256,Digest.,Record the accepted current value and place supporting evidence or authority in the linked field or record.,required unless explicitly and defensibly not applicable; completed records must not leave the field blank,,,"controlled project metadata; no credentials, direct identifiers or confidential payloads",non-empty when required; internally consistent with linked records,"4.2 Treat design as a versioned argument; 5.3 Freeze the starting state before consequential action; 5.7 Preserve lineage, deviations and recovery"
FULL-VERSION_MANIFEST_RECORD_FULL,full,VERSION_MANIFEST_RECORD_FULL.csv,companion/04_TEMPLATES_FULL/VERSION_MANIFEST_RECORD_FULL.csv,6,Source master and hash,Source master and hash,Upstream authority.,Record the accepted current value and place supporting evidence or authority in the linked field or record.,required unless explicitly and defensibly not applicable; completed records must not leave the field blank,,,"controlled project metadata; no credentials, direct identifiers or confidential payloads",non-empty when required; internally consistent with linked records,"4.2 Treat design as a versioned argument; 5.3 Freeze the starting state before consequential action; 5.7 Preserve lineage, deviations and recovery"
FULL-VERSION_MANIFEST_RECORD_FULL,full,VERSION_MANIFEST_RECORD_FULL.csv,companion/04_TEMPLATES_FULL/VERSION_MANIFEST_RECORD_FULL.csv,7,Derived objects and hashes,Derived objects and hashes,Complete list.,Record the accepted current value and place supporting evidence or authority in the linked field or record.,required unless explicitly and defensibly not applicable; completed records must not leave the field blank,,,"controlled project metadata; no credentials, direct identifiers or confidential payloads",non-empty when required; internally consistent with linked records,"4.2 Treat design as a versioned argument; 5.3 Freeze the starting state before consequential action; 5.7 Preserve lineage, deviations and recovery"
FULL-VERSION_MANIFEST_RECORD_FULL,full,VERSION_MANIFEST_RECORD_FULL.csv,companion/04_TEMPLATES_FULL/VERSION_MANIFEST_RECORD_FULL.csv,8,Content identity,Content identity,"Question, evidence, result, claim and limit preserved.",Record the accepted current value and place supporting evidence or authority in the linked field or record.,required unless explicitly and defensibly not applicable; completed records must not leave the field blank,,,"controlled project metadata; no credentials, direct identifiers or confidential payloads",non-empty when required; internally consistent with linked records,"4.2 Treat design as a versioned argument; 5.3 Freeze the starting state before consequential action; 5.7 Preserve lineage, deviations and recovery"
FULL-VERSION_MANIFEST_RECORD_FULL,full,VERSION_MANIFEST_RECORD_FULL.csv,companion/04_TEMPLATES_FULL/VERSION_MANIFEST_RECORD_FULL.csv,9,Rights status,Rights status,"Private use, permission, licence or unresolved.",Record the accepted current value and place supporting evidence or authority in the linked field or record.,required unless explicitly and defensibly not applicable; completed records must not leave the field blank,rights_status,pending clearance; cleared for declared use; restricted; prohibited; not applicable,"controlled project metadata; no credentials, direct identifiers or confidential payloads",use one exact value from controlled vocabulary: rights_status,"4.2 Treat design as a versioned argument; 5.3 Freeze the starting state before consequential action; 5.7 Preserve lineage, deviations and recovery"
FULL-VERSION_MANIFEST_RECORD_FULL,full,VERSION_MANIFEST_RECORD_FULL.csv,companion/04_TEMPLATES_FULL/VERSION_MANIFEST_RECORD_FULL.csv,10,Privacy status,Privacy status,"Public, internal, confidential, restricted or mixed.",Record the accepted current value and place supporting evidence or authority in the linked field or record.,required unless explicitly and defensibly not applicable; completed records must not leave the field blank,privacy_class,public; internal; confidential; restricted; mixed,"controlled project metadata; no credentials, direct identifiers or confidential payloads",use one exact value from controlled vocabulary: privacy_class,"4.2 Treat design as a versioned argument; 5.3 Freeze the starting state before consequential action; 5.7 Preserve lineage, deviations and recovery"
FULL-VERSION_MANIFEST_RECORD_FULL,full,VERSION_MANIFEST_RECORD_FULL.csv,companion/04_TEMPLATES_FULL/VERSION_MANIFEST_RECORD_FULL.csv,11,Proof state,Proof state,"Technical, Word proof or final candidate.",Record the accepted current value and place supporting evidence or authority in the linked field or record.,required unless explicitly and defensibly not applicable; completed records must not leave the field blank,render_status,not rendered; candidate; passed technical proof; failed; pending Microsoft Word proof,"controlled project metadata; no credentials, direct identifiers or confidential payloads",use one exact value from controlled vocabulary: render_status,"4.2 Treat design as a versioned argument; 5.3 Freeze the starting state before consequential action; 5.7 Preserve lineage, deviations and recovery"
FULL-VERSION_MANIFEST_RECORD_FULL,full,VERSION_MANIFEST_RECORD_FULL.csv,companion/04_TEMPLATES_FULL/VERSION_MANIFEST_RECORD_FULL.csv,12,Supersedes and superseded by,Supersedes and superseded by,Version lineage.,Record the accepted current value and place supporting evidence or authority in the linked field or record.,required unless explicitly and defensibly not applicable; completed records must not leave the field blank,,,"controlled project metadata; no credentials, direct identifiers or confidential payloads",non-empty when required; internally consistent with linked records,"4.2 Treat design as a versioned argument; 5.3 Freeze the starting state before consequential action; 5.7 Preserve lineage, deviations and recovery"
FULL-VERSION_MANIFEST_RECORD_FULL,full,VERSION_MANIFEST_RECORD_FULL.csv,companion/04_TEMPLATES_FULL/VERSION_MANIFEST_RECORD_FULL.csv,13,Manifest location,Manifest location,Machine-readable record.,Record the accepted current value and place supporting evidence or authority in the linked field or record.,required unless explicitly and defensibly not applicable; completed records must not leave the field blank,,,"controlled project metadata; no credentials, direct identifiers or confidential payloads",non-empty when required; internally consistent with linked records,"4.2 Treat design as a versioned argument; 5.3 Freeze the starting state before consequential action; 5.7 Preserve lineage, deviations and recovery"
FULL-VERSION_MANIFEST_RECORD_FULL,full,VERSION_MANIFEST_RECORD_FULL.csv,companion/04_TEMPLATES_FULL/VERSION_MANIFEST_RECORD_FULL.csv,14,"Owner, reviewer and next gate","Owner, reviewer and next gate",Lifecycle record.,Record the accepted current value and place supporting evidence or authority in the linked field or record.,required unless explicitly and defensibly not applicable; completed records must not leave the field blank,,,"controlled project metadata; no credentials, direct identifiers or confidential payloads",non-empty when required; internally consistent with linked records,"4.2 Treat design as a versioned argument; 5.3 Freeze the starting state before consequential action; 5.7 Preserve lineage, deviations and recovery"
FULL-WORK_UNIT_BRIEF_FULL,full,WORK_UNIT_BRIEF_FULL.csv,companion/04_TEMPLATES_FULL/WORK_UNIT_BRIEF_FULL.csv,1,Work-unit identifier,Work-unit identifier,Stable ID.,Record the accepted current value and place supporting evidence or authority in the linked field or record.,required unless explicitly and defensibly not applicable; completed records must not leave the field blank,,,"record versions and evidence locators, not secrets, personal data or proprietary payloads",non-empty when required; internally consistent with linked records,5.1 The successful run that proves too little; 5.2 Treat every output as a candidate work unit; 5.4 Execute route-specific units without collapsing inference boundaries
FULL-WORK_UNIT_BRIEF_FULL,full,WORK_UNIT_BRIEF_FULL.csv,companion/04_TEMPLATES_FULL/WORK_UNIT_BRIEF_FULL.csv,2,Authorised commitment,Authorised commitment,Link to Design Gate record.,Record the accepted current value and place supporting evidence or authority in the linked field or record.,required unless explicitly and defensibly not applicable; completed records must not leave the field blank,,,"record versions and evidence locators, not secrets, personal data or proprietary payloads",non-empty when required; internally consistent with linked records,5.1 The successful run that proves too little; 5.2 Treat every output as a candidate work unit; 5.4 Execute route-specific units without collapsing inference boundaries
FULL-WORK_UNIT_BRIEF_FULL,full,WORK_UNIT_BRIEF_FULL.csv,companion/04_TEMPLATES_FULL/WORK_UNIT_BRIEF_FULL.csv,3,Purpose,Purpose,Decision or evidence produced.,Record the accepted current value and place supporting evidence or authority in the linked field or record.,required unless explicitly and defensibly not applicable; completed records must not leave the field blank,,,"record versions and evidence locators, not secrets, personal data or proprietary payloads",non-empty when required; internally consistent with linked records,5.1 The successful run that proves too little; 5.2 Treat every output as a candidate work unit; 5.4 Execute route-specific units without collapsing inference boundaries
FULL-WORK_UNIT_BRIEF_FULL,full,WORK_UNIT_BRIEF_FULL.csv,companion/04_TEMPLATES_FULL/WORK_UNIT_BRIEF_FULL.csv,4,Starting state,Starting state,"Inputs, versions and environment.",Record the accepted current value and place supporting evidence or authority in the linked field or record.,required unless explicitly and defensibly not applicable; completed records must not leave the field blank,,,"record versions and evidence locators, not secrets, personal data or proprietary payloads",non-empty when required; internally consistent with linked records,5.1 The successful run that proves too little; 5.2 Treat every output as a candidate work unit; 5.4 Execute route-specific units without collapsing inference boundaries
FULL-WORK_UNIT_BRIEF_FULL,full,WORK_UNIT_BRIEF_FULL.csv,companion/04_TEMPLATES_FULL/WORK_UNIT_BRIEF_FULL.csv,5,Action,Action,Bounded execution.,Record the accepted current value and place supporting evidence or authority in the linked field or record.,required unless explicitly and defensibly not applicable; completed records must not leave the field blank,,,"record versions and evidence locators, not secrets, personal data or proprietary payloads",non-empty when required; internally consistent with linked records,5.1 The successful run that proves too little; 5.2 Treat every output as a candidate work unit; 5.4 Execute route-specific units without collapsing inference boundaries
FULL-WORK_UNIT_BRIEF_FULL,full,WORK_UNIT_BRIEF_FULL.csv,companion/04_TEMPLATES_FULL/WORK_UNIT_BRIEF_FULL.csv,6,Expected candidate output,Expected candidate output,Object awaiting inspection.,Record the accepted current value and place supporting evidence or authority in the linked field or record.,required unless explicitly and defensibly not applicable; completed records must not leave the field blank,,,"record versions and evidence locators, not secrets, personal data or proprietary payloads",non-empty when required; internally consistent with linked records,5.1 The successful run that proves too little; 5.2 Treat every output as a candidate work unit; 5.4 Execute route-specific units without collapsing inference boundaries
FULL-WORK_UNIT_BRIEF_FULL,full,WORK_UNIT_BRIEF_FULL.csv,companion/04_TEMPLATES_FULL/WORK_UNIT_BRIEF_FULL.csv,7,Local verification,Local verification,Conformance checks.,Record the accepted current value and place supporting evidence or authority in the linked field or record.,required unless explicitly and defensibly not applicable; completed records must not leave the field blank,,,"record versions and evidence locators, not secrets, personal data or proprietary payloads",non-empty when required; internally consistent with linked records,5.1 The successful run that proves too little; 5.2 Treat every output as a candidate work unit; 5.4 Execute route-specific units without collapsing inference boundaries
FULL-WORK_UNIT_BRIEF_FULL,full,WORK_UNIT_BRIEF_FULL.csv,companion/04_TEMPLATES_FULL/WORK_UNIT_BRIEF_FULL.csv,8,Failure evidence,Failure evidence,What must be retained.,Record the accepted current value and place supporting evidence or authority in the linked field or record.,required unless explicitly and defensibly not applicable; completed records must not leave the field blank,,,"record versions and evidence locators, not secrets, personal data or proprietary payloads",non-empty when required; internally consistent with linked records,5.1 The successful run that proves too little; 5.2 Treat every output as a candidate work unit; 5.4 Execute route-specific units without collapsing inference boundaries
FULL-WORK_UNIT_BRIEF_FULL,full,WORK_UNIT_BRIEF_FULL.csv,companion/04_TEMPLATES_FULL/WORK_UNIT_BRIEF_FULL.csv,9,Acceptance criterion,Acceptance criterion,Condition for admission to Execution Dossier.,Record the accepted current value and place supporting evidence or authority in the linked field or record.,required unless explicitly and defensibly not applicable; completed records must not leave the field blank,,,"record versions and evidence locators, not secrets, personal data or proprietary payloads",non-empty when required; internally consistent with linked records,5.1 The successful run that proves too little; 5.2 Treat every output as a candidate work unit; 5.4 Execute route-specific units without collapsing inference boundaries
FULL-WORK_UNIT_BRIEF_FULL,full,WORK_UNIT_BRIEF_FULL.csv,companion/04_TEMPLATES_FULL/WORK_UNIT_BRIEF_FULL.csv,10,Disposition options,Disposition options,"Accept locally, repair, repeat, reject, defer or quarantine.",Record the accepted current value and place supporting evidence or authority in the linked field or record.,required unless explicitly and defensibly not applicable; completed records must not leave the field blank,,,"record versions and evidence locators, not secrets, personal data or proprietary payloads",non-empty when required; internally consistent with linked records,5.1 The successful run that proves too little; 5.2 Treat every output as a candidate work unit; 5.4 Execute route-specific units without collapsing inference boundaries
FULL-WORK_UNIT_BRIEF_FULL,full,WORK_UNIT_BRIEF_FULL.csv,companion/04_TEMPLATES_FULL/WORK_UNIT_BRIEF_FULL.csv,11,Owner and reviewer,Owner and reviewer,Responsibility.,Record the accepted current value and place supporting evidence or authority in the linked field or record.,required unless explicitly and defensibly not applicable; completed records must not leave the field blank,,,"record versions and evidence locators, not secrets, personal data or proprietary payloads",non-empty when required; internally consistent with linked records,5.1 The successful run that proves too little; 5.2 Treat every output as a candidate work unit; 5.4 Execute route-specific units without collapsing inference boundaries
FULL-WORK_UNIT_BRIEF_FULL,full,WORK_UNIT_BRIEF_FULL.csv,companion/04_TEMPLATES_FULL/WORK_UNIT_BRIEF_FULL.csv,12,"Date, version and status","Date, version and status",Lifecycle record.,Record the accepted current value and place supporting evidence or authority in the linked field or record.,required unless explicitly and defensibly not applicable; completed records must not leave the field blank,,,"record versions and evidence locators, not secrets, personal data or proprietary payloads",explicit version or dated revision; no ambiguous labels such as final-final,5.1 The successful run that proves too little; 5.2 Treat every output as a candidate work unit; 5.4 Execute route-specific units without collapsing inference boundaries
