migration_id,appendix,source_kind,source_locator,section,style,source_text,planned_disposition,retain_in_book,target,volatile,status,companion_path,companion_locator,companion_coverage_status,normalised_match_score,source_verification_status,book_v3_8_action,phase14c_closure_status,closure_basis
APX-P1390,A,paragraph,P1390,,Heading 1,Appendix A. Quick Guide: Mandatory and Recommended,REMOVE_PRINTED_HEADING_CREATE_DC_LANDING_PAGE,NO,DC-A module landing page,MIXED,BOOK_v3.9.0_INTEGRATION_COMPLETE,companion/08_INSTITUTIONAL_LINKS/DC_A_REQUIREMENTS_AND_RECOMMENDATIONS.md,line 1,ADAPTED_NARRATIVE_PRESENT,1.000,SOURCE SET RECHECKED 2026-08-23; VOLATILE VALUES NOT FROZEN,DISPOSITION_COMPLETED_IN_BOOK_v3.9.0,COMPANION_MIGRATION_CLOSED; BOOK_v3.9.0_INTEGRATION_CLOSED,Adapted module prose located by normalised text comparison (score 1.000); original source text retained in this register.
APX-P1391,A,paragraph,P1391,,Chapter Lead,A dated control aid for degree-completion work,MIGRATE_TO_DIGITAL_MODULE,NO_OR_SUMMARY_ONLY,DC-A,YES,BOOK_v3.9.0_INTEGRATION_COMPLETE,companion/08_INSTITUTIONAL_LINKS/DC_A_REQUIREMENTS_AND_RECOMMENDATIONS.md,line 11,ADAPTED_NARRATIVE_PRESENT,1.000,SOURCE SET RECHECKED 2026-08-23; VOLATILE VALUES NOT FROZEN,DISPOSITION_COMPLETED_IN_BOOK_v3.9.0,COMPANION_MIGRATION_CLOSED; BOOK_v3.9.0_INTEGRATION_CLOSED,Adapted module prose located by normalised text comparison (score 1.000); original source text retained in this register.
APX-P1392,A,paragraph,P1392,,First Paragraph,"This appendix translates the current finalisation rules of the Bucharest University of Economic Studies (ASE) and the current operational pages of the Faculty of Cybernetics, Statistics and Economic Informatics (CSIE) into a compact control aid. The official sources were checked on 21 August 2026. Current regulations, programme instructions, forms, calendars and valid written decisions prevail over this appendix whenever they have been amended or specify a narrower route. Students at another institution must replace the ASE/CSIE authority set with their own current official sources.",MOVE_TO_DIGITAL_SOURCE_AND_VOLATILITY_REGISTER,NO,ASE/CSIE source and volatility register,YES,BOOK_v3.9.0_INTEGRATION_COMPLETE,companion/08_INSTITUTIONAL_LINKS/DC_A_REQUIREMENTS_AND_RECOMMENDATIONS.md,line 13,ADAPTED_NARRATIVE_PRESENT,1.000,SOURCE SET RECHECKED 2026-08-23; VOLATILE VALUES NOT FROZEN,DISPOSITION_COMPLETED_IN_BOOK_v3.9.0,COMPANION_MIGRATION_CLOSED; BOOK_v3.9.0_INTEGRATION_CLOSED,Adapted module prose located by normalised text comparison (score 1.000); original source text retained in this register.
APX-P1393,A,paragraph,P1393,,Body Text,"Mandatory identifies a requirement directly supported by a current official source for the stated ASE/CSIE route. Conditional identifies an official requirement that applies only when its stated trigger is present. Recommended identifies an authorial risk-control practice from this guide, not an institutional requirement. A recommendation does not become mandatory merely because it appears in the book.",REINTEGRATE_STABLE_PRINCIPLE_AND_MIGRATE_OPERATIONAL_DETAIL,YES_SELECTIVE,Front matter and/or Chapter 9 plus DC-A,YES,BOOK_v3.9.0_INTEGRATION_COMPLETE,companion/08_INSTITUTIONAL_LINKS/DC_A_REQUIREMENTS_AND_RECOMMENDATIONS.md,line 15,ADAPTED_NARRATIVE_PRESENT,1.000,SOURCE SET RECHECKED 2026-08-23; VOLATILE VALUES NOT FROZEN,DISPOSITION_COMPLETED_IN_BOOK_v3.9.0,COMPANION_MIGRATION_CLOSED; BOOK_v3.9.0_INTEGRATION_CLOSED,Adapted module prose located by normalised text comparison (score 1.000); original source text retained in this register.
APX-P1394,A,paragraph,P1394,,Body Text,"Table A.1 separates official obligations from authorial controls. Each mandatory or conditional entry ends with the controlling source code and verification date. Session dates, room numbers, contact addresses, platform windows, file-naming strings, fees and current form labels are deliberately omitted because they are volatile and belong in the applicable official calendar, page or form.",MIGRATE_TO_DIGITAL_MODULE,NO_OR_SUMMARY_ONLY,DC-A,YES,BOOK_v3.9.0_INTEGRATION_COMPLETE,companion/08_INSTITUTIONAL_LINKS/DC_A_REQUIREMENTS_AND_RECOMMENDATIONS.md,line 17,ADAPTED_NARRATIVE_PRESENT,1.000,SOURCE SET RECHECKED 2026-08-23; VOLATILE VALUES NOT FROZEN,DISPOSITION_COMPLETED_IN_BOOK_v3.9.0,COMPANION_MIGRATION_CLOSED; BOOK_v3.9.0_INTEGRATION_CLOSED,Adapted module prose located by normalised text comparison (score 1.000); original source text retained in this register.
APX-P1395,A,paragraph,P1395,,Table Caption,Table A.1. Quick guide to official obligations and authorial controls,MIGRATE_TABLE_AS_EDITABLE_RECORD,NO_TABLE,DC-A CSV/DOCX record,MIXED,BOOK_v3.9.0_INTEGRATION_COMPLETE,companion/08_INSTITUTIONAL_LINKS/DC_A_REQUIREMENTS_AND_RECOMMENDATIONS.md,line 19,ADAPTED_NARRATIVE_PRESENT,1.000,SOURCE SET RECHECKED 2026-08-23; VOLATILE VALUES NOT FROZEN,DISPOSITION_COMPLETED_IN_BOOK_v3.9.0,COMPANION_MIGRATION_CLOSED; BOOK_v3.9.0_INTEGRATION_CLOSED,Adapted module prose located by normalised text comparison (score 1.000); original source text retained in this register.
APX-P1396,A,paragraph,P1396,,Source Note,"Note. Source codes are resolved in the Appendix source-code concordance under References. The date records the verification performed for this appendix, not a guarantee that the source remains unchanged after that date.",MOVE_TO_DIGITAL_SOURCE_AND_VOLATILITY_REGISTER,NO,ASE/CSIE source and volatility register,YES,BOOK_v3.9.0_INTEGRATION_COMPLETE,companion/08_INSTITUTIONAL_LINKS/DC_A_REQUIREMENTS_AND_RECOMMENDATIONS.md,line 23,ADAPTED_NARRATIVE_PRESENT,1.000,SOURCE SET RECHECKED 2026-08-23; VOLATILE VALUES NOT FROZEN,DISPOSITION_COMPLETED_IN_BOOK_v3.9.0,COMPANION_MIGRATION_CLOSED; BOOK_v3.9.0_INTEGRATION_CLOSED,Adapted module prose located by normalised text comparison (score 1.000); original source text retained in this register.
APX-P1397,A,paragraph,P1397,,First Paragraph,"The table is intentionally stricter about source control than about interface detail. A current faculty page may operationalise a regulation through a platform, form or departmental channel that did not exist when the regulation was issued. That implementation must be followed when it is current and compatible with the governing rule. An apparent conflict is not resolved by memory, a saved message or a previous cohort’s package.",REINTEGRATE_STABLE_PRINCIPLE_AND_MIGRATE_OPERATIONAL_DETAIL,YES_SELECTIVE,Front matter and/or Chapter 9 plus DC-A,YES,BOOK_v3.9.0_INTEGRATION_COMPLETE,companion/08_INSTITUTIONAL_LINKS/DC_A_REQUIREMENTS_AND_RECOMMENDATIONS.md,line 25,ADAPTED_NARRATIVE_PRESENT,1.000,SOURCE SET RECHECKED 2026-08-23; VOLATILE VALUES NOT FROZEN,DISPOSITION_COMPLETED_IN_BOOK_v3.9.0,COMPANION_MIGRATION_CLOSED; BOOK_v3.9.0_INTEGRATION_CLOSED,Adapted module prose located by normalised text comparison (score 1.000); original source text retained in this register.
APX-P1398,A,paragraph,P1398,,Body Text,"A student should therefore not ask only whether an item is present. The stronger control question is whether the item is required for the correct route, supported by a current authority, identical across all submitted copies where identity is required and backed by evidence that can be produced under examination. Administrative completion without version identity is defective. Scientific quality without completion of the current official route is not eligible for examination.",REINTEGRATE_STABLE_PRINCIPLE_AND_MIGRATE_OPERATIONAL_DETAIL,YES_SELECTIVE,Front matter and/or Chapter 9 plus DC-A,MIXED,BOOK_v3.9.0_INTEGRATION_COMPLETE,companion/08_INSTITUTIONAL_LINKS/DC_A_REQUIREMENTS_AND_RECOMMENDATIONS.md,line 27,ADAPTED_NARRATIVE_PRESENT,1.000,SOURCE SET RECHECKED 2026-08-23; VOLATILE VALUES NOT FROZEN,DISPOSITION_COMPLETED_IN_BOOK_v3.9.0,COMPANION_MIGRATION_CLOSED; BOOK_v3.9.0_INTEGRATION_CLOSED,Adapted module prose located by normalised text comparison (score 1.000); original source text retained in this register.
APX-P1400,B,paragraph,P1400,,Heading 1,Appendix B. Official Process and Calendar,REMOVE_PRINTED_HEADING_CREATE_DC_LANDING_PAGE,NO,DC-B module landing page,YES,BOOK_v3.9.0_INTEGRATION_COMPLETE,companion/08_INSTITUTIONAL_LINKS/DC_B_OFFICIAL_ROUTE_AND_CURRENT_SESSION.md,line 1,ADAPTED_NARRATIVE_PRESENT,1.000,SOURCE SET RECHECKED 2026-08-23; VOLATILE VALUES NOT FROZEN,DISPOSITION_COMPLETED_IN_BOOK_v3.9.0,COMPANION_MIGRATION_CLOSED; BOOK_v3.9.0_INTEGRATION_CLOSED,Adapted module prose located by normalised text comparison (score 1.000); original source text retained in this register.
APX-P1401,B,paragraph,P1401,,Chapter Lead,A route-specific sequence with a current-session authority record,MIGRATE_TO_DIGITAL_MODULE,NO_OR_SUMMARY_ONLY,DC-B,YES,BOOK_v3.9.0_INTEGRATION_COMPLETE,companion/08_INSTITUTIONAL_LINKS/DC_B_OFFICIAL_ROUTE_AND_CURRENT_SESSION.md,line 11,ADAPTED_NARRATIVE_PRESENT,1.000,SOURCE SET RECHECKED 2026-08-23; VOLATILE VALUES NOT FROZEN,DISPOSITION_COMPLETED_IN_BOOK_v3.9.0,COMPANION_MIGRATION_CLOSED; BOOK_v3.9.0_INTEGRATION_CLOSED,Adapted module prose located by normalised text comparison (score 1.000); original source text retained in this register.
APX-P1402,B,paragraph,P1402,,First Paragraph,"An administratively admissible thesis or dissertation is not produced by following a remembered sequence. It is produced by identifying the applicable route, fixing the authority set for the current session and retaining evidence that each consequential gate was passed. This appendix provides that control structure for the bachelor’s and master’s routes of the Bucharest University of Economic Studies (ASE), with faculty-level operational checks for the Faculty of Cybernetics, Statistics and Economic Informatics (CSIE).",REINTEGRATE_STABLE_PRINCIPLE_AND_MIGRATE_OPERATIONAL_DETAIL,YES_SELECTIVE,Front matter and/or Chapter 9 plus DC-B,YES,BOOK_v3.9.0_INTEGRATION_COMPLETE,companion/08_INSTITUTIONAL_LINKS/DC_B_OFFICIAL_ROUTE_AND_CURRENT_SESSION.md,line 13,ADAPTED_NARRATIVE_PRESENT,1.000,SOURCE SET RECHECKED 2026-08-23; VOLATILE VALUES NOT FROZEN,DISPOSITION_COMPLETED_IN_BOOK_v3.9.0,COMPANION_MIGRATION_CLOSED; BOOK_v3.9.0_INTEGRATION_CLOSED,Adapted module prose located by normalised text comparison (score 1.000); original source text retained in this register.
APX-P1403,B,paragraph,P1403,,Body Text,"The source set was checked on 21 August 2026. Current official regulations, calendars, faculty notices, forms and valid written instructions prevail over this dated appendix. Exact dates, hours, fees, rooms, platform labels, file names, form numbers and cohort labels are intentionally not reproduced as permanent rules. They belong in the current-session record and must be verified again before every consequential action.",MOVE_TO_DIGITAL_SOURCE_AND_VOLATILITY_REGISTER,NO,ASE/CSIE source and volatility register,YES,BOOK_v3.9.0_INTEGRATION_COMPLETE,companion/08_INSTITUTIONAL_LINKS/DC_B_OFFICIAL_ROUTE_AND_CURRENT_SESSION.md,line 15,ADAPTED_NARRATIVE_PRESENT,1.000,SOURCE SET RECHECKED 2026-08-23; VOLATILE VALUES NOT FROZEN,DISPOSITION_COMPLETED_IN_BOOK_v3.9.0,COMPANION_MIGRATION_CLOSED; BOOK_v3.9.0_INTEGRATION_CLOSED,Adapted module prose located by normalised text comparison (score 1.000); original source text retained in this register.
APX-P1404,B,paragraph,P1404,,Body Text,Mandatory identifies a requirement supported directly by the applicable official route. Conditional identifies an official requirement triggered only by candidate status or circumstance. Recommended identifies an authorial control that strengthens traceability but does not claim independent institutional force. A live page is not treated as internally consistent merely because it is official: unresolved discrepancies are recorded as conflicts and stop the affected action until authoritative clarification is obtained.,REINTEGRATE_STABLE_PRINCIPLE_AND_MIGRATE_OPERATIONAL_DETAIL,YES_SELECTIVE,Front matter and/or Chapter 9 plus DC-B,YES,BOOK_v3.9.0_INTEGRATION_COMPLETE,companion/08_INSTITUTIONAL_LINKS/DC_B_OFFICIAL_ROUTE_AND_CURRENT_SESSION.md,line 17,ADAPTED_NARRATIVE_PRESENT,1.000,SOURCE SET RECHECKED 2026-08-23; VOLATILE VALUES NOT FROZEN,DISPOSITION_COMPLETED_IN_BOOK_v3.9.0,COMPANION_MIGRATION_CLOSED; BOOK_v3.9.0_INTEGRATION_CLOSED,Adapted module prose located by normalised text comparison (score 1.000); original source text retained in this register.
APX-P1405,B,paragraph,P1405,,Body Text,Table B.1 presents the durable sequence. It deliberately separates the two routes where the governing regulations differ and uses source codes resolved in the Appendix source-code concordance under References.,MOVE_TO_DIGITAL_SOURCE_AND_VOLATILITY_REGISTER,NO,ASE/CSIE source and volatility register,YES,BOOK_v3.9.0_INTEGRATION_COMPLETE,companion/08_INSTITUTIONAL_LINKS/DC_B_OFFICIAL_ROUTE_AND_CURRENT_SESSION.md,line 19,ADAPTED_NARRATIVE_PRESENT,1.000,SOURCE SET RECHECKED 2026-08-23; VOLATILE VALUES NOT FROZEN,DISPOSITION_COMPLETED_IN_BOOK_v3.9.0,COMPANION_MIGRATION_CLOSED; BOOK_v3.9.0_INTEGRATION_CLOSED,Adapted module prose located by normalised text comparison (score 1.000); original source text retained in this register.
APX-P1406,B,paragraph,P1406,,Table Caption,Table B.1. Chronological official process by route,MIGRATE_TABLE_AS_EDITABLE_RECORD,NO_TABLE,DC-B CSV/DOCX record,MIXED,BOOK_v3.9.0_INTEGRATION_COMPLETE,companion/08_INSTITUTIONAL_LINKS/DC_B_OFFICIAL_ROUTE_AND_CURRENT_SESSION.md,line 21,ADAPTED_NARRATIVE_PRESENT,1.000,SOURCE SET RECHECKED 2026-08-23; VOLATILE VALUES NOT FROZEN,DISPOSITION_COMPLETED_IN_BOOK_v3.9.0,COMPANION_MIGRATION_CLOSED; BOOK_v3.9.0_INTEGRATION_CLOSED,Adapted module prose located by normalised text comparison (score 1.000); original source text retained in this register.
APX-P1407,B,paragraph,P1407,,Source Note,Note. All sources were checked on 21 August 2026. Source codes are resolved in the Appendix source-code concordance under References. Mandatory and Conditional classify official obligations for the stated route; Recommended identifies authorial controls. A current operational value must still be entered in Table B.2 before use.,MOVE_TO_DIGITAL_SOURCE_AND_VOLATILITY_REGISTER,NO,ASE/CSIE source and volatility register,YES,BOOK_v3.9.0_INTEGRATION_COMPLETE,companion/08_INSTITUTIONAL_LINKS/DC_B_OFFICIAL_ROUTE_AND_CURRENT_SESSION.md,line 25,ADAPTED_NARRATIVE_PRESENT,1.000,SOURCE SET RECHECKED 2026-08-23; VOLATILE VALUES NOT FROZEN,DISPOSITION_COMPLETED_IN_BOOK_v3.9.0,COMPANION_MIGRATION_CLOSED; BOOK_v3.9.0_INTEGRATION_CLOSED,Adapted module prose located by normalised text comparison (score 1.000); original source text retained in this register.
APX-P1408,B,paragraph,P1408,,First Paragraph,"The route is chronological but not automatic. Each stage has an exit condition: an approval, a validated file, a decision, a receipt or another record sufficient to show that the gate was passed under the authority then in force. Proceeding because a screen appeared to accept an upload is not equivalent to proving registration, version identity or administrative admissibility.",MIGRATE_TO_DIGITAL_MODULE,NO_OR_SUMMARY_ONLY,DC-B,YES,BOOK_v3.9.0_INTEGRATION_COMPLETE,companion/08_INSTITUTIONAL_LINKS/DC_B_OFFICIAL_ROUTE_AND_CURRENT_SESSION.md,line 27,ADAPTED_NARRATIVE_PRESENT,1.000,SOURCE SET RECHECKED 2026-08-23; VOLATILE VALUES NOT FROZEN,DISPOSITION_COMPLETED_IN_BOOK_v3.9.0,COMPANION_MIGRATION_CLOSED; BOOK_v3.9.0_INTEGRATION_CLOSED,Adapted module prose located by normalised text comparison (score 1.000); original source text retained in this register.
APX-P1409,B,paragraph,P1409,Current-session calendar record,Heading 2,Current-session calendar record,MIGRATE_SUBSECTION_AND_RETAIN_PRINCIPLE_IF_STABLE,SELECTIVE,DC-B operational section,YES,BOOK_v3.9.0_INTEGRATION_COMPLETE,companion/08_INSTITUTIONAL_LINKS/DC_B_OFFICIAL_ROUTE_AND_CURRENT_SESSION.md,line 29,ADAPTED_NARRATIVE_PRESENT,1.000,SOURCE SET RECHECKED 2026-08-23; VOLATILE VALUES NOT FROZEN,DISPOSITION_COMPLETED_IN_BOOK_v3.9.0,COMPANION_MIGRATION_CLOSED; BOOK_v3.9.0_INTEGRATION_CLOSED,Adapted module prose located by normalised text comparison (score 1.000); original source text retained in this register.
APX-P1410,B,paragraph,P1410,Current-session calendar record,First Paragraph,"Table B.2 is a recommended authorial record, not an ASE or CSIE form. Complete it from current official sources for the correct route and candidate status. Use only the following status vocabulary: CONFIRMED, PENDING OFFICIAL RELEASE, CONDITIONAL, CONFLICT, NOT APPLICABLE and CLOSED. A row marked CONFLICT is not ready for action.",REINTEGRATE_STABLE_PRINCIPLE_AND_MIGRATE_OPERATIONAL_DETAIL,YES_SELECTIVE,Front matter and/or Chapter 9 plus DC-B,YES,BOOK_v3.9.0_INTEGRATION_COMPLETE,companion/08_INSTITUTIONAL_LINKS/DC_B_OFFICIAL_ROUTE_AND_CURRENT_SESSION.md,line 31,ADAPTED_NARRATIVE_PRESENT,1.000,SOURCE SET RECHECKED 2026-08-23; VOLATILE VALUES NOT FROZEN,DISPOSITION_COMPLETED_IN_BOOK_v3.9.0,COMPANION_MIGRATION_CLOSED; BOOK_v3.9.0_INTEGRATION_CLOSED,Adapted module prose located by normalised text comparison (score 1.000); original source text retained in this register.
APX-P1411,B,paragraph,P1411,Current-session calendar record,Table Caption,Table B.2. Current-session calendar and authority record,MIGRATE_TABLE_AS_EDITABLE_RECORD,NO_TABLE,DC-B CSV/DOCX record,YES,BOOK_v3.9.0_INTEGRATION_COMPLETE,companion/08_INSTITUTIONAL_LINKS/DC_B_OFFICIAL_ROUTE_AND_CURRENT_SESSION.md,line 33,ADAPTED_NARRATIVE_PRESENT,1.000,SOURCE SET RECHECKED 2026-08-23; VOLATILE VALUES NOT FROZEN,DISPOSITION_COMPLETED_IN_BOOK_v3.9.0,COMPANION_MIGRATION_CLOSED; BOOK_v3.9.0_INTEGRATION_CLOSED,Adapted module prose located by normalised text comparison (score 1.000); original source text retained in this register.
APX-P1412,B,paragraph,P1412,Current-session calendar record,Source Note,Note. This record contains instructions for what to capture rather than blank fields. It can be copied into the companion workspace and completed there. It must not be represented as an official institutional form.,MOVE_TO_DIGITAL_SOURCE_AND_VOLATILITY_REGISTER,NO,ASE/CSIE source and volatility register,YES,BOOK_v3.9.0_INTEGRATION_COMPLETE,companion/08_INSTITUTIONAL_LINKS/DC_B_OFFICIAL_ROUTE_AND_CURRENT_SESSION.md,line 37,ADAPTED_NARRATIVE_PRESENT,1.000,SOURCE SET RECHECKED 2026-08-23; VOLATILE VALUES NOT FROZEN,DISPOSITION_COMPLETED_IN_BOOK_v3.9.0,COMPANION_MIGRATION_CLOSED; BOOK_v3.9.0_INTEGRATION_CLOSED,Adapted module prose located by normalised text comparison (score 1.000); original source text retained in this register.
APX-P1413,B,paragraph,P1413,Conflict and supersession rules,Heading 2,Conflict and supersession rules,MIGRATE_SUBSECTION_AND_RETAIN_PRINCIPLE_IF_STABLE,SELECTIVE,DC-B operational section,YES,BOOK_v3.9.0_INTEGRATION_COMPLETE,companion/08_INSTITUTIONAL_LINKS/DC_B_OFFICIAL_ROUTE_AND_CURRENT_SESSION.md,line 39,ADAPTED_NARRATIVE_PRESENT,1.000,SOURCE SET RECHECKED 2026-08-23; VOLATILE VALUES NOT FROZEN,DISPOSITION_COMPLETED_IN_BOOK_v3.9.0,COMPANION_MIGRATION_CLOSED; BOOK_v3.9.0_INTEGRATION_CLOSED,Adapted module prose located by normalised text comparison (score 1.000); original source text retained in this register.
APX-P1414,B,paragraph,P1414,Conflict and supersession rules,First Paragraph,"First, compare like with like. Confirm route, faculty, programme, candidate status and session before treating two instructions as competing. A previous-cohort requirement may be conditional rather than contradictory.",MIGRATE_TO_DIGITAL_MODULE,NO_OR_SUMMARY_ONLY,DC-B,YES,BOOK_v3.9.0_INTEGRATION_COMPLETE,companion/08_INSTITUTIONAL_LINKS/DC_B_OFFICIAL_ROUTE_AND_CURRENT_SESSION.md,line 41,ADAPTED_NARRATIVE_PRESENT,1.000,SOURCE SET RECHECKED 2026-08-23; VOLATILE VALUES NOT FROZEN,DISPOSITION_COMPLETED_IN_BOOK_v3.9.0,COMPANION_MIGRATION_CLOSED; BOOK_v3.9.0_INTEGRATION_CLOSED,Adapted module prose located by normalised text comparison (score 1.000); original source text retained in this register.
APX-P1415,B,paragraph,P1415,Conflict and supersession rules,Body Text,"Second, apply the authority hierarchy. The regulation in force governs. A current institutional calendar and current faculty or programme instruction operationalise that regulation. A current official form and a valid written coordinator instruction are usable only within the governing rule. This book applies only where those sources do not settle the question.",REINTEGRATE_STABLE_PRINCIPLE_AND_MIGRATE_OPERATIONAL_DETAIL,YES_SELECTIVE,Front matter and/or Chapter 9 plus DC-B,YES,BOOK_v3.9.0_INTEGRATION_COMPLETE,companion/08_INSTITUTIONAL_LINKS/DC_B_OFFICIAL_ROUTE_AND_CURRENT_SESSION.md,line 43,ADAPTED_NARRATIVE_PRESENT,1.000,SOURCE SET RECHECKED 2026-08-23; VOLATILE VALUES NOT FROZEN,DISPOSITION_COMPLETED_IN_BOOK_v3.9.0,COMPANION_MIGRATION_CLOSED; BOOK_v3.9.0_INTEGRATION_CLOSED,Adapted module prose located by normalised text comparison (score 1.000); original source text retained in this register.
APX-P1416,B,paragraph,P1416,Conflict and supersession rules,Body Text,"Third, never average conflicting dates or hours, select the more convenient value or treat publication recency as proof of correctness. Mark the row CONFLICT, pause the affected action and obtain written clarification from the competent official source. Record the resolution, author, date and retained evidence.",REINTEGRATE_STABLE_PRINCIPLE_AND_MIGRATE_OPERATIONAL_DETAIL,YES_SELECTIVE,Front matter and/or Chapter 9 plus DC-B,YES,BOOK_v3.9.0_INTEGRATION_COMPLETE,companion/08_INSTITUTIONAL_LINKS/DC_B_OFFICIAL_ROUTE_AND_CURRENT_SESSION.md,line 45,ADAPTED_NARRATIVE_PRESENT,1.000,SOURCE SET RECHECKED 2026-08-23; VOLATILE VALUES NOT FROZEN,DISPOSITION_COMPLETED_IN_BOOK_v3.9.0,COMPANION_MIGRATION_CLOSED; BOOK_v3.9.0_INTEGRATION_CLOSED,Adapted module prose located by normalised text comparison (score 1.000); original source text retained in this register.
APX-P1417,B,paragraph,P1417,Conflict and supersession rules,Body Text,"Fourth, repeat the check immediately before every consequential event. At the verification date, live CSIE pages and their linked 2026 notices disagreed on same-day registration cut-off times and retained inconsistent cohort or session labels. The discrepancy is evidence that an official web location can still contain unresolved version-control defects. Neither conflicting value is reproduced here as a permanent instruction. Authority: B5–B8.",REINTEGRATE_STABLE_PRINCIPLE_AND_MIGRATE_OPERATIONAL_DETAIL,YES_SELECTIVE,Front matter and/or Chapter 9 plus DC-B,YES,BOOK_v3.9.0_INTEGRATION_COMPLETE,companion/08_INSTITUTIONAL_LINKS/DC_B_OFFICIAL_ROUTE_AND_CURRENT_SESSION.md,line 47,ADAPTED_NARRATIVE_PRESENT,1.000,SOURCE SET RECHECKED 2026-08-23; VOLATILE VALUES NOT FROZEN,DISPOSITION_COMPLETED_IN_BOOK_v3.9.0,COMPANION_MIGRATION_CLOSED; BOOK_v3.9.0_INTEGRATION_CLOSED,Adapted module prose located by normalised text comparison (score 1.000); original source text retained in this register.
APX-P1419,C,paragraph,P1419,,Heading 1,Appendix C. Documents and Evidence by Milestone,REMOVE_PRINTED_HEADING_CREATE_DC_LANDING_PAGE,NO,DC-C module landing page,MIXED,BOOK_v3.9.0_INTEGRATION_COMPLETE,companion/08_INSTITUTIONAL_LINKS/DC_C_MILESTONE_EVIDENCE_AND_DOSSIER.md,line 1,ADAPTED_NARRATIVE_PRESENT,1.000,SOURCE SET RECHECKED 2026-08-23; VOLATILE VALUES NOT FROZEN,DISPOSITION_COMPLETED_IN_BOOK_v3.9.0,COMPANION_MIGRATION_CLOSED; BOOK_v3.9.0_INTEGRATION_CLOSED,Adapted module prose located by normalised text comparison (score 1.000); original source text retained in this register.
APX-P1420,C,paragraph,P1420,,Chapter Lead,"What must exist, who checks it, where it is retained and what its absence reopens",MIGRATE_TO_DIGITAL_MODULE,NO_OR_SUMMARY_ONLY,DC-C,MIXED,BOOK_v3.9.0_INTEGRATION_COMPLETE,companion/08_INSTITUTIONAL_LINKS/DC_C_MILESTONE_EVIDENCE_AND_DOSSIER.md,line 11,ADAPTED_NARRATIVE_PRESENT,1.000,SOURCE SET RECHECKED 2026-08-23; VOLATILE VALUES NOT FROZEN,DISPOSITION_COMPLETED_IN_BOOK_v3.9.0,COMPANION_MIGRATION_CLOSED; BOOK_v3.9.0_INTEGRATION_CLOSED,Adapted module prose located by normalised text comparison (score 1.000); original source text retained in this register.
APX-P1421,C,paragraph,P1421,,First Paragraph,"A project is not controlled merely because its files exist. A defensible record must connect each consequential decision to the object reviewed, the person or authority competent to accept it, the version that was acted upon and the evidence retained afterwards. This appendix converts the book’s gate architecture into a milestone inventory and then separates that scientific record from the official closeout dossier required for bachelor’s and master’s routes at the Bucharest University of Economic Studies (ASE).",REINTEGRATE_STABLE_PRINCIPLE_AND_MIGRATE_OPERATIONAL_DETAIL,YES_SELECTIVE,Front matter and/or Chapter 9 plus DC-C,MIXED,BOOK_v3.9.0_INTEGRATION_COMPLETE,companion/08_INSTITUTIONAL_LINKS/DC_C_MILESTONE_EVIDENCE_AND_DOSSIER.md,line 13,ADAPTED_NARRATIVE_PRESENT,1.000,SOURCE SET RECHECKED 2026-08-23; VOLATILE VALUES NOT FROZEN,DISPOSITION_COMPLETED_IN_BOOK_v3.9.0,COMPANION_MIGRATION_CLOSED; BOOK_v3.9.0_INTEGRATION_CLOSED,Adapted module prose located by normalised text comparison (score 1.000); original source text retained in this register.
APX-P1422,C,paragraph,P1422,,Body Text,"Three record systems must remain distinct. The scientific project record supports reasoning, execution and claims. The administrative dossier supports eligibility, transmission and registration. The release record supports publication, deposit or examination delivery. A receipt in one system cannot repair a missing record in another: a successful upload does not validate a claim, an excellent analysis does not replace a required declaration and a public repository is not an appropriate store for identity documents, signatures or payment evidence.",REINTEGRATE_STABLE_PRINCIPLE_AND_MIGRATE_OPERATIONAL_DETAIL,YES_SELECTIVE,Front matter and/or Chapter 9 plus DC-C,YES,BOOK_v3.9.0_INTEGRATION_COMPLETE,companion/08_INSTITUTIONAL_LINKS/DC_C_MILESTONE_EVIDENCE_AND_DOSSIER.md,line 15,ADAPTED_NARRATIVE_PRESENT,1.000,SOURCE SET RECHECKED 2026-08-23; VOLATILE VALUES NOT FROZEN,DISPOSITION_COMPLETED_IN_BOOK_v3.9.0,COMPANION_MIGRATION_CLOSED; BOOK_v3.9.0_INTEGRATION_CLOSED,Adapted module prose located by normalised text comparison (score 1.000); original source text retained in this register.
APX-P1423,C,paragraph,P1423,,Body Text,"Mandatory identifies an official obligation for the stated route or a minimum record without which the book’s gate cannot be defended. Conditional identifies an official or scientific record activated by status, method, data, risk or circumstance. Recommended identifies an authorial control that improves traceability without claiming independent institutional force. The book’s gates and dossier names are authorial decision controls, not official ASE categories.",MIGRATE_TO_DIGITAL_MODULE,NO_OR_SUMMARY_ONLY,DC-C,MIXED,BOOK_v3.9.0_INTEGRATION_COMPLETE,companion/08_INSTITUTIONAL_LINKS/DC_C_MILESTONE_EVIDENCE_AND_DOSSIER.md,line 17,ADAPTED_NARRATIVE_PRESENT,1.000,SOURCE SET RECHECKED 2026-08-23; VOLATILE VALUES NOT FROZEN,DISPOSITION_COMPLETED_IN_BOOK_v3.9.0,COMPANION_MIGRATION_CLOSED; BOOK_v3.9.0_INTEGRATION_CLOSED,Adapted module prose located by normalised text comparison (score 1.000); original source text retained in this register.
APX-P1424,C,paragraph,P1424,,Body Text,"The official source set was checked on 21 August 2026. Current regulations, calendars, faculty notices, forms and valid written instructions prevail. Exact dates, fees, channels, quantities, file names, annex numbers and interface labels remain session-specific and must be reverified before use. Source codes C1–C9 are resolved in the Appendix source-code concordance under References.",MOVE_TO_DIGITAL_SOURCE_AND_VOLATILITY_REGISTER,NO,ASE/CSIE source and volatility register,YES,BOOK_v3.9.0_INTEGRATION_COMPLETE,companion/08_INSTITUTIONAL_LINKS/DC_C_MILESTONE_EVIDENCE_AND_DOSSIER.md,line 19,ADAPTED_NARRATIVE_PRESENT,0.996,SOURCE SET RECHECKED 2026-08-23; VOLATILE VALUES NOT FROZEN,DISPOSITION_COMPLETED_IN_BOOK_v3.9.0,COMPANION_MIGRATION_CLOSED; BOOK_v3.9.0_INTEGRATION_CLOSED,Adapted module prose located by normalised text comparison (score 0.996); original source text retained in this register.
APX-P1425,C,paragraph,P1425,The milestone evidence chain,Heading 2,The milestone evidence chain,MIGRATE_SUBSECTION_AND_RETAIN_PRINCIPLE_IF_STABLE,SELECTIVE,DC-C operational section,MIXED,BOOK_v3.9.0_INTEGRATION_COMPLETE,companion/08_INSTITUTIONAL_LINKS/DC_C_MILESTONE_EVIDENCE_AND_DOSSIER.md,line 21,ADAPTED_NARRATIVE_PRESENT,1.000,SOURCE SET RECHECKED 2026-08-23; VOLATILE VALUES NOT FROZEN,DISPOSITION_COMPLETED_IN_BOOK_v3.9.0,COMPANION_MIGRATION_CLOSED; BOOK_v3.9.0_INTEGRATION_CLOSED,Adapted module prose located by normalised text comparison (score 1.000); original source text retained in this register.
APX-P1426,C,paragraph,P1426,The milestone evidence chain,First Paragraph,"Table C.1 identifies the minimum controlled record at each milestone. “Approval” is used narrowly: the supervisor or method reviewer may accept a scientific decision, a data or system owner may authorise access, an ethics body may approve a regulated activity and a secretariat may verify an administrative dossier. These roles are not interchangeable.",MIGRATE_TO_DIGITAL_MODULE,NO_OR_SUMMARY_ONLY,DC-C,MIXED,BOOK_v3.9.0_INTEGRATION_COMPLETE,companion/08_INSTITUTIONAL_LINKS/DC_C_MILESTONE_EVIDENCE_AND_DOSSIER.md,line 23,ADAPTED_NARRATIVE_PRESENT,1.000,SOURCE SET RECHECKED 2026-08-23; VOLATILE VALUES NOT FROZEN,DISPOSITION_COMPLETED_IN_BOOK_v3.9.0,COMPANION_MIGRATION_CLOSED; BOOK_v3.9.0_INTEGRATION_CLOSED,Adapted module prose located by normalised text comparison (score 1.000); original source text retained in this register.
APX-P1427,C,paragraph,P1427,The milestone evidence chain,Table Caption,Table C.1. Project records and evidence by milestone,MIGRATE_TABLE_AS_EDITABLE_RECORD,NO_TABLE,DC-C CSV/DOCX record,MIXED,BOOK_v3.9.0_INTEGRATION_COMPLETE,companion/08_INSTITUTIONAL_LINKS/DC_C_MILESTONE_EVIDENCE_AND_DOSSIER.md,line 25,ADAPTED_NARRATIVE_PRESENT,1.000,SOURCE SET RECHECKED 2026-08-23; VOLATILE VALUES NOT FROZEN,DISPOSITION_COMPLETED_IN_BOOK_v3.9.0,COMPANION_MIGRATION_CLOSED; BOOK_v3.9.0_INTEGRATION_CLOSED,Adapted module prose located by normalised text comparison (score 1.000); original source text retained in this register.
APX-P1428,C,paragraph,P1428,The milestone evidence chain,Source Note,"Note. The earliest responsible gate governs repair. A polished manuscript cannot cure unauthorised data collection, an unrepeatable execution or a claim unsupported by the retained evidence. Conversely, a missing administrative form does not invalidate a sound analysis but can still make the candidate inadmissible for the current session.",MOVE_TO_DIGITAL_SOURCE_AND_VOLATILITY_REGISTER,NO,ASE/CSIE source and volatility register,YES,BOOK_v3.9.0_INTEGRATION_COMPLETE,companion/08_INSTITUTIONAL_LINKS/DC_C_MILESTONE_EVIDENCE_AND_DOSSIER.md,line 29,ADAPTED_NARRATIVE_PRESENT,1.000,SOURCE SET RECHECKED 2026-08-23; VOLATILE VALUES NOT FROZEN,DISPOSITION_COMPLETED_IN_BOOK_v3.9.0,COMPANION_MIGRATION_CLOSED; BOOK_v3.9.0_INTEGRATION_CLOSED,Adapted module prose located by normalised text comparison (score 1.000); original source text retained in this register.
APX-P1429,C,paragraph,P1429,Core official closeout records by route,Heading 2,Core official closeout records by route,MIGRATE_SUBSECTION_AND_RETAIN_PRINCIPLE_IF_STABLE,SELECTIVE,DC-C operational section,MIXED,BOOK_v3.9.0_INTEGRATION_COMPLETE,companion/08_INSTITUTIONAL_LINKS/DC_C_MILESTONE_EVIDENCE_AND_DOSSIER.md,line 31,ADAPTED_NARRATIVE_PRESENT,1.000,SOURCE SET RECHECKED 2026-08-23; VOLATILE VALUES NOT FROZEN,DISPOSITION_COMPLETED_IN_BOOK_v3.9.0,COMPANION_MIGRATION_CLOSED; BOOK_v3.9.0_INTEGRATION_CLOSED,Adapted module prose located by normalised text comparison (score 1.000); original source text retained in this register.
APX-P1430,C,paragraph,P1430,Core official closeout records by route,First Paragraph,"Table C.2 records functions rather than frozen form numbers. The checked regulations and 2026 CSIE notices establish a common administrative core but not an identical dossier. The current official form, signature mode, quantity, channel and deadline must be taken from the competent source for the candidate’s route and session.",REINTEGRATE_STABLE_PRINCIPLE_AND_MIGRATE_OPERATIONAL_DETAIL,YES_SELECTIVE,Front matter and/or Chapter 9 plus DC-C,YES,BOOK_v3.9.0_INTEGRATION_COMPLETE,companion/08_INSTITUTIONAL_LINKS/DC_C_MILESTONE_EVIDENCE_AND_DOSSIER.md,line 33,ADAPTED_NARRATIVE_PRESENT,1.000,SOURCE SET RECHECKED 2026-08-23; VOLATILE VALUES NOT FROZEN,DISPOSITION_COMPLETED_IN_BOOK_v3.9.0,COMPANION_MIGRATION_CLOSED; BOOK_v3.9.0_INTEGRATION_CLOSED,Adapted module prose located by normalised text comparison (score 1.000); original source text retained in this register.
APX-P1431,C,paragraph,P1431,Core official closeout records by route,Table Caption,Table C.2. Core official closeout records by route,MIGRATE_TABLE_AS_EDITABLE_RECORD,NO_TABLE,DC-C CSV/DOCX record,MIXED,BOOK_v3.9.0_INTEGRATION_COMPLETE,companion/08_INSTITUTIONAL_LINKS/DC_C_MILESTONE_EVIDENCE_AND_DOSSIER.md,line 35,ADAPTED_NARRATIVE_PRESENT,1.000,SOURCE SET RECHECKED 2026-08-23; VOLATILE VALUES NOT FROZEN,DISPOSITION_COMPLETED_IN_BOOK_v3.9.0,COMPANION_MIGRATION_CLOSED; BOOK_v3.9.0_INTEGRATION_CLOSED,Adapted module prose located by normalised text comparison (score 1.000); original source text retained in this register.
APX-P1432,C,paragraph,P1432,Core official closeout records by route,Source Note,"Note. “Core” means recurrent in the checked route, not timeless. Reverify every session-specific format. Record any unresolved discrepancy as CONFLICT and obtain written clarification. Missing, stale or conflicting items reopen the Defence Readiness Gate unless they expose a scientific change, which reopens the responsible earlier gate.",MOVE_TO_DIGITAL_SOURCE_AND_VOLATILITY_REGISTER,NO,ASE/CSIE source and volatility register,YES,BOOK_v3.9.0_INTEGRATION_COMPLETE,companion/08_INSTITUTIONAL_LINKS/DC_C_MILESTONE_EVIDENCE_AND_DOSSIER.md,line 39,ADAPTED_NARRATIVE_PRESENT,1.000,SOURCE SET RECHECKED 2026-08-23; VOLATILE VALUES NOT FROZEN,DISPOSITION_COMPLETED_IN_BOOK_v3.9.0,COMPANION_MIGRATION_CLOSED; BOOK_v3.9.0_INTEGRATION_CLOSED,Adapted module prose located by normalised text comparison (score 1.000); original source text retained in this register.
APX-P1433,C,paragraph,P1433,Status-triggered official records,Heading 2,Status-triggered official records,MIGRATE_SUBSECTION_AND_RETAIN_PRINCIPLE_IF_STABLE,SELECTIVE,DC-C operational section,MIXED,BOOK_v3.9.0_INTEGRATION_COMPLETE,companion/08_INSTITUTIONAL_LINKS/DC_C_MILESTONE_EVIDENCE_AND_DOSSIER.md,line 41,ADAPTED_NARRATIVE_PRESENT,1.000,SOURCE SET RECHECKED 2026-08-23; VOLATILE VALUES NOT FROZEN,DISPOSITION_COMPLETED_IN_BOOK_v3.9.0,COMPANION_MIGRATION_CLOSED; BOOK_v3.9.0_INTEGRATION_CLOSED,Adapted module prose located by normalised text comparison (score 1.000); original source text retained in this register.
APX-P1434,C,paragraph,P1434,Status-triggered official records,First Paragraph,The most dangerous administrative list is one that appears complete while suppressing candidate status or a route condition. Table C.3 therefore treats each condition as a trigger. A record is neither omitted because it is uncommon nor imposed on candidates for whom it is inapplicable.,MIGRATE_TO_DIGITAL_MODULE,NO_OR_SUMMARY_ONLY,DC-C,YES,BOOK_v3.9.0_INTEGRATION_COMPLETE,companion/08_INSTITUTIONAL_LINKS/DC_C_MILESTONE_EVIDENCE_AND_DOSSIER.md,line 43,ADAPTED_NARRATIVE_PRESENT,1.000,SOURCE SET RECHECKED 2026-08-23; VOLATILE VALUES NOT FROZEN,DISPOSITION_COMPLETED_IN_BOOK_v3.9.0,COMPANION_MIGRATION_CLOSED; BOOK_v3.9.0_INTEGRATION_CLOSED,Adapted module prose located by normalised text comparison (score 1.000); original source text retained in this register.
APX-P1435,C,paragraph,P1435,Status-triggered official records,Table Caption,Table C.3. Conditional official records by status or route condition,MIGRATE_TABLE_AS_EDITABLE_RECORD,NO_TABLE,DC-C CSV/DOCX record,MIXED,BOOK_v3.9.0_INTEGRATION_COMPLETE,companion/08_INSTITUTIONAL_LINKS/DC_C_MILESTONE_EVIDENCE_AND_DOSSIER.md,line 45,ADAPTED_NARRATIVE_PRESENT,1.000,SOURCE SET RECHECKED 2026-08-23; VOLATILE VALUES NOT FROZEN,DISPOSITION_COMPLETED_IN_BOOK_v3.9.0,COMPANION_MIGRATION_CLOSED; BOOK_v3.9.0_INTEGRATION_CLOSED,Adapted module prose located by normalised text comparison (score 1.000); original source text retained in this register.
APX-P1436,C,paragraph,P1436,Status-triggered official records,Source Note,"Note. Conditional does not mean optional. Once the trigger applies, the record is required under the controlling route. Conversely, retaining unnecessary identity, financial or civil-status documents creates avoidable privacy and security exposure.",MOVE_TO_DIGITAL_SOURCE_AND_VOLATILITY_REGISTER,NO,ASE/CSIE source and volatility register,MIXED,BOOK_v3.9.0_INTEGRATION_COMPLETE,companion/08_INSTITUTIONAL_LINKS/DC_C_MILESTONE_EVIDENCE_AND_DOSSIER.md,line 49,ADAPTED_NARRATIVE_PRESENT,1.000,SOURCE SET RECHECKED 2026-08-23; VOLATILE VALUES NOT FROZEN,DISPOSITION_COMPLETED_IN_BOOK_v3.9.0,COMPANION_MIGRATION_CLOSED; BOOK_v3.9.0_INTEGRATION_CLOSED,Adapted module prose located by normalised text comparison (score 1.000); original source text retained in this register.
APX-P1437,C,paragraph,P1437,Retention architecture and release boundary,Heading 2,Retention architecture and release boundary,MIGRATE_SUBSECTION_AND_RETAIN_PRINCIPLE_IF_STABLE,SELECTIVE,DC-C operational section,MIXED,BOOK_v3.9.0_INTEGRATION_COMPLETE,companion/08_INSTITUTIONAL_LINKS/DC_C_MILESTONE_EVIDENCE_AND_DOSSIER.md,line 53,ADAPTED_NARRATIVE_PRESENT,1.000,SOURCE SET RECHECKED 2026-08-23; VOLATILE VALUES NOT FROZEN,DISPOSITION_COMPLETED_IN_BOOK_v3.9.0,COMPANION_MIGRATION_CLOSED; BOOK_v3.9.0_INTEGRATION_CLOSED,Adapted module prose located by normalised text comparison (score 1.000); original source text retained in this register.
APX-P1438,C,paragraph,P1438,Retention architecture and release boundary,First Paragraph,"Use four controlled zones. The authoritative project workspace contains the scientific record, one controlled manuscript line and links to evidence. The restricted research area contains personal, confidential, licensed or security-sensitive material. The administrative dossier contains forms, identity records, signatures, fee evidence and official confirmations. The release area contains only objects cleared for examination, publisher delivery or public deposit.",REINTEGRATE_STABLE_PRINCIPLE_AND_MIGRATE_OPERATIONAL_DETAIL,YES_SELECTIVE,Front matter and/or Chapter 9 plus DC-C,YES,BOOK_v3.9.0_INTEGRATION_COMPLETE,companion/08_INSTITUTIONAL_LINKS/DC_C_MILESTONE_EVIDENCE_AND_DOSSIER.md,line 55,ADAPTED_NARRATIVE_PRESENT,1.000,SOURCE SET RECHECKED 2026-08-23; VOLATILE VALUES NOT FROZEN,DISPOSITION_COMPLETED_IN_BOOK_v3.9.0,COMPANION_MIGRATION_CLOSED; BOOK_v3.9.0_INTEGRATION_CLOSED,Adapted module prose located by normalised text comparison (score 1.000); original source text retained in this register.
APX-P1439,C,paragraph,P1439,Retention architecture and release boundary,Body Text,"Do not place administrative records, participant identities, consent forms, confidential raw data, access credentials, unredacted similarity reports, signatures or payment evidence in GitHub, Zenodo or a public companion. A manifest may record that a restricted object exists without reproducing its contents. Access, retention and deletion must follow the current controller, institutional and legal requirements rather than a generic period invented by this guide.",REINTEGRATE_STABLE_PRINCIPLE_AND_MIGRATE_OPERATIONAL_DETAIL,YES_SELECTIVE,Front matter and/or Chapter 9 plus DC-C,YES,BOOK_v3.9.0_INTEGRATION_COMPLETE,companion/08_INSTITUTIONAL_LINKS/DC_C_MILESTONE_EVIDENCE_AND_DOSSIER.md,line 57,ADAPTED_NARRATIVE_PRESENT,1.000,SOURCE SET RECHECKED 2026-08-23; VOLATILE VALUES NOT FROZEN,DISPOSITION_COMPLETED_IN_BOOK_v3.9.0,COMPANION_MIGRATION_CLOSED; BOOK_v3.9.0_INTEGRATION_CLOSED,Adapted module prose located by normalised text comparison (score 1.000); original source text retained in this register.
APX-P1440,C,paragraph,P1440,Retention architecture and release boundary,Body Text,"For every consequential object, retain a minimum control tuple: descriptive identifier, route or gate, owner, reviewer or authority, version or date, location, status, checksum where useful and disposition. Where the object is superseded, preserve the decision and relationship to the new version. Do not overwrite the evidence that explains why a later version exists.",REINTEGRATE_STABLE_PRINCIPLE_AND_MIGRATE_OPERATIONAL_DETAIL,YES_SELECTIVE,Front matter and/or Chapter 9 plus DC-C,YES,BOOK_v3.9.0_INTEGRATION_COMPLETE,companion/08_INSTITUTIONAL_LINKS/DC_C_MILESTONE_EVIDENCE_AND_DOSSIER.md,line 59,ADAPTED_NARRATIVE_PRESENT,1.000,SOURCE SET RECHECKED 2026-08-23; VOLATILE VALUES NOT FROZEN,DISPOSITION_COMPLETED_IN_BOOK_v3.9.0,COMPANION_MIGRATION_CLOSED; BOOK_v3.9.0_INTEGRATION_CLOSED,Adapted module prose located by normalised text comparison (score 1.000); original source text retained in this register.
APX-P1441,C,paragraph,P1441,Retention architecture and release boundary,Body Text,"Closeout is complete only when the scientific record, administrative confirmation and release package agree on the exact title, author identity, final file and declared scope. If they do not, the discrepancy is classified before submission. Administrative correction remains administrative only if it leaves the accepted study unchanged; any scientific change reopens the responsible gate and requires a new proof.",MIGRATE_TO_DIGITAL_MODULE,NO_OR_SUMMARY_ONLY,DC-C,MIXED,BOOK_v3.9.0_INTEGRATION_COMPLETE,companion/08_INSTITUTIONAL_LINKS/DC_C_MILESTONE_EVIDENCE_AND_DOSSIER.md,line 61,ADAPTED_NARRATIVE_PRESENT,1.000,SOURCE SET RECHECKED 2026-08-23; VOLATILE VALUES NOT FROZEN,DISPOSITION_COMPLETED_IN_BOOK_v3.9.0,COMPANION_MIGRATION_CLOSED; BOOK_v3.9.0_INTEGRATION_CLOSED,Adapted module prose located by normalised text comparison (score 1.000); original source text retained in this register.
APX-P1443,D,paragraph,P1443,,Heading 1,"Appendix D. Generative AI Use, Disclosure and Responsibility",REMOVE_PRINTED_HEADING_CREATE_DC_LANDING_PAGE,NO,DC-D module landing page,MIXED,BOOK_v3.9.0_INTEGRATION_COMPLETE,companion/06_AI_TRACE_AND_DISCLOSURE/DC_D_GENERATIVE_AI_USE_DISCLOSURE_AND_RESPONSIBILITY.md,line 1,ADAPTED_NARRATIVE_PRESENT,1.000,SOURCE SET RECHECKED 2026-08-23; VOLATILE VALUES NOT FROZEN,DISPOSITION_COMPLETED_IN_BOOK_v3.9.0,COMPANION_MIGRATION_CLOSED; BOOK_v3.9.0_INTEGRATION_CLOSED,Adapted module prose located by normalised text comparison (score 1.000); original source text retained in this register.
APX-P1444,D,paragraph,P1444,,Chapter Lead,"A controlled intervention record, not a transfer of authorship",REINTEGRATE_STABLE_PRINCIPLE_AND_MIGRATE_OPERATIONAL_DETAIL,YES_SELECTIVE,"Chapter 1, Chapter 5, Chapter 8 or Chapter 9 plus DC-D",MIXED,BOOK_v3.9.0_INTEGRATION_COMPLETE,companion/06_AI_TRACE_AND_DISCLOSURE/DC_D_GENERATIVE_AI_USE_DISCLOSURE_AND_RESPONSIBILITY.md,line 11,ADAPTED_NARRATIVE_PRESENT,1.000,SOURCE SET RECHECKED 2026-08-23; VOLATILE VALUES NOT FROZEN,DISPOSITION_COMPLETED_IN_BOOK_v3.9.0,COMPANION_MIGRATION_CLOSED; BOOK_v3.9.0_INTEGRATION_CLOSED,Adapted module prose located by normalised text comparison (score 1.000); original source text retained in this register.
APX-P1445,D,paragraph,P1445,,First Paragraph,"Generative AI can accelerate comparison, explanation, drafting, coding and rehearsal, but fluency is not evidence and convenience is not permission. Treat every output as a candidate intervention whose admissibility depends on the applicable rule, the information supplied to the system, the intellectual task retained by the student and the verification performed afterwards. The student remains the author of the work and is responsible for every retained claim, source, method, artefact and disclosure.",REINTEGRATE_STABLE_PRINCIPLE_AND_MIGRATE_OPERATIONAL_DETAIL,YES_SELECTIVE,"Chapter 1, Chapter 5, Chapter 8 or Chapter 9 plus DC-D",YES,BOOK_v3.9.0_INTEGRATION_COMPLETE,companion/06_AI_TRACE_AND_DISCLOSURE/DC_D_GENERATIVE_AI_USE_DISCLOSURE_AND_RESPONSIBILITY.md,line 13,ADAPTED_NARRATIVE_PRESENT,1.000,SOURCE SET RECHECKED 2026-08-23; VOLATILE VALUES NOT FROZEN,DISPOSITION_COMPLETED_IN_BOOK_v3.9.0,COMPANION_MIGRATION_CLOSED; BOOK_v3.9.0_INTEGRATION_CLOSED,Adapted module prose located by normalised text comparison (score 1.000); original source text retained in this register.
APX-P1446,D,paragraph,P1446,,Body Text,"Mandatory identifies a current institutional obligation or a non-negotiable integrity boundary. Conditional identifies a use or record activated by permission, data classification, task, risk or route. Recommended identifies an authorial control that improves traceability without claiming independent institutional force. The stricter applicable rule governs: law, institutional guidance, programme or course instructions, examination rules, data-owner terms, supervisor directions and host-organisation policies may each narrow what is permitted.",REINTEGRATE_STABLE_PRINCIPLE_AND_MIGRATE_OPERATIONAL_DETAIL,YES_SELECTIVE,"Chapter 1, Chapter 5, Chapter 8 or Chapter 9 plus DC-D",MIXED,BOOK_v3.9.0_INTEGRATION_COMPLETE,companion/06_AI_TRACE_AND_DISCLOSURE/DC_D_GENERATIVE_AI_USE_DISCLOSURE_AND_RESPONSIBILITY.md,line 15,ADAPTED_NARRATIVE_PRESENT,1.000,SOURCE SET RECHECKED 2026-08-23; VOLATILE VALUES NOT FROZEN,DISPOSITION_COMPLETED_IN_BOOK_v3.9.0,COMPANION_MIGRATION_CLOSED; BOOK_v3.9.0_INTEGRATION_CLOSED,Adapted module prose located by normalised text comparison (score 1.000); original source text retained in this register.
APX-P1447,D,paragraph,P1447,,Body Text,"This appendix uses consequential use as a conservative TRACE trigger. A use is consequential when it can alter the problem, method, evidence, code, analysis, claim, disclosure or assessed wording. A use may be non-substantial under one external guideline yet still be consequential for this project and therefore worth recording. Conversely, a TRACE record never creates permission and never replaces the official declaration or another required form.",REINTEGRATE_STABLE_PRINCIPLE_AND_MIGRATE_OPERATIONAL_DETAIL,YES_SELECTIVE,"Chapter 1, Chapter 5, Chapter 8 or Chapter 9 plus DC-D",YES,BOOK_v3.9.0_INTEGRATION_COMPLETE,companion/06_AI_TRACE_AND_DISCLOSURE/DC_D_GENERATIVE_AI_USE_DISCLOSURE_AND_RESPONSIBILITY.md,line 17,ADAPTED_NARRATIVE_PRESENT,1.000,SOURCE SET RECHECKED 2026-08-23; VOLATILE VALUES NOT FROZEN,DISPOSITION_COMPLETED_IN_BOOK_v3.9.0,COMPANION_MIGRATION_CLOSED; BOOK_v3.9.0_INTEGRATION_CLOSED,Adapted module prose located by normalised text comparison (score 1.000); original source text retained in this register.
APX-P1448,D,paragraph,P1448,,Body Text,"The source set was checked on 21 August 2026. The current ASE guidance and declaration control the institutional route. The May 2026 ERA guidance, the European Code of Conduct, ENAI recommendations and the NIST technical profile support interpretation but do not override a stricter applicable rule. Source codes D1–D5 are resolved in the Appendix source-code concordance under References.",MOVE_TO_DIGITAL_SOURCE_AND_VOLATILITY_REGISTER,NO,ASE/CSIE source and volatility register,YES,BOOK_v3.9.0_INTEGRATION_COMPLETE,companion/06_AI_TRACE_AND_DISCLOSURE/DC_D_GENERATIVE_AI_USE_DISCLOSURE_AND_RESPONSIBILITY.md,line 19,ADAPTED_NARRATIVE_PRESENT,1.000,SOURCE SET RECHECKED 2026-08-23; VOLATILE VALUES NOT FROZEN,DISPOSITION_COMPLETED_IN_BOOK_v3.9.0,COMPANION_MIGRATION_CLOSED; BOOK_v3.9.0_INTEGRATION_CLOSED,Adapted module prose located by normalised text comparison (score 1.000); original source text retained in this register.
APX-P1449,D,paragraph,P1449,Permission and decision boundary,Heading 2,Permission and decision boundary,MIGRATE_SUBSECTION_AND_RETAIN_PRINCIPLE_IF_STABLE,SELECTIVE,DC-D operational section,MIXED,BOOK_v3.9.0_INTEGRATION_COMPLETE,companion/06_AI_TRACE_AND_DISCLOSURE/DC_D_GENERATIVE_AI_USE_DISCLOSURE_AND_RESPONSIBILITY.md,line 23,ADAPTED_NARRATIVE_PRESENT,1.000,SOURCE SET RECHECKED 2026-08-23; VOLATILE VALUES NOT FROZEN,DISPOSITION_COMPLETED_IN_BOOK_v3.9.0,COMPANION_MIGRATION_CLOSED; BOOK_v3.9.0_INTEGRATION_CLOSED,Adapted module prose located by normalised text comparison (score 1.000); original source text retained in this register.
APX-P1450,D,paragraph,P1450,Permission and decision boundary,First Paragraph,"Decide before use, not after the output has become embedded in the work. Under the ASE guidance checked for this appendix, student use is not authorised in the absence of specific instructions. Where an assessed activity, examination, supervisor, data owner or organisation requires explicit authorisation, technical availability is not permission. Table D.1 classifies recurrent uses by intellectual function rather than by product name, because tools, model versions and interfaces change faster than the underlying control problem.",REINTEGRATE_STABLE_PRINCIPLE_AND_MIGRATE_OPERATIONAL_DETAIL,YES_SELECTIVE,"Chapter 1, Chapter 5, Chapter 8 or Chapter 9 plus DC-D",MIXED,BOOK_v3.9.0_INTEGRATION_COMPLETE,companion/06_AI_TRACE_AND_DISCLOSURE/DC_D_GENERATIVE_AI_USE_DISCLOSURE_AND_RESPONSIBILITY.md,line 25,ADAPTED_NARRATIVE_PRESENT,1.000,SOURCE SET RECHECKED 2026-08-23; VOLATILE VALUES NOT FROZEN,DISPOSITION_COMPLETED_IN_BOOK_v3.9.0,COMPANION_MIGRATION_CLOSED; BOOK_v3.9.0_INTEGRATION_CLOSED,Adapted module prose located by normalised text comparison (score 1.000); original source text retained in this register.
APX-P1451,D,paragraph,P1451,Permission and decision boundary,Table Caption,Table D.1. Permission and control matrix for generative AI use,MIGRATE_TABLE_AS_EDITABLE_RECORD,NO_TABLE,DC-D CSV/DOCX record,MIXED,BOOK_v3.9.0_INTEGRATION_COMPLETE,companion/06_AI_TRACE_AND_DISCLOSURE/DC_D_GENERATIVE_AI_USE_DISCLOSURE_AND_RESPONSIBILITY.md,line 27,ADAPTED_NARRATIVE_PRESENT,1.000,SOURCE SET RECHECKED 2026-08-23; VOLATILE VALUES NOT FROZEN,DISPOSITION_COMPLETED_IN_BOOK_v3.9.0,COMPANION_MIGRATION_CLOSED; BOOK_v3.9.0_INTEGRATION_CLOSED,Adapted module prose located by normalised text comparison (score 1.000); original source text retained in this register.
APX-P1452,D,paragraph,P1452,Permission and decision boundary,Source Note,"Note. The status applies to the function and context, not to a brand. A tool marketed for research, privacy or citation does not waive verification, permission, disclosure or rights control. Where two rules differ, apply the stricter rule until competent written clarification is obtained.",MOVE_TO_DIGITAL_SOURCE_AND_VOLATILITY_REGISTER,NO,ASE/CSIE source and volatility register,MIXED,BOOK_v3.9.0_INTEGRATION_COMPLETE,companion/06_AI_TRACE_AND_DISCLOSURE/DC_D_GENERATIVE_AI_USE_DISCLOSURE_AND_RESPONSIBILITY.md,line 31,ADAPTED_NARRATIVE_PRESENT,1.000,SOURCE SET RECHECKED 2026-08-23; VOLATILE VALUES NOT FROZEN,DISPOSITION_COMPLETED_IN_BOOK_v3.9.0,COMPANION_MIGRATION_CLOSED; BOOK_v3.9.0_INTEGRATION_CLOSED,Adapted module prose located by normalised text comparison (score 1.000); original source text retained in this register.
APX-P1453,D,paragraph,P1453,TRACE: the minimum consequential-use record,Heading 2,TRACE: the minimum consequential-use record,MIGRATE_SUBSECTION_AND_RETAIN_PRINCIPLE_IF_STABLE,SELECTIVE,DC-D operational section,MIXED,BOOK_v3.9.0_INTEGRATION_COMPLETE,companion/06_AI_TRACE_AND_DISCLOSURE/DC_D_GENERATIVE_AI_USE_DISCLOSURE_AND_RESPONSIBILITY.md,line 33,ADAPTED_NARRATIVE_PRESENT,1.000,SOURCE SET RECHECKED 2026-08-23; VOLATILE VALUES NOT FROZEN,DISPOSITION_COMPLETED_IN_BOOK_v3.9.0,COMPANION_MIGRATION_CLOSED; BOOK_v3.9.0_INTEGRATION_CLOSED,Adapted module prose located by normalised text comparison (score 1.000); original source text retained in this register.
APX-P1454,D,paragraph,P1454,TRACE: the minimum consequential-use record,First Paragraph,"TRACE is the book’s transverse control for consequential generative-AI intervention. It is a private project record unless a competent rule requires submission or public disclosure. Preserve enough context to reconstruct the decision, but do not copy personal, confidential or restricted content into a public log. The official declaration, manuscript disclosure and TRACE record are linked but distinct.",REINTEGRATE_STABLE_PRINCIPLE_AND_MIGRATE_OPERATIONAL_DETAIL,YES_SELECTIVE,"Chapter 1, Chapter 5, Chapter 8 or Chapter 9 plus DC-D",MIXED,BOOK_v3.9.0_INTEGRATION_COMPLETE,companion/06_AI_TRACE_AND_DISCLOSURE/DC_D_GENERATIVE_AI_USE_DISCLOSURE_AND_RESPONSIBILITY.md,line 35,ADAPTED_NARRATIVE_PRESENT,1.000,SOURCE SET RECHECKED 2026-08-23; VOLATILE VALUES NOT FROZEN,DISPOSITION_COMPLETED_IN_BOOK_v3.9.0,COMPANION_MIGRATION_CLOSED; BOOK_v3.9.0_INTEGRATION_CLOSED,Adapted module prose located by normalised text comparison (score 1.000); original source text retained in this register.
APX-P1455,D,paragraph,P1455,TRACE: the minimum consequential-use record,Table Caption,Table D.2. TRACE minimum record and closure test,MIGRATE_TABLE_AS_EDITABLE_RECORD,NO_TABLE,DC-D CSV/DOCX record,MIXED,BOOK_v3.9.0_INTEGRATION_COMPLETE,companion/06_AI_TRACE_AND_DISCLOSURE/DC_D_GENERATIVE_AI_USE_DISCLOSURE_AND_RESPONSIBILITY.md,line 37,ADAPTED_NARRATIVE_PRESENT,1.000,SOURCE SET RECHECKED 2026-08-23; VOLATILE VALUES NOT FROZEN,DISPOSITION_COMPLETED_IN_BOOK_v3.9.0,COMPANION_MIGRATION_CLOSED; BOOK_v3.9.0_INTEGRATION_CLOSED,Adapted module prose located by normalised text comparison (score 1.000); original source text retained in this register.
APX-P1456,D,paragraph,P1456,TRACE: the minimum consequential-use record,Source Note,"Note. Exact repetition of a stochastic response is neither expected nor sufficient. The required form of reproducibility is that the retained source, calculation, code behaviour, method choice or claim can be established through controlled evidence without depending on the original generated wording.",MOVE_TO_DIGITAL_SOURCE_AND_VOLATILITY_REGISTER,NO,ASE/CSIE source and volatility register,YES,BOOK_v3.9.0_INTEGRATION_COMPLETE,companion/06_AI_TRACE_AND_DISCLOSURE/DC_D_GENERATIVE_AI_USE_DISCLOSURE_AND_RESPONSIBILITY.md,line 41,ADAPTED_NARRATIVE_PRESENT,1.000,SOURCE SET RECHECKED 2026-08-23; VOLATILE VALUES NOT FROZEN,DISPOSITION_COMPLETED_IN_BOOK_v3.9.0,COMPANION_MIGRATION_CLOSED; BOOK_v3.9.0_INTEGRATION_CLOSED,Adapted module prose located by normalised text comparison (score 1.000); original source text retained in this register.
APX-P1457,D,paragraph,P1457,"Independent verification, not model agreement",Heading 2,"Independent verification, not model agreement",MIGRATE_SUBSECTION_AND_RETAIN_PRINCIPLE_IF_STABLE,SELECTIVE,DC-D operational section,MIXED,BOOK_v3.9.0_INTEGRATION_COMPLETE,companion/06_AI_TRACE_AND_DISCLOSURE/DC_D_GENERATIVE_AI_USE_DISCLOSURE_AND_RESPONSIBILITY.md,line 43,ADAPTED_NARRATIVE_PRESENT,1.000,SOURCE SET RECHECKED 2026-08-23; VOLATILE VALUES NOT FROZEN,DISPOSITION_COMPLETED_IN_BOOK_v3.9.0,COMPANION_MIGRATION_CLOSED; BOOK_v3.9.0_INTEGRATION_CLOSED,Adapted module prose located by normalised text comparison (score 1.000); original source text retained in this register.
APX-P1458,D,paragraph,P1458,"Independent verification, not model agreement",First Paragraph,"A second model can be useful as an adversarial question generator, discrepancy detector or counterexample source. It is not automatically an independent verifier. Models may share training material, retrieval sources, design assumptions, prompt framing and generic failure modes, while repeated use of the same model can create correlated failures. Verification is independent only when the decisive evidence or assessor is independent of the generated wording and capable of falsifying it.",MIGRATE_TO_DIGITAL_MODULE,NO_OR_SUMMARY_ONLY,DC-D,YES,BOOK_v3.9.0_INTEGRATION_COMPLETE,companion/06_AI_TRACE_AND_DISCLOSURE/DC_D_GENERATIVE_AI_USE_DISCLOSURE_AND_RESPONSIBILITY.md,line 45,ADAPTED_NARRATIVE_PRESENT,1.000,SOURCE SET RECHECKED 2026-08-23; VOLATILE VALUES NOT FROZEN,DISPOSITION_COMPLETED_IN_BOOK_v3.9.0,COMPANION_MIGRATION_CLOSED; BOOK_v3.9.0_INTEGRATION_CLOSED,Adapted module prose located by normalised text comparison (score 1.000); original source text retained in this register.
APX-P1459,D,paragraph,P1459,"Independent verification, not model agreement",Table Caption,Table D.3. Independent verification by output type,MIGRATE_TABLE_AS_EDITABLE_RECORD,NO_TABLE,DC-D CSV/DOCX record,MIXED,BOOK_v3.9.0_INTEGRATION_COMPLETE,companion/06_AI_TRACE_AND_DISCLOSURE/DC_D_GENERATIVE_AI_USE_DISCLOSURE_AND_RESPONSIBILITY.md,line 47,ADAPTED_NARRATIVE_PRESENT,1.000,SOURCE SET RECHECKED 2026-08-23; VOLATILE VALUES NOT FROZEN,DISPOSITION_COMPLETED_IN_BOOK_v3.9.0,COMPANION_MIGRATION_CLOSED; BOOK_v3.9.0_INTEGRATION_CLOSED,Adapted module prose located by normalised text comparison (score 1.000); original source text retained in this register.
APX-P1460,D,paragraph,P1460,"Independent verification, not model agreement",Source Note,"Note. Corroboration can identify disagreement but does not establish truth. When two models agree, ask what common source, retrieval path or assumption could explain the agreement. When they disagree, the unresolved discrepancy blocks retention until evidence outside both outputs decides the issue.",MOVE_TO_DIGITAL_SOURCE_AND_VOLATILITY_REGISTER,NO,ASE/CSIE source and volatility register,YES,BOOK_v3.9.0_INTEGRATION_COMPLETE,companion/06_AI_TRACE_AND_DISCLOSURE/DC_D_GENERATIVE_AI_USE_DISCLOSURE_AND_RESPONSIBILITY.md,line 51,ADAPTED_NARRATIVE_PRESENT,1.000,SOURCE SET RECHECKED 2026-08-23; VOLATILE VALUES NOT FROZEN,DISPOSITION_COMPLETED_IN_BOOK_v3.9.0,COMPANION_MIGRATION_CLOSED; BOOK_v3.9.0_INTEGRATION_CLOSED,Adapted module prose located by normalised text comparison (score 1.000); original source text retained in this register.
APX-P1461,D,paragraph,P1461,"Disclosure, declaration and authorship",Heading 2,"Disclosure, declaration and authorship",MIGRATE_SUBSECTION_AND_RETAIN_PRINCIPLE_IF_STABLE,SELECTIVE,DC-D operational section,MIXED,BOOK_v3.9.0_INTEGRATION_COMPLETE,companion/06_AI_TRACE_AND_DISCLOSURE/DC_D_GENERATIVE_AI_USE_DISCLOSURE_AND_RESPONSIBILITY.md,line 53,ADAPTED_NARRATIVE_PRESENT,1.000,SOURCE SET RECHECKED 2026-08-23; VOLATILE VALUES NOT FROZEN,DISPOSITION_COMPLETED_IN_BOOK_v3.9.0,COMPANION_MIGRATION_CLOSED; BOOK_v3.9.0_INTEGRATION_CLOSED,Adapted module prose located by normalised text comparison (score 1.000); original source text retained in this register.
APX-P1462,D,paragraph,P1462,"Disclosure, declaration and authorship",First Paragraph,"Maintain three linked layers. First, TRACE records the consequential process and disposition. Second, the manuscript, methods section, acknowledgement or artefact documentation explains the material influence in the form required by the discipline, publisher or assessment. Third, the official institutional declaration records use or non-use through the current form and route. No layer silently replaces another.",REINTEGRATE_STABLE_PRINCIPLE_AND_MIGRATE_OPERATIONAL_DETAIL,YES_SELECTIVE,"Chapter 1, Chapter 5, Chapter 8 or Chapter 9 plus DC-D",YES,BOOK_v3.9.0_INTEGRATION_COMPLETE,companion/06_AI_TRACE_AND_DISCLOSURE/DC_D_GENERATIVE_AI_USE_DISCLOSURE_AND_RESPONSIBILITY.md,line 55,ADAPTED_NARRATIVE_PRESENT,1.000,SOURCE SET RECHECKED 2026-08-23; VOLATILE VALUES NOT FROZEN,DISPOSITION_COMPLETED_IN_BOOK_v3.9.0,COMPANION_MIGRATION_CLOSED; BOOK_v3.9.0_INTEGRATION_CLOSED,Adapted module prose located by normalised text comparison (score 1.000); original source text retained in this register.
APX-P1463,D,paragraph,P1463,"Disclosure, declaration and authorship",Body Text,"Under the ASE guidance checked for this appendix, students and graduates must declare whether generative AI was used. For a final degree work, the declaration is placed immediately after Contents and a separate handwritten-signed copy is submitted at registration. Complete the current official form exactly as required and reverify its placement, signature and submission route; do not rely on a frozen annex number in this book.",REINTEGRATE_STABLE_PRINCIPLE_AND_MIGRATE_OPERATIONAL_DETAIL,YES_SELECTIVE,"Chapter 1, Chapter 5, Chapter 8 or Chapter 9 plus DC-D",YES,BOOK_v3.9.0_INTEGRATION_COMPLETE,companion/06_AI_TRACE_AND_DISCLOSURE/DC_D_GENERATIVE_AI_USE_DISCLOSURE_AND_RESPONSIBILITY.md,line 57,ADAPTED_NARRATIVE_PRESENT,1.000,SOURCE SET RECHECKED 2026-08-23; VOLATILE VALUES NOT FROZEN,DISPOSITION_COMPLETED_IN_BOOK_v3.9.0,COMPANION_MIGRATION_CLOSED; BOOK_v3.9.0_INTEGRATION_CLOSED,Adapted module prose located by normalised text comparison (score 1.000); original source text retained in this register.
APX-P1464,D,paragraph,P1464,"Disclosure, declaration and authorship",Body Text,"Citation and disclosure also serve different functions. Cite the primary source actually read for a substantive claim. Do not cite a generated reference instead of that source. Where the AI interaction itself is the object of study or a material method, preserve and describe it with the tool, model or version where available, date, task, relevant input boundary, affected artefact, output disposition and verification. Follow the required citation style while keeping the official declaration unchanged.",MIGRATE_TO_DIGITAL_MODULE,NO_OR_SUMMARY_ONLY,DC-D,YES,BOOK_v3.9.0_INTEGRATION_COMPLETE,companion/06_AI_TRACE_AND_DISCLOSURE/DC_D_GENERATIVE_AI_USE_DISCLOSURE_AND_RESPONSIBILITY.md,line 59,ADAPTED_NARRATIVE_PRESENT,1.000,SOURCE SET RECHECKED 2026-08-23; VOLATILE VALUES NOT FROZEN,DISPOSITION_COMPLETED_IN_BOOK_v3.9.0,COMPANION_MIGRATION_CLOSED; BOOK_v3.9.0_INTEGRATION_CLOSED,Adapted module prose located by normalised text comparison (score 1.000); original source text retained in this register.
APX-P1465,D,paragraph,P1465,"Disclosure, declaration and authorship",Body Text,"Do not infer that minor language support is exempt from the institutional declaration merely because it may not require a bibliographic entry. Conversely, do not turn the reference list into a substitute for a clear methods or acknowledgement statement. The disclosure must allow a reasonable reader or examiner to understand what the system influenced and how the retained result was checked.",MIGRATE_TO_DIGITAL_MODULE,NO_OR_SUMMARY_ONLY,DC-D,MIXED,BOOK_v3.9.0_INTEGRATION_COMPLETE,companion/06_AI_TRACE_AND_DISCLOSURE/DC_D_GENERATIVE_AI_USE_DISCLOSURE_AND_RESPONSIBILITY.md,line 61,ADAPTED_NARRATIVE_PRESENT,1.000,SOURCE SET RECHECKED 2026-08-23; VOLATILE VALUES NOT FROZEN,DISPOSITION_COMPLETED_IN_BOOK_v3.9.0,COMPANION_MIGRATION_CLOSED; BOOK_v3.9.0_INTEGRATION_CLOSED,Adapted module prose located by normalised text comparison (score 1.000); original source text retained in this register.
APX-P1466,D,paragraph,P1466,"Disclosure, declaration and authorship",Body Text,"A generative system cannot be an author, co-author, supervisor, reviewer, approver or rights holder because it cannot accept responsibility, resolve conflicts or warrant the integrity of the work. Human authors remain accountable for the complete manuscript and associated artefacts, including content that they accepted after AI assistance.",REINTEGRATE_STABLE_PRINCIPLE_AND_MIGRATE_OPERATIONAL_DETAIL,YES_SELECTIVE,"Chapter 1, Chapter 5, Chapter 8 or Chapter 9 plus DC-D",MIXED,BOOK_v3.9.0_INTEGRATION_COMPLETE,companion/06_AI_TRACE_AND_DISCLOSURE/DC_D_GENERATIVE_AI_USE_DISCLOSURE_AND_RESPONSIBILITY.md,line 63,ADAPTED_NARRATIVE_PRESENT,1.000,SOURCE SET RECHECKED 2026-08-23; VOLATILE VALUES NOT FROZEN,DISPOSITION_COMPLETED_IN_BOOK_v3.9.0,COMPANION_MIGRATION_CLOSED; BOOK_v3.9.0_INTEGRATION_CLOSED,Adapted module prose located by normalised text comparison (score 1.000); original source text retained in this register.
APX-P1467,D,paragraph,P1467,"Confidentiality, rights and release boundary",Heading 2,"Confidentiality, rights and release boundary",MIGRATE_SUBSECTION_AND_RETAIN_PRINCIPLE_IF_STABLE,SELECTIVE,DC-D operational section,MIXED,BOOK_v3.9.0_INTEGRATION_COMPLETE,companion/06_AI_TRACE_AND_DISCLOSURE/DC_D_GENERATIVE_AI_USE_DISCLOSURE_AND_RESPONSIBILITY.md,line 65,ADAPTED_NARRATIVE_PRESENT,1.000,SOURCE SET RECHECKED 2026-08-23; VOLATILE VALUES NOT FROZEN,DISPOSITION_COMPLETED_IN_BOOK_v3.9.0,COMPANION_MIGRATION_CLOSED; BOOK_v3.9.0_INTEGRATION_CLOSED,Adapted module prose located by normalised text comparison (score 1.000); original source text retained in this register.
APX-P1468,D,paragraph,P1468,"Confidentiality, rights and release boundary",First Paragraph,"Do not enter personal data, participant material, confidential organisational information, unpublished results, licensed databases, private code, security details, access credentials, examination content, peer-review material or another person’s protected work into an external, public or institutionally unvalidated system. Redaction is not automatically sufficient: context, combinations of attributes, metadata and attachments may remain identifying or protected.",REINTEGRATE_STABLE_PRINCIPLE_AND_MIGRATE_OPERATIONAL_DETAIL,YES_SELECTIVE,"Chapter 1, Chapter 5, Chapter 8 or Chapter 9 plus DC-D",YES,BOOK_v3.9.0_INTEGRATION_COMPLETE,companion/06_AI_TRACE_AND_DISCLOSURE/DC_D_GENERATIVE_AI_USE_DISCLOSURE_AND_RESPONSIBILITY.md,line 67,ADAPTED_NARRATIVE_PRESENT,1.000,SOURCE SET RECHECKED 2026-08-23; VOLATILE VALUES NOT FROZEN,DISPOSITION_COMPLETED_IN_BOOK_v3.9.0,COMPANION_MIGRATION_CLOSED; BOOK_v3.9.0_INTEGRATION_CLOSED,Adapted module prose located by normalised text comparison (score 1.000); original source text retained in this register.
APX-P1469,D,paragraph,P1469,"Confidentiality, rights and release boundary",Body Text,"Use the minimum necessary input in an environment authorised for the information class and purpose. Check the actual provider, deployment, retention, training and access settings in force. A privacy label, enterprise tier or training opt-out may reduce one risk but does not replace the data owner’s permission, a lawful basis, ethics approval, contractual restrictions or institutional validation.",REINTEGRATE_STABLE_PRINCIPLE_AND_MIGRATE_OPERATIONAL_DETAIL,YES_SELECTIVE,"Chapter 1, Chapter 5, Chapter 8 or Chapter 9 plus DC-D",YES,BOOK_v3.9.0_INTEGRATION_COMPLETE,companion/06_AI_TRACE_AND_DISCLOSURE/DC_D_GENERATIVE_AI_USE_DISCLOSURE_AND_RESPONSIBILITY.md,line 69,ADAPTED_NARRATIVE_PRESENT,1.000,SOURCE SET RECHECKED 2026-08-23; VOLATILE VALUES NOT FROZEN,DISPOSITION_COMPLETED_IN_BOOK_v3.9.0,COMPANION_MIGRATION_CLOSED; BOOK_v3.9.0_INTEGRATION_CLOSED,Adapted module prose located by normalised text comparison (score 1.000); original source text retained in this register.
APX-P1470,D,paragraph,P1470,"Confidentiality, rights and release boundary",Body Text,"Generated text, code, images and other artefacts may reproduce protected material or carry incompatible licence, attribution or provenance conditions. Inspect third-party dependencies and notices, retain the rights decision and block public release when ownership or reuse remains unresolved. Never assume that an output is free to publish merely because the interface generated it.",MIGRATE_TO_DIGITAL_MODULE,NO_OR_SUMMARY_ONLY,DC-D,MIXED,BOOK_v3.9.0_INTEGRATION_COMPLETE,companion/06_AI_TRACE_AND_DISCLOSURE/DC_D_GENERATIVE_AI_USE_DISCLOSURE_AND_RESPONSIBILITY.md,line 71,ADAPTED_NARRATIVE_PRESENT,1.000,SOURCE SET RECHECKED 2026-08-23; VOLATILE VALUES NOT FROZEN,DISPOSITION_COMPLETED_IN_BOOK_v3.9.0,COMPANION_MIGRATION_CLOSED; BOOK_v3.9.0_INTEGRATION_CLOSED,Adapted module prose located by normalised text comparison (score 1.000); original source text retained in this register.
APX-P1471,D,paragraph,P1471,"Confidentiality, rights and release boundary",Body Text,"Keep the full TRACE record and sensitive interaction history in the controlled private or restricted workspace. Release only the disclosure and supporting material that is authorised, necessary and safe. Before applying AI to files received from others, inspect for comments, invisible text, metadata, embedded objects or hidden instructions that could expose information or manipulate an automated workflow.",MIGRATE_TO_DIGITAL_MODULE,NO_OR_SUMMARY_ONLY,DC-D,YES,BOOK_v3.9.0_INTEGRATION_COMPLETE,companion/06_AI_TRACE_AND_DISCLOSURE/DC_D_GENERATIVE_AI_USE_DISCLOSURE_AND_RESPONSIBILITY.md,line 73,ADAPTED_NARRATIVE_PRESENT,1.000,SOURCE SET RECHECKED 2026-08-23; VOLATILE VALUES NOT FROZEN,DISPOSITION_COMPLETED_IN_BOOK_v3.9.0,COMPANION_MIGRATION_CLOSED; BOOK_v3.9.0_INTEGRATION_CLOSED,Adapted module prose located by normalised text comparison (score 1.000); original source text retained in this register.
APX-P1472,D,paragraph,P1472,Defence ownership and stop rules,Heading 2,Defence ownership and stop rules,MIGRATE_SUBSECTION_AND_RETAIN_PRINCIPLE_IF_STABLE,SELECTIVE,DC-D operational section,MIXED,BOOK_v3.9.0_INTEGRATION_COMPLETE,companion/06_AI_TRACE_AND_DISCLOSURE/DC_D_GENERATIVE_AI_USE_DISCLOSURE_AND_RESPONSIBILITY.md,line 75,ADAPTED_NARRATIVE_PRESENT,1.000,SOURCE SET RECHECKED 2026-08-23; VOLATILE VALUES NOT FROZEN,DISPOSITION_COMPLETED_IN_BOOK_v3.9.0,COMPANION_MIGRATION_CLOSED; BOOK_v3.9.0_INTEGRATION_CLOSED,Adapted module prose located by normalised text comparison (score 1.000); original source text retained in this register.
APX-P1473,D,paragraph,P1473,Defence ownership and stop rules,First Paragraph,"The final test is oral and operational ownership. The student must be able to explain why the tool was used, what changed, which alternatives were rejected, how every material output was verified and how the substantive result can be reproduced without the original chat. Retained prose does not become independently authored merely because it was lightly edited.",MIGRATE_TO_DIGITAL_MODULE,NO_OR_SUMMARY_ONLY,DC-D,MIXED,BOOK_v3.9.0_INTEGRATION_COMPLETE,companion/06_AI_TRACE_AND_DISCLOSURE/DC_D_GENERATIVE_AI_USE_DISCLOSURE_AND_RESPONSIBILITY.md,line 77,ADAPTED_NARRATIVE_PRESENT,1.000,SOURCE SET RECHECKED 2026-08-23; VOLATILE VALUES NOT FROZEN,DISPOSITION_COMPLETED_IN_BOOK_v3.9.0,COMPANION_MIGRATION_CLOSED; BOOK_v3.9.0_INTEGRATION_CLOSED,Adapted module prose located by normalised text comparison (score 1.000); original source text retained in this register.
APX-P1474,D,paragraph,P1474,Defence ownership and stop rules,Body Text,"Stop and reopen the responsible gate when a source cannot be resolved, a calculation cannot be reproduced, code cannot be explained or tested, rights remain unclear, a confidential input was exposed, a substantial use was omitted from disclosure or the official declaration no longer matches the work. Resolve the defect before submission. A polished final file is not evidence that an uncontrolled intervention became acceptable.",REINTEGRATE_STABLE_PRINCIPLE_AND_MIGRATE_OPERATIONAL_DETAIL,YES_SELECTIVE,"Chapter 1, Chapter 5, Chapter 8 or Chapter 9 plus DC-D",YES,BOOK_v3.9.0_INTEGRATION_COMPLETE,companion/06_AI_TRACE_AND_DISCLOSURE/DC_D_GENERATIVE_AI_USE_DISCLOSURE_AND_RESPONSIBILITY.md,line 79,ADAPTED_NARRATIVE_PRESENT,1.000,SOURCE SET RECHECKED 2026-08-23; VOLATILE VALUES NOT FROZEN,DISPOSITION_COMPLETED_IN_BOOK_v3.9.0,COMPANION_MIGRATION_CLOSED; BOOK_v3.9.0_INTEGRATION_CLOSED,Adapted module prose located by normalised text comparison (score 1.000); original source text retained in this register.
APX-P1475,D,paragraph,P1475,Defence ownership and stop rules,Body Text,"Appendix E converts these principles into submission and defence checks. Appendix C controls where the TRACE record, official declaration, restricted material and release evidence are retained. Current official instructions always prevail over this dated appendix.",REINTEGRATE_STABLE_PRINCIPLE_AND_MIGRATE_OPERATIONAL_DETAIL,YES_SELECTIVE,"Chapter 1, Chapter 5, Chapter 8 or Chapter 9 plus DC-D",YES,BOOK_v3.9.0_INTEGRATION_COMPLETE,companion/06_AI_TRACE_AND_DISCLOSURE/DC_D_GENERATIVE_AI_USE_DISCLOSURE_AND_RESPONSIBILITY.md,line 81,ADAPTED_NARRATIVE_PRESENT,1.000,SOURCE SET RECHECKED 2026-08-23; VOLATILE VALUES NOT FROZEN,DISPOSITION_COMPLETED_IN_BOOK_v3.9.0,COMPANION_MIGRATION_CLOSED; BOOK_v3.9.0_INTEGRATION_CLOSED,Adapted module prose located by normalised text comparison (score 1.000); original source text retained in this register.
APX-P1477,E,paragraph,P1477,,Heading 1,Appendix E. Submission and Defence Checklists,REMOVE_PRINTED_HEADING_CREATE_DC_LANDING_PAGE,NO,DC-E module landing page,MIXED,BOOK_v3.9.0_INTEGRATION_COMPLETE,companion/07_SUBMISSION_AND_DEFENCE/DC_E_SUBMISSION_AND_DEFENCE.md,line 1,ADAPTED_NARRATIVE_PRESENT,1.000,SOURCE SET RECHECKED 2026-08-23; VOLATILE VALUES NOT FROZEN,DISPOSITION_COMPLETED_IN_BOOK_v3.9.0,COMPANION_MIGRATION_CLOSED; BOOK_v3.9.0_INTEGRATION_CLOSED,Adapted module prose located by normalised text comparison (score 1.000); original source text retained in this register.
APX-P1478,E,paragraph,P1478,,Chapter Lead,The final evidence-backed control before submission and oral examination,MIGRATE_TO_DIGITAL_MODULE,NO_OR_SUMMARY_ONLY,DC-E,MIXED,BOOK_v3.9.0_INTEGRATION_COMPLETE,companion/07_SUBMISSION_AND_DEFENCE/DC_E_SUBMISSION_AND_DEFENCE.md,line 11,ADAPTED_NARRATIVE_PRESENT,1.000,SOURCE SET RECHECKED 2026-08-23; VOLATILE VALUES NOT FROZEN,DISPOSITION_COMPLETED_IN_BOOK_v3.9.0,COMPANION_MIGRATION_CLOSED; BOOK_v3.9.0_INTEGRATION_CLOSED,Adapted module prose located by normalised text comparison (score 1.000); original source text retained in this register.
APX-P1479,E,paragraph,P1479,,First Paragraph,"A checklist is useful only when a tick denotes an observed state. Do not tick an item because it is planned, probably correct or visible in an unverified interface. Tick it only after the required object, receipt, decision, test result or written clarification exists and can be retrieved. These checklists convert the Defence Readiness Gate in Chapter 9 into a compact operating record. They do not replace the route-specific regulations, current-session calendar, official forms or instructions summarised in Appendices A–D.",REINTEGRATE_STABLE_PRINCIPLE_AND_MIGRATE_OPERATIONAL_DETAIL,YES_SELECTIVE,Chapter 9 plus DC-E,YES,BOOK_v3.9.0_INTEGRATION_COMPLETE,companion/07_SUBMISSION_AND_DEFENCE/DC_E_SUBMISSION_AND_DEFENCE.md,line 13,ADAPTED_NARRATIVE_PRESENT,1.000,SOURCE SET RECHECKED 2026-08-23; VOLATILE VALUES NOT FROZEN,DISPOSITION_COMPLETED_IN_BOOK_v3.9.0,COMPANION_MIGRATION_CLOSED; BOOK_v3.9.0_INTEGRATION_CLOSED,Adapted module prose located by normalised text comparison (score 1.000); original source text retained in this register.
APX-P1480,E,paragraph,P1480,,Body Text,"The source set was checked on 21 August 2026. Current official instructions prevail over this dated aid. The bachelor’s and master’s routes remain distinct: do not import the number of tests, speaking time, theoretical component, dossier items or submission channel from one route into the other. Where official sources conflict, mark CONFLICT, pause the affected action and obtain dated written clarification from the competent authority. Silence, habit and a prior cohort’s procedure are not clarification.",MOVE_TO_DIGITAL_SOURCE_AND_VOLATILITY_REGISTER,NO,ASE/CSIE source and volatility register,YES,BOOK_v3.9.0_INTEGRATION_COMPLETE,companion/07_SUBMISSION_AND_DEFENCE/DC_E_SUBMISSION_AND_DEFENCE.md,line 15,ADAPTED_NARRATIVE_PRESENT,1.000,SOURCE SET RECHECKED 2026-08-23; VOLATILE VALUES NOT FROZEN,DISPOSITION_COMPLETED_IN_BOOK_v3.9.0,COMPANION_MIGRATION_CLOSED; BOOK_v3.9.0_INTEGRATION_CLOSED,Adapted module prose located by normalised text comparison (score 1.000); original source text retained in this register.
APX-P1481,E,paragraph,P1481,,Body Text,"Class M identifies a current mandatory official requirement or a non-negotiable integrity condition. Class C identifies an official requirement activated by route, status, cohort, mobility, fee, identity, account access, demonstration condition or another stated trigger. Once activated, a Class C item is mandatory. Class R identifies an authorial control that reduces ambiguity, version drift or operational failure without claiming independent institutional force. Record N/A only with the reason and authority for non-applicability. PENDING, CONFLICT and BLOCKED cannot be converted into a tick.",REINTEGRATE_STABLE_PRINCIPLE_AND_MIGRATE_OPERATIONAL_DETAIL,YES_SELECTIVE,Chapter 9 plus DC-E,YES,BOOK_v3.9.0_INTEGRATION_COMPLETE,companion/07_SUBMISSION_AND_DEFENCE/DC_E_SUBMISSION_AND_DEFENCE.md,line 19,ADAPTED_NARRATIVE_PRESENT,1.000,SOURCE SET RECHECKED 2026-08-23; VOLATILE VALUES NOT FROZEN,DISPOSITION_COMPLETED_IN_BOOK_v3.9.0,COMPANION_MIGRATION_CLOSED; BOOK_v3.9.0_INTEGRATION_CLOSED,Adapted module prose located by normalised text comparison (score 1.000); original source text retained in this register.
APX-P1482,E,paragraph,P1482,How to use the checklists,Heading 2,How to use the checklists,MIGRATE_SUBSECTION_AND_RETAIN_PRINCIPLE_IF_STABLE,SELECTIVE,DC-E operational section,MIXED,BOOK_v3.9.0_INTEGRATION_COMPLETE,companion/07_SUBMISSION_AND_DEFENCE/DC_E_SUBMISSION_AND_DEFENCE.md,line 21,ADAPTED_NARRATIVE_PRESENT,1.000,SOURCE SET RECHECKED 2026-08-23; VOLATILE VALUES NOT FROZEN,DISPOSITION_COMPLETED_IN_BOOK_v3.9.0,COMPANION_MIGRATION_CLOSED; BOOK_v3.9.0_INTEGRATION_CLOSED,Adapted module prose located by normalised text comparison (score 1.000); original source text retained in this register.
APX-P1483,E,paragraph,P1483,How to use the checklists,First Paragraph,"Create one dated working copy for the actual examination route. Enter the current authority set and session before using any table. Preserve the completed copy in the restricted Defence Readiness Dossier with the evidence it cites. A tick must remain intelligible to an authorised second person who did not assemble the package. Where an item fails, record the defect, earliest responsible gate, repair owner, due date and retest evidence. Do not erase a failed state after repair; close it through a dated disposition.",MIGRATE_TO_DIGITAL_MODULE,NO_OR_SUMMARY_ONLY,DC-E,YES,BOOK_v3.9.0_INTEGRATION_COMPLETE,companion/07_SUBMISSION_AND_DEFENCE/DC_E_SUBMISSION_AND_DEFENCE.md,line 23,ADAPTED_NARRATIVE_PRESENT,1.000,SOURCE SET RECHECKED 2026-08-23; VOLATILE VALUES NOT FROZEN,DISPOSITION_COMPLETED_IN_BOOK_v3.9.0,COMPANION_MIGRATION_CLOSED; BOOK_v3.9.0_INTEGRATION_CLOSED,Adapted module prose located by normalised text comparison (score 1.000); original source text retained in this register.
APX-P1484,E,paragraph,P1484,How to use the checklists,Body Text,"Use this evidence hierarchy: official decision or confirmation, controlled file or record, independent test result, dated receipt, then explanatory note. A filename, local existence, screenshot without context or verbal assurance is not equivalent to confirmation. In particular, transmitted does not mean enrolled, uploaded does not mean accepted and opened once does not mean recoverable under examination conditions.",MIGRATE_TO_DIGITAL_MODULE,NO_OR_SUMMARY_ONLY,DC-E,YES,BOOK_v3.9.0_INTEGRATION_COMPLETE,companion/07_SUBMISSION_AND_DEFENCE/DC_E_SUBMISSION_AND_DEFENCE.md,line 25,ADAPTED_NARRATIVE_PRESENT,1.000,SOURCE SET RECHECKED 2026-08-23; VOLATILE VALUES NOT FROZEN,DISPOSITION_COMPLETED_IN_BOOK_v3.9.0,COMPANION_MIGRATION_CLOSED; BOOK_v3.9.0_INTEGRATION_CLOSED,Adapted module prose located by normalised text comparison (score 1.000); original source text retained in this register.
APX-P1485,E,paragraph,P1485,How to use the checklists,Table Caption,Table E.1. Freeze one assessable record,MIGRATE_TABLE_AS_EDITABLE_RECORD,NO_TABLE,DC-E CSV/DOCX record,MIXED,BOOK_v3.9.0_INTEGRATION_COMPLETE,companion/07_SUBMISSION_AND_DEFENCE/DC_E_SUBMISSION_AND_DEFENCE.md,line 27,ADAPTED_NARRATIVE_PRESENT,1.000,SOURCE SET RECHECKED 2026-08-23; VOLATILE VALUES NOT FROZEN,DISPOSITION_COMPLETED_IN_BOOK_v3.9.0,COMPANION_MIGRATION_CLOSED; BOOK_v3.9.0_INTEGRATION_CLOSED,Adapted module prose located by normalised text comparison (score 1.000); original source text retained in this register.
APX-P1486,E,paragraph,P1486,How to use the checklists,Source Note,"Note. Complete this table before any final transmission. Scientific-content identity permits format conversion only when the assessed intellectual content, evidence and claim remain unchanged.",MOVE_TO_DIGITAL_SOURCE_AND_VOLATILITY_REGISTER,NO,ASE/CSIE source and volatility register,YES,BOOK_v3.9.0_INTEGRATION_COMPLETE,companion/07_SUBMISSION_AND_DEFENCE/DC_E_SUBMISSION_AND_DEFENCE.md,line 31,ADAPTED_NARRATIVE_PRESENT,1.000,SOURCE SET RECHECKED 2026-08-23; VOLATILE VALUES NOT FROZEN,DISPOSITION_COMPLETED_IN_BOOK_v3.9.0,COMPANION_MIGRATION_CLOSED; BOOK_v3.9.0_INTEGRATION_CLOSED,Adapted module prose located by normalised text comparison (score 1.000); original source text retained in this register.
APX-P1487,E,paragraph,P1487,Submit the dossier and prove enrolment,Heading 2,Submit the dossier and prove enrolment,MIGRATE_SUBSECTION_AND_RETAIN_PRINCIPLE_IF_STABLE,SELECTIVE,DC-E operational section,MIXED,BOOK_v3.9.0_INTEGRATION_COMPLETE,companion/07_SUBMISSION_AND_DEFENCE/DC_E_SUBMISSION_AND_DEFENCE.md,line 33,ADAPTED_NARRATIVE_PRESENT,1.000,SOURCE SET RECHECKED 2026-08-23; VOLATILE VALUES NOT FROZEN,DISPOSITION_COMPLETED_IN_BOOK_v3.9.0,COMPANION_MIGRATION_CLOSED; BOOK_v3.9.0_INTEGRATION_CLOSED,Adapted module prose located by normalised text comparison (score 1.000); original source text retained in this register.
APX-P1488,E,paragraph,P1488,Submit the dossier and prove enrolment,First Paragraph,"Submission has at least three distinguishable states: possession of a local file, successful transmission and confirmed administrative enrolment. The first does not prove the second and the second does not prove the third. Current bachelor’s and master’s regulations require the candidate to ensure that the final file is complete and openable and to check the confirmation issued after document verification and enrolment. An incomplete dossier is not cured by a successful file upload.",MIGRATE_TO_DIGITAL_MODULE,NO_OR_SUMMARY_ONLY,DC-E,YES,BOOK_v3.9.0_INTEGRATION_COMPLETE,companion/07_SUBMISSION_AND_DEFENCE/DC_E_SUBMISSION_AND_DEFENCE.md,line 35,ADAPTED_NARRATIVE_PRESENT,1.000,SOURCE SET RECHECKED 2026-08-23; VOLATILE VALUES NOT FROZEN,DISPOSITION_COMPLETED_IN_BOOK_v3.9.0,COMPANION_MIGRATION_CLOSED; BOOK_v3.9.0_INTEGRATION_CLOSED,Adapted module prose located by normalised text comparison (score 1.000); original source text retained in this register.
APX-P1489,E,paragraph,P1489,Submit the dossier and prove enrolment,Table Caption,Table E.2. Submit the dossier and prove enrolment,MIGRATE_TABLE_AS_EDITABLE_RECORD,NO_TABLE,DC-E CSV/DOCX record,MIXED,BOOK_v3.9.0_INTEGRATION_COMPLETE,companion/07_SUBMISSION_AND_DEFENCE/DC_E_SUBMISSION_AND_DEFENCE.md,line 37,ADAPTED_NARRATIVE_PRESENT,1.000,SOURCE SET RECHECKED 2026-08-23; VOLATILE VALUES NOT FROZEN,DISPOSITION_COMPLETED_IN_BOOK_v3.9.0,COMPANION_MIGRATION_CLOSED; BOOK_v3.9.0_INTEGRATION_CLOSED,Adapted module prose located by normalised text comparison (score 1.000); original source text retained in this register.
APX-P1490,E,paragraph,P1490,Submit the dossier and prove enrolment,Source Note,"Note. A receipt proves only the state and object it identifies. Preserve the chain from validated scientific file to transmission, dossier verification and enrolment confirmation.",MOVE_TO_DIGITAL_SOURCE_AND_VOLATILITY_REGISTER,NO,ASE/CSIE source and volatility register,YES,BOOK_v3.9.0_INTEGRATION_COMPLETE,companion/07_SUBMISSION_AND_DEFENCE/DC_E_SUBMISSION_AND_DEFENCE.md,line 41,ADAPTED_NARRATIVE_PRESENT,1.000,SOURCE SET RECHECKED 2026-08-23; VOLATILE VALUES NOT FROZEN,DISPOSITION_COMPLETED_IN_BOOK_v3.9.0,COMPANION_MIGRATION_CLOSED; BOOK_v3.9.0_INTEGRATION_CLOSED,Adapted module prose located by normalised text comparison (score 1.000); original source text retained in this register.
APX-P1491,E,paragraph,P1491,Demonstration and fallback,Heading 2,Demonstration and fallback,MIGRATE_SUBSECTION_AND_RETAIN_PRINCIPLE_IF_STABLE,SELECTIVE,DC-E operational section,MIXED,BOOK_v3.9.0_INTEGRATION_COMPLETE,companion/07_SUBMISSION_AND_DEFENCE/DC_E_SUBMISSION_AND_DEFENCE.md,line 43,ADAPTED_NARRATIVE_PRESENT,1.000,SOURCE SET RECHECKED 2026-08-23; VOLATILE VALUES NOT FROZEN,DISPOSITION_COMPLETED_IN_BOOK_v3.9.0,COMPANION_MIGRATION_CLOSED; BOOK_v3.9.0_INTEGRATION_CLOSED,Adapted module prose located by normalised text comparison (score 1.000); original source text retained in this register.
APX-P1492,E,paragraph,P1492,Demonstration and fallback,First Paragraph,"A demonstration is route- and project-dependent. It may be required, permitted, discouraged or unnecessary. Confirm the applicable condition before preparing one. A fallback supports recovery but does not silently replace a live demonstration when the current rules explicitly require live operation. Every performance asset must represent the same release, data state and claim as the frozen record.",MIGRATE_TO_DIGITAL_MODULE,NO_OR_SUMMARY_ONLY,DC-E,YES,BOOK_v3.9.0_INTEGRATION_COMPLETE,companion/07_SUBMISSION_AND_DEFENCE/DC_E_SUBMISSION_AND_DEFENCE.md,line 45,ADAPTED_NARRATIVE_PRESENT,1.000,SOURCE SET RECHECKED 2026-08-23; VOLATILE VALUES NOT FROZEN,DISPOSITION_COMPLETED_IN_BOOK_v3.9.0,COMPANION_MIGRATION_CLOSED; BOOK_v3.9.0_INTEGRATION_CLOSED,Adapted module prose located by normalised text comparison (score 1.000); original source text retained in this register.
APX-P1493,E,paragraph,P1493,Demonstration and fallback,Table Caption,Table E.3. Demonstration and fallback,MIGRATE_TABLE_AS_EDITABLE_RECORD,NO_TABLE,DC-E CSV/DOCX record,MIXED,BOOK_v3.9.0_INTEGRATION_COMPLETE,companion/07_SUBMISSION_AND_DEFENCE/DC_E_SUBMISSION_AND_DEFENCE.md,line 47,ADAPTED_NARRATIVE_PRESENT,1.000,SOURCE SET RECHECKED 2026-08-23; VOLATILE VALUES NOT FROZEN,DISPOSITION_COMPLETED_IN_BOOK_v3.9.0,COMPANION_MIGRATION_CLOSED; BOOK_v3.9.0_INTEGRATION_CLOSED,Adapted module prose located by normalised text comparison (score 1.000); original source text retained in this register.
APX-P1494,E,paragraph,P1494,Demonstration and fallback,Source Note,Note. Operational smoothness is not a scientific result. Demonstration supports access to evidence but cannot strengthen the validated claim or hide a methodological defect.,MOVE_TO_DIGITAL_SOURCE_AND_VOLATILITY_REGISTER,NO,ASE/CSIE source and volatility register,YES,BOOK_v3.9.0_INTEGRATION_COMPLETE,companion/07_SUBMISSION_AND_DEFENCE/DC_E_SUBMISSION_AND_DEFENCE.md,line 51,ADAPTED_NARRATIVE_PRESENT,1.000,SOURCE SET RECHECKED 2026-08-23; VOLATILE VALUES NOT FROZEN,DISPOSITION_COMPLETED_IN_BOOK_v3.9.0,COMPANION_MIGRATION_CLOSED; BOOK_v3.9.0_INTEGRATION_CLOSED,Adapted module prose located by normalised text comparison (score 1.000); original source text retained in this register.
APX-P1495,E,paragraph,P1495,Presentation and accessibility,Heading 2,Presentation and accessibility,MIGRATE_SUBSECTION_AND_RETAIN_PRINCIPLE_IF_STABLE,SELECTIVE,DC-E operational section,MIXED,BOOK_v3.9.0_INTEGRATION_COMPLETE,companion/07_SUBMISSION_AND_DEFENCE/DC_E_SUBMISSION_AND_DEFENCE.md,line 53,ADAPTED_NARRATIVE_PRESENT,1.000,SOURCE SET RECHECKED 2026-08-23; VOLATILE VALUES NOT FROZEN,DISPOSITION_COMPLETED_IN_BOOK_v3.9.0,COMPANION_MIGRATION_CLOSED; BOOK_v3.9.0_INTEGRATION_CLOSED,Adapted module prose located by normalised text comparison (score 1.000); original source text retained in this register.
APX-P1496,E,paragraph,P1496,Presentation and accessibility,First Paragraph,"The presentation is a retrieval interface for the assessed record, not a second manuscript. Build it around the problem, decisive contribution, supporting evidence, boundary that prevents overclaiming and defensible implication. Current route-specific conditions control duration, test structure, room, equipment and permitted aids.",MIGRATE_TO_DIGITAL_MODULE,NO_OR_SUMMARY_ONLY,DC-E,YES,BOOK_v3.9.0_INTEGRATION_COMPLETE,companion/07_SUBMISSION_AND_DEFENCE/DC_E_SUBMISSION_AND_DEFENCE.md,line 55,ADAPTED_NARRATIVE_PRESENT,1.000,SOURCE SET RECHECKED 2026-08-23; VOLATILE VALUES NOT FROZEN,DISPOSITION_COMPLETED_IN_BOOK_v3.9.0,COMPANION_MIGRATION_CLOSED; BOOK_v3.9.0_INTEGRATION_CLOSED,Adapted module prose located by normalised text comparison (score 1.000); original source text retained in this register.
APX-P1497,E,paragraph,P1497,Presentation and accessibility,Table Caption,Table E.4. Presentation and accessibility,MIGRATE_TABLE_AS_EDITABLE_RECORD,NO_TABLE,DC-E CSV/DOCX record,MIXED,BOOK_v3.9.0_INTEGRATION_COMPLETE,companion/07_SUBMISSION_AND_DEFENCE/DC_E_SUBMISSION_AND_DEFENCE.md,line 57,ADAPTED_NARRATIVE_PRESENT,1.000,SOURCE SET RECHECKED 2026-08-23; VOLATILE VALUES NOT FROZEN,DISPOSITION_COMPLETED_IN_BOOK_v3.9.0,COMPANION_MIGRATION_CLOSED; BOOK_v3.9.0_INTEGRATION_CLOSED,Adapted module prose located by normalised text comparison (score 1.000); original source text retained in this register.
APX-P1498,E,paragraph,P1498,Presentation and accessibility,Source Note,"Note. A shorter, legible and evidence-linked deck is preferable to a comprehensive deck that changes the project, conceals uncertainty or cannot be read in the examination environment.",MOVE_TO_DIGITAL_SOURCE_AND_VOLATILITY_REGISTER,NO,ASE/CSIE source and volatility register,MIXED,BOOK_v3.9.0_INTEGRATION_COMPLETE,companion/07_SUBMISSION_AND_DEFENCE/DC_E_SUBMISSION_AND_DEFENCE.md,line 61,ADAPTED_NARRATIVE_PRESENT,1.000,SOURCE SET RECHECKED 2026-08-23; VOLATILE VALUES NOT FROZEN,DISPOSITION_COMPLETED_IN_BOOK_v3.9.0,COMPANION_MIGRATION_CLOSED; BOOK_v3.9.0_INTEGRATION_CLOSED,Adapted module prose located by normalised text comparison (score 1.000); original source text retained in this register.
APX-P1499,E,paragraph,P1499,Oral ownership and hostile questions,Heading 2,Oral ownership and hostile questions,MIGRATE_SUBSECTION_AND_RETAIN_PRINCIPLE_IF_STABLE,SELECTIVE,DC-E operational section,MIXED,BOOK_v3.9.0_INTEGRATION_COMPLETE,companion/07_SUBMISSION_AND_DEFENCE/DC_E_SUBMISSION_AND_DEFENCE.md,line 63,ADAPTED_NARRATIVE_PRESENT,1.000,SOURCE SET RECHECKED 2026-08-23; VOLATILE VALUES NOT FROZEN,DISPOSITION_COMPLETED_IN_BOOK_v3.9.0,COMPANION_MIGRATION_CLOSED; BOOK_v3.9.0_INTEGRATION_CLOSED,Adapted module prose located by normalised text comparison (score 1.000); original source text retained in this register.
APX-P1500,E,paragraph,P1500,Oral ownership and hostile questions,First Paragraph,"The oral examination tests whether the student can retrieve, explain and bound the record under questioning. Memorised fluency is insufficient. A defensible answer normally contains a direct answer, decisive evidence, principal boundary and implication or repair. An honest unknown and a bounded correction are stronger than an invented detail.",MIGRATE_TO_DIGITAL_MODULE,NO_OR_SUMMARY_ONLY,DC-E,MIXED,BOOK_v3.9.0_INTEGRATION_COMPLETE,companion/07_SUBMISSION_AND_DEFENCE/DC_E_SUBMISSION_AND_DEFENCE.md,line 65,ADAPTED_NARRATIVE_PRESENT,1.000,SOURCE SET RECHECKED 2026-08-23; VOLATILE VALUES NOT FROZEN,DISPOSITION_COMPLETED_IN_BOOK_v3.9.0,COMPANION_MIGRATION_CLOSED; BOOK_v3.9.0_INTEGRATION_CLOSED,Adapted module prose located by normalised text comparison (score 1.000); original source text retained in this register.
APX-P1501,E,paragraph,P1501,Oral ownership and hostile questions,Table Caption,Table E.5. Oral ownership and hostile questions,MIGRATE_TABLE_AS_EDITABLE_RECORD,NO_TABLE,DC-E CSV/DOCX record,MIXED,BOOK_v3.9.0_INTEGRATION_COMPLETE,companion/07_SUBMISSION_AND_DEFENCE/DC_E_SUBMISSION_AND_DEFENCE.md,line 67,ADAPTED_NARRATIVE_PRESENT,1.000,SOURCE SET RECHECKED 2026-08-23; VOLATILE VALUES NOT FROZEN,DISPOSITION_COMPLETED_IN_BOOK_v3.9.0,COMPANION_MIGRATION_CLOSED; BOOK_v3.9.0_INTEGRATION_CLOSED,Adapted module prose located by normalised text comparison (score 1.000); original source text retained in this register.
APX-P1502,E,paragraph,P1502,Oral ownership and hostile questions,Source Note,Note. A polished answer that exceeds the validated record is a failure of ownership. Rehearsal is useful only when the student can adapt the answer and retrieve the underlying evidence.,MOVE_TO_DIGITAL_SOURCE_AND_VOLATILITY_REGISTER,NO,ASE/CSIE source and volatility register,YES,BOOK_v3.9.0_INTEGRATION_COMPLETE,companion/07_SUBMISSION_AND_DEFENCE/DC_E_SUBMISSION_AND_DEFENCE.md,line 71,ADAPTED_NARRATIVE_PRESENT,1.000,SOURCE SET RECHECKED 2026-08-23; VOLATILE VALUES NOT FROZEN,DISPOSITION_COMPLETED_IN_BOOK_v3.9.0,COMPANION_MIGRATION_CLOSED; BOOK_v3.9.0_INTEGRATION_CLOSED,Adapted module prose located by normalised text comparison (score 1.000); original source text retained in this register.
APX-P1503,E,paragraph,P1503,"Defence day, incident response and closeout",Heading 2,"Defence day, incident response and closeout",MIGRATE_SUBSECTION_AND_RETAIN_PRINCIPLE_IF_STABLE,SELECTIVE,DC-E operational section,MIXED,BOOK_v3.9.0_INTEGRATION_COMPLETE,companion/07_SUBMISSION_AND_DEFENCE/DC_E_SUBMISSION_AND_DEFENCE.md,line 73,ADAPTED_NARRATIVE_PRESENT,1.000,SOURCE SET RECHECKED 2026-08-23; VOLATILE VALUES NOT FROZEN,DISPOSITION_COMPLETED_IN_BOOK_v3.9.0,COMPANION_MIGRATION_CLOSED; BOOK_v3.9.0_INTEGRATION_CLOSED,Adapted module prose located by normalised text comparison (score 1.000); original source text retained in this register.
APX-P1504,E,paragraph,P1504,"Defence day, incident response and closeout",First Paragraph,"Defence day should contain no unresolved scientific choice. It is an execution and retrieval event under the current official conditions. Closeout begins immediately afterwards: retain the examined state, official communications and authorised corrections while preserving the separation between restricted evidence and any later public release.",REINTEGRATE_STABLE_PRINCIPLE_AND_MIGRATE_OPERATIONAL_DETAIL,YES_SELECTIVE,Chapter 9 plus DC-E,MIXED,BOOK_v3.9.0_INTEGRATION_COMPLETE,companion/07_SUBMISSION_AND_DEFENCE/DC_E_SUBMISSION_AND_DEFENCE.md,line 75,ADAPTED_NARRATIVE_PRESENT,1.000,SOURCE SET RECHECKED 2026-08-23; VOLATILE VALUES NOT FROZEN,DISPOSITION_COMPLETED_IN_BOOK_v3.9.0,COMPANION_MIGRATION_CLOSED; BOOK_v3.9.0_INTEGRATION_CLOSED,Adapted module prose located by normalised text comparison (score 1.000); original source text retained in this register.
APX-P1505,E,paragraph,P1505,"Defence day, incident response and closeout",Table Caption,"Table E.6. Defence day, incident response and closeout",MIGRATE_TABLE_AS_EDITABLE_RECORD,NO_TABLE,DC-E CSV/DOCX record,MIXED,BOOK_v3.9.0_INTEGRATION_COMPLETE,companion/07_SUBMISSION_AND_DEFENCE/DC_E_SUBMISSION_AND_DEFENCE.md,line 77,ADAPTED_NARRATIVE_PRESENT,1.000,SOURCE SET RECHECKED 2026-08-23; VOLATILE VALUES NOT FROZEN,DISPOSITION_COMPLETED_IN_BOOK_v3.9.0,COMPANION_MIGRATION_CLOSED; BOOK_v3.9.0_INTEGRATION_CLOSED,Adapted module prose located by normalised text comparison (score 1.000); original source text retained in this register.
APX-P1506,E,paragraph,P1506,"Defence day, incident response and closeout",Source Note,"Note. Do not overwrite the state that was examined. Later correction, publisher production and public release are separate controlled transitions with their own authority, evidence and rights decision.",MOVE_TO_DIGITAL_SOURCE_AND_VOLATILITY_REGISTER,NO,ASE/CSIE source and volatility register,MIXED,BOOK_v3.9.0_INTEGRATION_COMPLETE,companion/07_SUBMISSION_AND_DEFENCE/DC_E_SUBMISSION_AND_DEFENCE.md,line 81,ADAPTED_NARRATIVE_PRESENT,1.000,SOURCE SET RECHECKED 2026-08-23; VOLATILE VALUES NOT FROZEN,DISPOSITION_COMPLETED_IN_BOOK_v3.9.0,COMPANION_MIGRATION_CLOSED; BOOK_v3.9.0_INTEGRATION_CLOSED,Adapted module prose located by normalised text comparison (score 1.000); original source text retained in this register.
APX-P1507,E,paragraph,P1507,Final readiness decision,Heading 2,Final readiness decision,MIGRATE_SUBSECTION_AND_RETAIN_PRINCIPLE_IF_STABLE,SELECTIVE,DC-E operational section,MIXED,BOOK_v3.9.0_INTEGRATION_COMPLETE,companion/07_SUBMISSION_AND_DEFENCE/DC_E_SUBMISSION_AND_DEFENCE.md,line 83,ADAPTED_NARRATIVE_PRESENT,1.000,SOURCE SET RECHECKED 2026-08-23; VOLATILE VALUES NOT FROZEN,DISPOSITION_COMPLETED_IN_BOOK_v3.9.0,COMPANION_MIGRATION_CLOSED; BOOK_v3.9.0_INTEGRATION_CLOSED,Adapted module prose located by normalised text comparison (score 1.000); original source text retained in this register.
APX-P1508,E,paragraph,P1508,Final readiness decision,First Paragraph,"Record PASS only when every Class M item and activated Class C item is ticked, no required value remains PENDING or CONFLICT and every Class R exception is named, justified and accepted by the responsible person. A page of ticks is insufficient if the cited evidence cannot be retrieved or if the check used a different scientific state.",REINTEGRATE_STABLE_PRINCIPLE_AND_MIGRATE_OPERATIONAL_DETAIL,YES_SELECTIVE,Chapter 9 plus DC-E,MIXED,BOOK_v3.9.0_INTEGRATION_COMPLETE,companion/07_SUBMISSION_AND_DEFENCE/DC_E_SUBMISSION_AND_DEFENCE.md,line 85,ADAPTED_NARRATIVE_PRESENT,1.000,SOURCE SET RECHECKED 2026-08-23; VOLATILE VALUES NOT FROZEN,DISPOSITION_COMPLETED_IN_BOOK_v3.9.0,COMPANION_MIGRATION_CLOSED; BOOK_v3.9.0_INTEGRATION_CLOSED,Adapted module prose located by normalised text comparison (score 1.000); original source text retained in this register.
APX-P1509,E,paragraph,P1509,Final readiness decision,Body Text,"Block submission or return to the responsible gate when the dossier is incomplete, enrolment is unconfirmed, official instructions remain unresolved, the examination copy differs scientifically from the validated work, a mandatory declaration is absent or inaccurate, protected information is exposed, a required demonstration is unsafe or unavailable, hidden generative answer support is planned or the student cannot explain the principal claim and decisive evidence.",MIGRATE_TO_DIGITAL_MODULE,NO_OR_SUMMARY_ONLY,DC-E,YES,BOOK_v3.9.0_INTEGRATION_COMPLETE,companion/07_SUBMISSION_AND_DEFENCE/DC_E_SUBMISSION_AND_DEFENCE.md,line 87,ADAPTED_NARRATIVE_PRESENT,1.000,SOURCE SET RECHECKED 2026-08-23; VOLATILE VALUES NOT FROZEN,DISPOSITION_COMPLETED_IN_BOOK_v3.9.0,COMPANION_MIGRATION_CLOSED; BOOK_v3.9.0_INTEGRATION_CLOSED,Adapted module prose located by normalised text comparison (score 1.000); original source text retained in this register.
APX-P1510,E,paragraph,P1510,Final readiness decision,Body Text,"A local formatting defect may be repaired locally. A scientific discrepancy cannot. Return an altered dataset or corpus, changed result, unsupported conclusion or non-reproducible method to the earliest gate that could have prevented it, then repeat every downstream check affected by the repair. Defence readiness authorises presentation of one verified record under current rules. It does not predict the mark and does not authorise public release.",MIGRATE_TO_DIGITAL_MODULE,NO_OR_SUMMARY_ONLY,DC-E,YES,BOOK_v3.9.0_INTEGRATION_COMPLETE,companion/07_SUBMISSION_AND_DEFENCE/DC_E_SUBMISSION_AND_DEFENCE.md,line 89,ADAPTED_NARRATIVE_PRESENT,1.000,SOURCE SET RECHECKED 2026-08-23; VOLATILE VALUES NOT FROZEN,DISPOSITION_COMPLETED_IN_BOOK_v3.9.0,COMPANION_MIGRATION_CLOSED; BOOK_v3.9.0_INTEGRATION_CLOSED,Adapted module prose located by normalised text comparison (score 1.000); original source text retained in this register.
APX-P1511,E,paragraph,P1511,Final readiness decision,Source Note,Note. Source codes E1–E8 are resolved in the Appendix source-code concordance under References. The source set was checked on 21 August 2026. Recheck all eight before operational use; the latest competent instruction prevails whenever the source set has changed.,MOVE_TO_DIGITAL_SOURCE_AND_VOLATILITY_REGISTER,NO,ASE/CSIE source and volatility register,YES,BOOK_v3.9.0_INTEGRATION_COMPLETE,companion/07_SUBMISSION_AND_DEFENCE/DC_E_SUBMISSION_AND_DEFENCE.md,line 91,ADAPTED_NARRATIVE_PRESENT,0.995,SOURCE SET RECHECKED 2026-08-23; VOLATILE VALUES NOT FROZEN,DISPOSITION_COMPLETED_IN_BOOK_v3.9.0,COMPANION_MIGRATION_CLOSED; BOOK_v3.9.0_INTEGRATION_CLOSED,Adapted module prose located by normalised text comparison (score 0.995); original source text retained in this register.
APX-T29-R00,A,table_header,Table A.1 row 0,Table A.1,Table Header,column_1 = Mandatory or conditional official requirement || column_2 = Recommended control,CREATE_SCHEMA_AND_COLUMN_DICTIONARY,NO_TABLE; RETAIN ONLY THE STABLE PRINCIPLE WHERE REQUIRED,companion/08_INSTITUTIONAL_LINKS/ASE_CSIE/A1_REQUIREMENTS_AND_RECOMMENDATIONS.csv,MIXED,BOOK_v3.9.0_INTEGRATION_COMPLETE,companion/08_INSTITUTIONAL_LINKS/A1_QUICK_GUIDE_TO_OFFICIAL_OBLIGATIONS_AND_AUTHORIAL_CONTROLS.csv,header row (row 0),SCHEMA_HEADER_PRESENT,1.000,SOURCE SET RECHECKED 2026-08-23; VOLATILE VALUES NOT FROZEN,DISPOSITION_COMPLETED_IN_BOOK_v3.9.0,COMPANION_MIGRATION_CLOSED; BOOK_v3.9.0_INTEGRATION_CLOSED,Controlled CSV row 0 exists and normalised source-to-companion content comparison scored 1.000; source-date and source-code updates are governed by Phase 14C registers.
APX-T29-R01,A,table_row,Table A.1 row 1,Table A.1,Table Row,"Mandatory or conditional official requirement = Authority and route. Mandatory. Use the regulation in force, the current faculty or programme instruction, the current official form and any valid written decision that operates within that hierarchy. Keep the bachelor’s and master’s routes separate. Where official sources appear inconsistent, pause the affected action and obtain written clarification rather than selecting the most convenient route. [Authority: A1–A2 and A4–A7. Verified 21 August 2026.] || Recommended control = Authority and route. Recommended. Save a dated copy or screenshot of the controlling source set and record which authority governed each consequential action. Recheck the set immediately before acting.",MIGRATE_AS_EDITABLE_RECORD_ROW,NO_TABLE_ROW; REINTEGRATE ONLY THE STABLE PRINCIPLE WHERE REQUIRED,companion/08_INSTITUTIONAL_LINKS/ASE_CSIE/A1_REQUIREMENTS_AND_RECOMMENDATIONS.csv,MIXED,BOOK_v3.9.0_INTEGRATION_COMPLETE,companion/08_INSTITUTIONAL_LINKS/A1_QUICK_GUIDE_TO_OFFICIAL_OBLIGATIONS_AND_AUTHORIAL_CONTROLS.csv,data row 1,EDITABLE_ROW_PRESENT,1.000,SOURCE SET RECHECKED 2026-08-23; VOLATILE VALUES NOT FROZEN,DISPOSITION_COMPLETED_IN_BOOK_v3.9.0,COMPANION_MIGRATION_CLOSED; BOOK_v3.9.0_INTEGRATION_CLOSED,Controlled CSV row 1 exists and normalised source-to-companion content comparison scored 1.000; source-date and source-code updates are governed by Phase 14C registers.
APX-T29-R02,A,table_row,Table A.1 row 2,Table A.1,Table Row,"Mandatory or conditional official requirement = Topic, title and supervisor. Mandatory. A bachelor’s candidate must have an approved topic and supervisor at least eight months before the examination. A master’s candidate must have them at least six months before the examination. Follow the current faculty route for selection and approval. [Authority: A1, Arts 6 and 9; A2, Arts 6 and 9; A4–A5. Verified 21 August 2026.] Conditional. A title change requires the prescribed request, endorsements and approval, must remain within the initial thematic frame and must be requested at least two months before the examination. [Authority: A1, Art. 9; A2, Art. 9. Verified 21 August 2026.] || Recommended control = Topic, title and supervisor. Recommended. Freeze a one-page scope statement containing the problem, research question, intended evidence, contribution boundary, access assumptions and principal risks before treating the title as stable.",MIGRATE_AS_EDITABLE_RECORD_ROW,NO_TABLE_ROW; REINTEGRATE ONLY THE STABLE PRINCIPLE WHERE REQUIRED,companion/08_INSTITUTIONAL_LINKS/ASE_CSIE/A1_REQUIREMENTS_AND_RECOMMENDATIONS.csv,MIXED,BOOK_v3.9.0_INTEGRATION_COMPLETE,companion/08_INSTITUTIONAL_LINKS/A1_QUICK_GUIDE_TO_OFFICIAL_OBLIGATIONS_AND_AUTHORIAL_CONTROLS.csv,data row 2,EDITABLE_ROW_PRESENT,1.000,SOURCE SET RECHECKED 2026-08-23; VOLATILE VALUES NOT FROZEN,DISPOSITION_COMPLETED_IN_BOOK_v3.9.0,COMPANION_MIGRATION_CLOSED; BOOK_v3.9.0_INTEGRATION_CLOSED,Controlled CSV row 2 exists and normalised source-to-companion content comparison scored 1.000; source-date and source-code updates are governed by Phase 14C registers.
APX-T29-R03,A,table_row,Table A.1 row 3,Table A.1,Table Row,"Mandatory or conditional official requirement = Supervision and progress. Mandatory. Present the work to the supervisor at successive stages and follow the current official timetable for topic selection and similarity review. Missing those timetable requirements can make the candidate ineligible for that session. [Authority: A1, Arts 5–7; A2, Arts 5–7; A4–A6. Verified 21 August 2026.] || Recommended control = Supervision and progress. Recommended. Maintain a dated meeting log, decision register and change record. After each material change, identify which claims, methods, artefacts and declarations must also be revised.",MIGRATE_AS_EDITABLE_RECORD_ROW,NO_TABLE_ROW; REINTEGRATE ONLY THE STABLE PRINCIPLE WHERE REQUIRED,companion/08_INSTITUTIONAL_LINKS/ASE_CSIE/A1_REQUIREMENTS_AND_RECOMMENDATIONS.csv,MIXED,BOOK_v3.9.0_INTEGRATION_COMPLETE,companion/08_INSTITUTIONAL_LINKS/A1_QUICK_GUIDE_TO_OFFICIAL_OBLIGATIONS_AND_AUTHORIAL_CONTROLS.csv,data row 3,EDITABLE_ROW_PRESENT,1.000,SOURCE SET RECHECKED 2026-08-23; VOLATILE VALUES NOT FROZEN,DISPOSITION_COMPLETED_IN_BOOK_v3.9.0,COMPANION_MIGRATION_CLOSED; BOOK_v3.9.0_INTEGRATION_CLOSED,Controlled CSV row 3 exists and normalised source-to-companion content comparison scored 1.000; source-date and source-code updates are governed by Phase 14C registers.
APX-T29-R04,A,table_row,Table A.1 row 4,Table A.1,Table Row,"Mandatory or conditional official requirement = Manuscript scope and content. Mandatory. A bachelor’s thesis may have a maximum of 40 A4 pages. A master’s dissertation may have a maximum of 50 A4 pages. Each must include the state of knowledge, research methodology, personal contributions and a bibliography; the master’s regulation specifies a selective bibliography. The content must be original. Current local instructions may further specify layout and the treatment of annexes. [Authority: A1, Art. 12; A2, Art. 14. Verified 21 August 2026.] || Recommended control = Manuscript scope and content. Recommended. Treat the page limit as a ceiling, not a target. Use a claim–evidence map to remove material that neither answers the question nor supports the contribution. Verify locally whether annexes are included in the limit.",MIGRATE_AS_EDITABLE_RECORD_ROW,NO_TABLE_ROW; REINTEGRATE ONLY THE STABLE PRINCIPLE WHERE REQUIRED,companion/08_INSTITUTIONAL_LINKS/ASE_CSIE/A1_REQUIREMENTS_AND_RECOMMENDATIONS.csv,MIXED,BOOK_v3.9.0_INTEGRATION_COMPLETE,companion/08_INSTITUTIONAL_LINKS/A1_QUICK_GUIDE_TO_OFFICIAL_OBLIGATIONS_AND_AUTHORIAL_CONTROLS.csv,data row 4,EDITABLE_ROW_PRESENT,1.000,SOURCE SET RECHECKED 2026-08-23; VOLATILE VALUES NOT FROZEN,DISPOSITION_COMPLETED_IN_BOOK_v3.9.0,COMPANION_MIGRATION_CLOSED; BOOK_v3.9.0_INTEGRATION_CLOSED,Controlled CSV row 4 exists and normalised source-to-companion content comparison scored 1.000; source-date and source-code updates are governed by Phase 14C registers.
APX-T29-R05,A,table_row,Table A.1 row 5,Table A.1,Table Row,"Mandatory or conditional official requirement = Research integrity, data and rights. Mandatory. Submit original work and do not present copied, purchased or falsified work under false authorship. Do not use generative AI to fabricate research data or conceal plagiarism. Do not transmit personal, internal, unpublished research or confidential information to external, public or institutionally unvalidated generative-AI tools. [Authority: A1, Art. 12(2) and (5)–(7); A2, Art. 14(2) and (5)–(7); A3, §§3 and 6.2. Verified 21 August 2026.] || Recommended control = Research integrity, data and rights. Recommended. Retain provenance, consent, licence and permission evidence for every non-original object. Separate the right to examine a work from any right to publish or redistribute it.",MIGRATE_AS_EDITABLE_RECORD_ROW,NO_TABLE_ROW; REINTEGRATE ONLY THE STABLE PRINCIPLE WHERE REQUIRED,companion/08_INSTITUTIONAL_LINKS/ASE_CSIE/A1_REQUIREMENTS_AND_RECOMMENDATIONS.csv,MIXED,BOOK_v3.9.0_INTEGRATION_COMPLETE,companion/08_INSTITUTIONAL_LINKS/A1_QUICK_GUIDE_TO_OFFICIAL_OBLIGATIONS_AND_AUTHORIAL_CONTROLS.csv,data row 5,EDITABLE_ROW_PRESENT,1.000,SOURCE SET RECHECKED 2026-08-23; VOLATILE VALUES NOT FROZEN,DISPOSITION_COMPLETED_IN_BOOK_v3.9.0,COMPANION_MIGRATION_CLOSED; BOOK_v3.9.0_INTEGRATION_CLOSED,Controlled CSV row 5 exists and normalised source-to-companion content comparison scored 1.000; source-date and source-code updates are governed by Phase 14C registers.
APX-T29-R06,A,table_row,Table A.1 row 6,Table A.1,Table Row,"Mandatory or conditional official requirement = Generative AI. Mandatory. Declare whether generative AI was used. For a final degree work, insert the current official declaration immediately after Contents and submit a separate copy bearing a handwritten signature at registration. Disclose substantial use, critically evaluate every output, verify facts, sources and references and retain responsibility for the final content. A generative-AI tool cannot be listed as an author. [Authority: A3, §§3, 4.3, 5.2, 6.1, 6.3 and 8; A4–A5. Verified 21 August 2026.] || Recommended control = Generative AI. Recommended. Maintain a TRACE record of the tool, purpose, relevant input and output, verification, retained change and date. Do not treat fluent wording, generated references or executable-looking code as verified evidence.",MIGRATE_AS_EDITABLE_RECORD_ROW,NO_TABLE_ROW; REINTEGRATE ONLY THE STABLE PRINCIPLE WHERE REQUIRED,companion/08_INSTITUTIONAL_LINKS/ASE_CSIE/A1_REQUIREMENTS_AND_RECOMMENDATIONS.csv,MIXED,BOOK_v3.9.0_INTEGRATION_COMPLETE,companion/08_INSTITUTIONAL_LINKS/A1_QUICK_GUIDE_TO_OFFICIAL_OBLIGATIONS_AND_AUTHORIAL_CONTROLS.csv,data row 6,EDITABLE_ROW_PRESENT,1.000,SOURCE SET RECHECKED 2026-08-23; VOLATILE VALUES NOT FROZEN,DISPOSITION_COMPLETED_IN_BOOK_v3.9.0,COMPANION_MIGRATION_CLOSED; BOOK_v3.9.0_INTEGRATION_CLOSED,Controlled CSV row 6 exists and normalised source-to-companion content comparison scored 1.000; source-date and source-code updates are governed by Phase 14C registers.
APX-T29-R07,A,table_row,Table A.1 row 7,Table A.1,Table Row,"Mandatory or conditional official requirement = Version identity. Mandatory. The file uploaded for similarity checking, the complete copy sent through the current departmental channel and the copy presented to the examination committee must have the same content. The final title must match the approved title and current institutional records. [Authority: A1, Art. 5(3); A2, Art. 5(3); A4–A5. Verified 21 August 2026.] || Recommended control = Version identity. Recommended. Create one release candidate, assign a version and SHA-256 digest, then generate every required derivative from that frozen source. Compare text, figures, tables, references and declarations before dispatch.",MIGRATE_AS_EDITABLE_RECORD_ROW,NO_TABLE_ROW; REINTEGRATE ONLY THE STABLE PRINCIPLE WHERE REQUIRED,companion/08_INSTITUTIONAL_LINKS/ASE_CSIE/A1_REQUIREMENTS_AND_RECOMMENDATIONS.csv,MIXED,BOOK_v3.9.0_INTEGRATION_COMPLETE,companion/08_INSTITUTIONAL_LINKS/A1_QUICK_GUIDE_TO_OFFICIAL_OBLIGATIONS_AND_AUTHORIAL_CONTROLS.csv,data row 7,EDITABLE_ROW_PRESENT,1.000,SOURCE SET RECHECKED 2026-08-23; VOLATILE VALUES NOT FROZEN,DISPOSITION_COMPLETED_IN_BOOK_v3.9.0,COMPANION_MIGRATION_CLOSED; BOOK_v3.9.0_INTEGRATION_CLOSED,Controlled CSV row 7 exists and normalised source-to-companion content comparison scored 1.000; source-date and source-code updates are governed by Phase 14C registers.
APX-T29-R08,A,table_row,Table A.1 row 8,Table A.1,Table Row,"Mandatory or conditional official requirement = Similarity review. Mandatory. Every ASE bachelor’s thesis and master’s dissertation is checked before defence. Upload within the official window and obtain the supervisor’s formal admission or rejection decision. The 30% and 5% coefficients are recommended alert levels, not automatic findings of plagiarism; the supervisor must analyse the report. [Authority: A1, Art. 5(4)–(5) and Art. 12(4); A2, Art. 5(4)–(5) and Art. 14(4); A6. Verified 21 August 2026.] || Recommended control = Similarity review. Recommended. Inspect the report at passage level. Repair attribution, quotation, paraphrase and source-record defects rather than optimising mechanically for a percentage.",MIGRATE_AS_EDITABLE_RECORD_ROW,NO_TABLE_ROW; REINTEGRATE ONLY THE STABLE PRINCIPLE WHERE REQUIRED,companion/08_INSTITUTIONAL_LINKS/ASE_CSIE/A1_REQUIREMENTS_AND_RECOMMENDATIONS.csv,MIXED,BOOK_v3.9.0_INTEGRATION_COMPLETE,companion/08_INSTITUTIONAL_LINKS/A1_QUICK_GUIDE_TO_OFFICIAL_OBLIGATIONS_AND_AUTHORIAL_CONTROLS.csv,data row 8,EDITABLE_ROW_PRESENT,1.000,SOURCE SET RECHECKED 2026-08-23; VOLATILE VALUES NOT FROZEN,DISPOSITION_COMPLETED_IN_BOOK_v3.9.0,COMPANION_MIGRATION_CLOSED; BOOK_v3.9.0_INTEGRATION_CLOSED,Controlled CSV row 8 exists and normalised source-to-companion content comparison scored 1.000; source-date and source-code updates are governed by Phase 14C registers.
APX-T29-R09,A,table_row,Table A.1 row 9,Table A.1,Table Row,"Mandatory or conditional official requirement = Registration file. Mandatory. Register only after the work has passed the required upload, review and confirmation steps. Use the current application and declarations, provide the current supporting evidence and preserve confirmation of receipt or registration. Incomplete files are not accepted. Exact documents, signatures, channels, filenames, fees and physical locations are session-specific. [Authority: A1, Art. 5; A2, Art. 5; A4–A6. Verified 21 August 2026.] || Recommended control = Registration file. Recommended. Build the file from the live official checklist, not from a previous cohort’s folder. Run an independent completeness check against the current source on the day of submission.",MIGRATE_AS_EDITABLE_RECORD_ROW,NO_TABLE_ROW; REINTEGRATE ONLY THE STABLE PRINCIPLE WHERE REQUIRED,companion/08_INSTITUTIONAL_LINKS/ASE_CSIE/A1_REQUIREMENTS_AND_RECOMMENDATIONS.csv,MIXED,BOOK_v3.9.0_INTEGRATION_COMPLETE,companion/08_INSTITUTIONAL_LINKS/A1_QUICK_GUIDE_TO_OFFICIAL_OBLIGATIONS_AND_AUTHORIAL_CONTROLS.csv,data row 9,EDITABLE_ROW_PRESENT,1.000,SOURCE SET RECHECKED 2026-08-23; VOLATILE VALUES NOT FROZEN,DISPOSITION_COMPLETED_IN_BOOK_v3.9.0,COMPANION_MIGRATION_CLOSED; BOOK_v3.9.0_INTEGRATION_CLOSED,Controlled CSV row 9 exists and normalised source-to-companion content comparison scored 1.000; source-date and source-code updates are governed by Phase 14C registers.
APX-T29-R10,A,table_row,Table A.1 row 10,Table A.1,Table Row,"Mandatory or conditional official requirement = Defence route. Mandatory. The bachelor’s examination has two separately marked oral tests, each limited to 15 minutes under the current regulation: fundamental and specialist knowledge, then presentation and defence of the thesis. The final average must be at least 6.00 and each test at least 5. The master’s examination has one public oral presentation and defence, with a final average of at least 6.00; the cited regulation does not prescribe a universal presentation duration. [Authority: A1, Arts 8 and 11; A2, Arts 8 and 11; A4–A5. Verified 21 August 2026.] || Recommended control = Defence route. Recommended. Prepare a claim-centred presentation and rehearse a short answer to each predictable challenge: question, method, evidence, contribution, limitation, ethics, AI use and reproducibility.",MIGRATE_AS_EDITABLE_RECORD_ROW,NO_TABLE_ROW; REINTEGRATE ONLY THE STABLE PRINCIPLE WHERE REQUIRED,companion/08_INSTITUTIONAL_LINKS/ASE_CSIE/A1_REQUIREMENTS_AND_RECOMMENDATIONS.csv,MIXED,BOOK_v3.9.0_INTEGRATION_COMPLETE,companion/08_INSTITUTIONAL_LINKS/A1_QUICK_GUIDE_TO_OFFICIAL_OBLIGATIONS_AND_AUTHORIAL_CONTROLS.csv,data row 10,EDITABLE_ROW_PRESENT,1.000,SOURCE SET RECHECKED 2026-08-23; VOLATILE VALUES NOT FROZEN,DISPOSITION_COMPLETED_IN_BOOK_v3.9.0,COMPANION_MIGRATION_CLOSED; BOOK_v3.9.0_INTEGRATION_CLOSED,Controlled CSV row 10 exists and normalised source-to-companion content comparison scored 1.000; source-date and source-code updates are governed by Phase 14C registers.
APX-T29-R11,A,table_row,Table A.1 row 11,Table A.1,Table Row,"Mandatory or conditional official requirement = Exceptional or previous-cohort route. Conditional. Where an officially defined trigger applies — for example a previous cohort, an expired institutional account, a title or supervisor change or another programme-specific exception — follow the route and evidence prescribed for that status. Do not reuse a current-cohort or prior-session package by analogy. [Authority: A1, Arts 5 and 9; A2, Arts 5 and 9; A4–A6. Verified 21 August 2026.] || Recommended control = Exceptional or previous-cohort route. Recommended. Open a conditional-case record naming the trigger, owner, written decision, deadline and affected artefacts. Close it only when the supporting evidence has been retained.",MIGRATE_AS_EDITABLE_RECORD_ROW,NO_TABLE_ROW; REINTEGRATE ONLY THE STABLE PRINCIPLE WHERE REQUIRED,companion/08_INSTITUTIONAL_LINKS/ASE_CSIE/A1_REQUIREMENTS_AND_RECOMMENDATIONS.csv,MIXED,BOOK_v3.9.0_INTEGRATION_COMPLETE,companion/08_INSTITUTIONAL_LINKS/A1_QUICK_GUIDE_TO_OFFICIAL_OBLIGATIONS_AND_AUTHORIAL_CONTROLS.csv,data row 11,EDITABLE_ROW_PRESENT,1.000,SOURCE SET RECHECKED 2026-08-23; VOLATILE VALUES NOT FROZEN,DISPOSITION_COMPLETED_IN_BOOK_v3.9.0,COMPANION_MIGRATION_CLOSED; BOOK_v3.9.0_INTEGRATION_CLOSED,Controlled CSV row 11 exists and normalised source-to-companion content comparison scored 1.000; source-date and source-code updates are governed by Phase 14C registers.
APX-T30-R00,B,table_header,Table B.1 row 0,Table B.1,Table Header,column_1 = Stage and gate || column_2 = Bachelor’s thesis: official route || column_3 = Master’s dissertation: official route,CREATE_SCHEMA_AND_COLUMN_DICTIONARY,NO_TABLE; RETAIN ONLY THE STABLE PRINCIPLE WHERE REQUIRED,companion/08_INSTITUTIONAL_LINKS/ASE_CSIE/B1_OFFICIAL_PROCESS_BY_ROUTE.csv,YES,BOOK_v3.9.0_INTEGRATION_COMPLETE,companion/08_INSTITUTIONAL_LINKS/B1_CHRONOLOGICAL_OFFICIAL_PROCESS_BY_ROUTE.csv,header row (row 0),SCHEMA_HEADER_PRESENT,1.000,SOURCE SET RECHECKED 2026-08-23; VOLATILE VALUES NOT FROZEN,DISPOSITION_COMPLETED_IN_BOOK_v3.9.0,COMPANION_MIGRATION_CLOSED; BOOK_v3.9.0_INTEGRATION_CLOSED,Controlled CSV row 0 exists and normalised source-to-companion content comparison scored 1.000; source-date and source-code updates are governed by Phase 14C registers.
APX-T30-R01,B,table_row,Table B.1 row 1,Table B.1,Table Row,"Stage and gate = 1. Establish route and authority || Bachelor’s thesis: official route = Mandatory. Confirm programme, candidate status and session, including whether the route concerns the current cohort, a previous cohort, an additional year, mobility or another institution. Use the bachelor’s regulation plus the current ASE and CSIE source set. Recommended. Save the dated authority record before relying on an operational instruction. Authority: B1, B4, B5, B7 and B10. || Master’s dissertation: official route = Mandatory. Confirm programme, candidate status and session, including whether the route concerns the current cohort, a previous cohort, an additional year, mobility or another institution. Use the master’s regulation plus the current ASE and CSIE source set. Recommended. Save the dated authority record before relying on an operational instruction. Authority: B2, B4, B6, B8 and B10.",MIGRATE_AS_EDITABLE_RECORD_ROW,NO_TABLE_ROW; REINTEGRATE ONLY THE STABLE PRINCIPLE WHERE REQUIRED,companion/08_INSTITUTIONAL_LINKS/ASE_CSIE/B1_OFFICIAL_PROCESS_BY_ROUTE.csv,YES,BOOK_v3.9.0_INTEGRATION_COMPLETE,companion/08_INSTITUTIONAL_LINKS/B1_CHRONOLOGICAL_OFFICIAL_PROCESS_BY_ROUTE.csv,data row 1,EDITABLE_ROW_PRESENT,0.985,SOURCE SET RECHECKED 2026-08-23; VOLATILE VALUES NOT FROZEN,DISPOSITION_COMPLETED_IN_BOOK_v3.9.0,COMPANION_MIGRATION_CLOSED; BOOK_v3.9.0_INTEGRATION_CLOSED,Controlled CSV row 1 exists and normalised source-to-companion content comparison scored 0.985; source-date and source-code updates are governed by Phase 14C registers.
APX-T30-R02,B,table_row,Table B.1 row 2,Table B.1,Table Row,"Stage and gate = 2. Approve topic and supervisor || Bachelor’s thesis: official route = Mandatory. Obtain approval of the topic and scientific supervisor at least eight months before the examination, using the route and deadline in force. Recommended. Retain the approved title, supervisor identity, approval date and controlling source. Authority: B1 and B4. || Master’s dissertation: official route = Mandatory. Obtain approval of the topic and scientific supervisor at least six months before the examination, using the route and deadline in force. Recommended. Retain the approved title, supervisor identity, approval date and controlling source. Authority: B2 and B4.",MIGRATE_AS_EDITABLE_RECORD_ROW,NO_TABLE_ROW; REINTEGRATE ONLY THE STABLE PRINCIPLE WHERE REQUIRED,companion/08_INSTITUTIONAL_LINKS/ASE_CSIE/B1_OFFICIAL_PROCESS_BY_ROUTE.csv,YES,BOOK_v3.9.0_INTEGRATION_COMPLETE,companion/08_INSTITUTIONAL_LINKS/B1_CHRONOLOGICAL_OFFICIAL_PROCESS_BY_ROUTE.csv,data row 2,EDITABLE_ROW_PRESENT,1.000,SOURCE SET RECHECKED 2026-08-23; VOLATILE VALUES NOT FROZEN,DISPOSITION_COMPLETED_IN_BOOK_v3.9.0,COMPANION_MIGRATION_CLOSED; BOOK_v3.9.0_INTEGRATION_CLOSED,Controlled CSV row 2 exists and normalised source-to-companion content comparison scored 1.000; source-date and source-code updates are governed by Phase 14C registers.
APX-T30-R03,B,table_row,Table B.1 row 3,Table B.1,Table Row,"Stage and gate = 3. Work under documented supervision || Bachelor’s thesis: official route = Mandatory. Develop the work under scientific supervision and comply with valid departmental and supervisor instructions. Recommended. Maintain a dated decision log, meeting record and evidence register so that scope changes, approvals and unresolved issues remain traceable. Authority: B1. || Master’s dissertation: official route = Mandatory. Develop the work under scientific supervision and comply with valid departmental and supervisor instructions. Recommended. Maintain a dated decision log, meeting record and evidence register so that scope changes, approvals and unresolved issues remain traceable. Authority: B2.",MIGRATE_AS_EDITABLE_RECORD_ROW,NO_TABLE_ROW; REINTEGRATE ONLY THE STABLE PRINCIPLE WHERE REQUIRED,companion/08_INSTITUTIONAL_LINKS/ASE_CSIE/B1_OFFICIAL_PROCESS_BY_ROUTE.csv,YES,BOOK_v3.9.0_INTEGRATION_COMPLETE,companion/08_INSTITUTIONAL_LINKS/B1_CHRONOLOGICAL_OFFICIAL_PROCESS_BY_ROUTE.csv,data row 3,EDITABLE_ROW_PRESENT,1.000,SOURCE SET RECHECKED 2026-08-23; VOLATILE VALUES NOT FROZEN,DISPOSITION_COMPLETED_IN_BOOK_v3.9.0,COMPANION_MIGRATION_CLOSED; BOOK_v3.9.0_INTEGRATION_CLOSED,Controlled CSV row 3 exists and normalised source-to-companion content comparison scored 1.000; source-date and source-code updates are governed by Phase 14C registers.
APX-T30-R04,B,table_row,Table B.1 row 4,Table B.1,Table Row,Stage and gate = 4. Control title or supervisor changes || Bachelor’s thesis: official route = Conditional. A justified title change requires the approvals specified by the regulation and must be requested at least two months before the examination. A supervisor change requires the prescribed approvals at least three months before the examination while preserving the approved thematic frame. Recommended. Do not implement either change until the written approval is retained. Authority: B1 and B4. || Master’s dissertation: official route = Conditional. A justified title change requires the approvals specified by the regulation and must be requested at least two months before the examination. A supervisor change requires the prescribed approvals at least three months before the examination while preserving the approved thematic frame. Recommended. Do not implement either change until the written approval is retained. Authority: B2 and B4.,MIGRATE_AS_EDITABLE_RECORD_ROW,NO_TABLE_ROW; REINTEGRATE ONLY THE STABLE PRINCIPLE WHERE REQUIRED,companion/08_INSTITUTIONAL_LINKS/ASE_CSIE/B1_OFFICIAL_PROCESS_BY_ROUTE.csv,YES,BOOK_v3.9.0_INTEGRATION_COMPLETE,companion/08_INSTITUTIONAL_LINKS/B1_CHRONOLOGICAL_OFFICIAL_PROCESS_BY_ROUTE.csv,data row 4,EDITABLE_ROW_PRESENT,1.000,SOURCE SET RECHECKED 2026-08-23; VOLATILE VALUES NOT FROZEN,DISPOSITION_COMPLETED_IN_BOOK_v3.9.0,COMPANION_MIGRATION_CLOSED; BOOK_v3.9.0_INTEGRATION_CLOSED,Controlled CSV row 4 exists and normalised source-to-companion content comparison scored 1.000; source-date and source-code updates are governed by Phase 14C registers.
APX-T30-R05,B,table_row,Table B.1 row 5,Table B.1,Table Row,"Stage and gate = 5. Freeze title, content and declarations || Bachelor’s thesis: official route = Mandatory. Before similarity review, reconcile the exact title across the approved record, manuscript and current forms. Finalise the declaration concerning use or non-use of generative AI in the position required by the current guidance and prepare the distinct signed copy required for registration. Recommended. Compute and retain a hash of the candidate final PDF. Authority: B1 and B3. || Master’s dissertation: official route = Mandatory. Before similarity review, reconcile the exact title across the approved record, manuscript and current forms. Finalise the declaration concerning use or non-use of generative AI in the position required by the current guidance and prepare the distinct signed copy required for registration. Recommended. Compute and retain a hash of the candidate final PDF. Authority: B2 and B3.",MIGRATE_AS_EDITABLE_RECORD_ROW,NO_TABLE_ROW; REINTEGRATE ONLY THE STABLE PRINCIPLE WHERE REQUIRED,companion/08_INSTITUTIONAL_LINKS/ASE_CSIE/B1_OFFICIAL_PROCESS_BY_ROUTE.csv,YES,BOOK_v3.9.0_INTEGRATION_COMPLETE,companion/08_INSTITUTIONAL_LINKS/B1_CHRONOLOGICAL_OFFICIAL_PROCESS_BY_ROUTE.csv,data row 5,EDITABLE_ROW_PRESENT,1.000,SOURCE SET RECHECKED 2026-08-23; VOLATILE VALUES NOT FROZEN,DISPOSITION_COMPLETED_IN_BOOK_v3.9.0,COMPANION_MIGRATION_CLOSED; BOOK_v3.9.0_INTEGRATION_CLOSED,Controlled CSV row 5 exists and normalised source-to-companion content comparison scored 1.000; source-date and source-code updates are governed by Phase 14C registers.
APX-T30-R06,B,table_row,Table B.1 row 6,Table B.1,Table Row,"Stage and gate = 6. Submit for similarity review || Bachelor’s thesis: official route = Mandatory. Upload the work through the current institutional route within the official window. Missing the window can prevent admission to that session. The reported coefficients are recommended alert levels that require contextual academic analysis, not automatic plagiarism verdicts. Recommended. Retain the upload receipt, report version and reviewed file hash. Authority: B1, B4 and B9. || Master’s dissertation: official route = Mandatory. Upload the work through the current institutional route within the official window. Missing the window can prevent admission to that session. The reported coefficients are recommended alert levels that require contextual academic analysis, not automatic plagiarism verdicts. Recommended. Retain the upload receipt, report version and reviewed file hash. Authority: B2, B4 and B9.",MIGRATE_AS_EDITABLE_RECORD_ROW,NO_TABLE_ROW; REINTEGRATE ONLY THE STABLE PRINCIPLE WHERE REQUIRED,companion/08_INSTITUTIONAL_LINKS/ASE_CSIE/B1_OFFICIAL_PROCESS_BY_ROUTE.csv,YES,BOOK_v3.9.0_INTEGRATION_COMPLETE,companion/08_INSTITUTIONAL_LINKS/B1_CHRONOLOGICAL_OFFICIAL_PROCESS_BY_ROUTE.csv,data row 6,EDITABLE_ROW_PRESENT,1.000,SOURCE SET RECHECKED 2026-08-23; VOLATILE VALUES NOT FROZEN,DISPOSITION_COMPLETED_IN_BOOK_v3.9.0,COMPANION_MIGRATION_CLOSED; BOOK_v3.9.0_INTEGRATION_CLOSED,Controlled CSV row 6 exists and normalised source-to-companion content comparison scored 1.000; source-date and source-code updates are governed by Phase 14C registers.
APX-T30-R07,B,table_row,Table B.1 row 7,Table B.1,Table Row,"Stage and gate = 7. Obtain supervisor decision || Bachelor’s thesis: official route = Mandatory. The supervisor reviews the work and similarity report in context and records the current admission decision. A technical percentage does not replace this academic judgement. Recommended. Resolve cited passages, quotations, references and false positives before the final decision, then retain the dated decision and report. Authority: B1. || Master’s dissertation: official route = Mandatory. The supervisor reviews the work and similarity report in context and records the current admission decision. A technical percentage does not replace this academic judgement. Recommended. Resolve cited passages, quotations, references and false positives before the final decision, then retain the dated decision and report. Authority: B2.",MIGRATE_AS_EDITABLE_RECORD_ROW,NO_TABLE_ROW; REINTEGRATE ONLY THE STABLE PRINCIPLE WHERE REQUIRED,companion/08_INSTITUTIONAL_LINKS/ASE_CSIE/B1_OFFICIAL_PROCESS_BY_ROUTE.csv,YES,BOOK_v3.9.0_INTEGRATION_COMPLETE,companion/08_INSTITUTIONAL_LINKS/B1_CHRONOLOGICAL_OFFICIAL_PROCESS_BY_ROUTE.csv,data row 7,EDITABLE_ROW_PRESENT,1.000,SOURCE SET RECHECKED 2026-08-23; VOLATILE VALUES NOT FROZEN,DISPOSITION_COMPLETED_IN_BOOK_v3.9.0,COMPANION_MIGRATION_CLOSED; BOOK_v3.9.0_INTEGRATION_CLOSED,Controlled CSV row 7 exists and normalised source-to-companion content comparison scored 1.000; source-date and source-code updates are governed by Phase 14C registers.
APX-T30-R08,B,table_row,Table B.1 row 8,Table B.1,Table Row,"Stage and gate = 8. Transfer the validated final work || Bachelor’s thesis: official route = Mandatory. Before registration, transmit the validated final PDF through the official current channel and retain confirmation. The version reviewed for similarity, transferred for registration and presented at the examination must have identical content. Recommended. Verify identity by hash and preserve both the sent file and receipt. Authority: B1, B4, B5 and B7. || Master’s dissertation: official route = Mandatory. Before registration, transmit the validated final PDF through the official current channel and retain confirmation. The version reviewed for similarity, transferred for registration and presented at the examination must have identical content. Recommended. Verify identity by hash and preserve both the sent file and receipt. Authority: B2, B4, B6 and B8.",MIGRATE_AS_EDITABLE_RECORD_ROW,NO_TABLE_ROW; REINTEGRATE ONLY THE STABLE PRINCIPLE WHERE REQUIRED,companion/08_INSTITUTIONAL_LINKS/ASE_CSIE/B1_OFFICIAL_PROCESS_BY_ROUTE.csv,YES,BOOK_v3.9.0_INTEGRATION_COMPLETE,companion/08_INSTITUTIONAL_LINKS/B1_CHRONOLOGICAL_OFFICIAL_PROCESS_BY_ROUTE.csv,data row 8,EDITABLE_ROW_PRESENT,0.965,SOURCE SET RECHECKED 2026-08-23; VOLATILE VALUES NOT FROZEN,DISPOSITION_COMPLETED_IN_BOOK_v3.9.0,COMPANION_MIGRATION_CLOSED; BOOK_v3.9.0_INTEGRATION_CLOSED,Controlled CSV row 8 exists and normalised source-to-companion content comparison scored 0.965; source-date and source-code updates are governed by Phase 14C registers.
APX-T30-R09,B,table_row,Table B.1 row 9,Table B.1,Table Row,"Stage and gate = 9. Complete registration dossier || Bachelor’s thesis: official route = Mandatory. Register within the current window using the complete dossier and channel in force; incomplete dossiers are not accepted. Conditional. Previous-cohort, additional-year, mobility or external candidates may require extra documents, approvals or fees. Recommended. Use a dated dossier inventory and retain proof of submission. Authority: B1, B4, B5 and B7. || Master’s dissertation: official route = Mandatory. Register within the current window using the complete dossier and channel in force; incomplete dossiers are not accepted. Conditional. Previous-cohort, additional-year, mobility or external candidates may require extra documents, approvals or fees. Recommended. Use a dated dossier inventory and retain proof of submission. Authority: B2, B4, B6 and B8.",MIGRATE_AS_EDITABLE_RECORD_ROW,NO_TABLE_ROW; REINTEGRATE ONLY THE STABLE PRINCIPLE WHERE REQUIRED,companion/08_INSTITUTIONAL_LINKS/ASE_CSIE/B1_OFFICIAL_PROCESS_BY_ROUTE.csv,YES,BOOK_v3.9.0_INTEGRATION_COMPLETE,companion/08_INSTITUTIONAL_LINKS/B1_CHRONOLOGICAL_OFFICIAL_PROCESS_BY_ROUTE.csv,data row 9,EDITABLE_ROW_PRESENT,0.965,SOURCE SET RECHECKED 2026-08-23; VOLATILE VALUES NOT FROZEN,DISPOSITION_COMPLETED_IN_BOOK_v3.9.0,COMPANION_MIGRATION_CLOSED; BOOK_v3.9.0_INTEGRATION_CLOSED,Controlled CSV row 9 exists and normalised source-to-companion content comparison scored 0.965; source-date and source-code updates are governed by Phase 14C registers.
APX-T30-R10,B,table_row,Table B.1 row 10,Table B.1,Table Row,"Stage and gate = 10. Confirm admission and timetable || Bachelor’s thesis: official route = Mandatory. Obtain or verify registration confirmation, the commission, individual timetable, place or mode and the current bibliography and topics for the knowledge test. Recommended. Recheck these items immediately before travel or attendance and preserve the last official version. Authority: B1, B4, B5 and B7. || Master’s dissertation: official route = Mandatory. Obtain or verify registration confirmation, the commission, individual timetable and place or mode. Use only a duration or presentation format expressly stated by the current competent source; the general regulation does not create a universal 15-minute limit. Recommended. Recheck the timetable immediately before attendance. Authority: B2, B4, B6 and B8.",MIGRATE_AS_EDITABLE_RECORD_ROW,NO_TABLE_ROW; REINTEGRATE ONLY THE STABLE PRINCIPLE WHERE REQUIRED,companion/08_INSTITUTIONAL_LINKS/ASE_CSIE/B1_OFFICIAL_PROCESS_BY_ROUTE.csv,YES,BOOK_v3.9.0_INTEGRATION_COMPLETE,companion/08_INSTITUTIONAL_LINKS/B1_CHRONOLOGICAL_OFFICIAL_PROCESS_BY_ROUTE.csv,data row 10,EDITABLE_ROW_PRESENT,0.963,SOURCE SET RECHECKED 2026-08-23; VOLATILE VALUES NOT FROZEN,DISPOSITION_COMPLETED_IN_BOOK_v3.9.0,COMPANION_MIGRATION_CLOSED; BOOK_v3.9.0_INTEGRATION_CLOSED,Controlled CSV row 10 exists and normalised source-to-companion content comparison scored 0.963; source-date and source-code updates are governed by Phase 14C registers.
APX-T30-R11,B,table_row,Table B.1 row 11,Table B.1,Table Row,Stage and gate = 11. Sit the examination || Bachelor’s thesis: official route = Mandatory. Complete two oral tests: evaluation of fundamental and specialist knowledge and presentation and defence of the thesis. The current regulation allocates up to 15 minutes to each test. Each test must receive at least 5.00 and the overall examination average must be at least 6.00. Authority: B1. || Master’s dissertation: official route = Mandatory. Complete the public oral presentation and defence of the dissertation as one examination test. The overall average must be at least 6.00. Do not import the bachelor’s two-test structure or its time limit into this route. Authority: B2.,MIGRATE_AS_EDITABLE_RECORD_ROW,NO_TABLE_ROW; REINTEGRATE ONLY THE STABLE PRINCIPLE WHERE REQUIRED,companion/08_INSTITUTIONAL_LINKS/ASE_CSIE/B1_OFFICIAL_PROCESS_BY_ROUTE.csv,YES,BOOK_v3.9.0_INTEGRATION_COMPLETE,companion/08_INSTITUTIONAL_LINKS/B1_CHRONOLOGICAL_OFFICIAL_PROCESS_BY_ROUTE.csv,data row 11,EDITABLE_ROW_PRESENT,1.000,SOURCE SET RECHECKED 2026-08-23; VOLATILE VALUES NOT FROZEN,DISPOSITION_COMPLETED_IN_BOOK_v3.9.0,COMPANION_MIGRATION_CLOSED; BOOK_v3.9.0_INTEGRATION_CLOSED,Controlled CSV row 11 exists and normalised source-to-companion content comparison scored 1.000; source-date and source-code updates are governed by Phase 14C registers.
APX-T30-R12,B,table_row,Table B.1 row 12,Table B.1,Table Row,"Stage and gate = 12. Record result and close evidence || Bachelor’s thesis: official route = Mandatory. Verify the result through the official channel. Under the current regulation, results are communicated within no more than 48 hours and cannot be appealed. Recommended. Retain the result record, final submitted file, key receipts and the resolved authority record as the administrative closeout set. Authority: B1. || Master’s dissertation: official route = Mandatory. Verify the result through the official channel. Under the current regulation, results are communicated within no more than 48 hours and cannot be appealed. Recommended. Retain the result record, final submitted file, key receipts and the resolved authority record as the administrative closeout set. Authority: B2.",MIGRATE_AS_EDITABLE_RECORD_ROW,NO_TABLE_ROW; REINTEGRATE ONLY THE STABLE PRINCIPLE WHERE REQUIRED,companion/08_INSTITUTIONAL_LINKS/ASE_CSIE/B1_OFFICIAL_PROCESS_BY_ROUTE.csv,YES,BOOK_v3.9.0_INTEGRATION_COMPLETE,companion/08_INSTITUTIONAL_LINKS/B1_CHRONOLOGICAL_OFFICIAL_PROCESS_BY_ROUTE.csv,data row 12,EDITABLE_ROW_PRESENT,1.000,SOURCE SET RECHECKED 2026-08-23; VOLATILE VALUES NOT FROZEN,DISPOSITION_COMPLETED_IN_BOOK_v3.9.0,COMPANION_MIGRATION_CLOSED; BOOK_v3.9.0_INTEGRATION_CLOSED,Controlled CSV row 12 exists and normalised source-to-companion content comparison scored 1.000; source-date and source-code updates are governed by Phase 14C registers.
APX-T31-R00,B,table_header,Table B.2 row 0,Table B.2,Table Header,column_1 = Current-session item || column_2 = Official source and revision || column_3 = Operational value to record || column_4 = Status and retained evidence,CREATE_SCHEMA_AND_COLUMN_DICTIONARY,NO_TABLE; RETAIN ONLY THE STABLE PRINCIPLE WHERE REQUIRED,companion/08_INSTITUTIONAL_LINKS/ASE_CSIE/B2_CURRENT_SESSION_CALENDAR_AND_AUTHORITY_RECORD.csv,YES,BOOK_v3.9.0_INTEGRATION_COMPLETE,companion/08_INSTITUTIONAL_LINKS/B2_CURRENT_SESSION_CALENDAR_AND_AUTHORITY_RECORD.csv,header row (row 0),SCHEMA_HEADER_PRESENT,1.000,SOURCE SET RECHECKED 2026-08-23; VOLATILE VALUES NOT FROZEN,DISPOSITION_COMPLETED_IN_BOOK_v3.9.0,COMPANION_MIGRATION_CLOSED; BOOK_v3.9.0_INTEGRATION_CLOSED,Controlled CSV row 0 exists and normalised source-to-companion content comparison scored 1.000; source-date and source-code updates are governed by Phase 14C registers.
APX-T31-R01,B,table_row,Table B.2 row 1,Table B.2,Table Row,"Current-session item = Applicable regulation and supersession check || Official source and revision = Record the exact title, decision number, date and latest Senate Monitor check. || Operational value to record = Record whether a later amendment, replacement or correction exists. || Status and retained evidence = CONFIRMED only after dated check; retain the regulation and monitor evidence.",MIGRATE_AS_EDITABLE_RECORD_ROW,NO_TABLE_ROW; REINTEGRATE ONLY THE STABLE PRINCIPLE WHERE REQUIRED,companion/08_INSTITUTIONAL_LINKS/ASE_CSIE/B2_CURRENT_SESSION_CALENDAR_AND_AUTHORITY_RECORD.csv,YES,BOOK_v3.9.0_INTEGRATION_COMPLETE,companion/08_INSTITUTIONAL_LINKS/B2_CURRENT_SESSION_CALENDAR_AND_AUTHORITY_RECORD.csv,data row 1,EDITABLE_ROW_PRESENT,1.000,SOURCE SET RECHECKED 2026-08-23; VOLATILE VALUES NOT FROZEN,DISPOSITION_COMPLETED_IN_BOOK_v3.9.0,COMPANION_MIGRATION_CLOSED; BOOK_v3.9.0_INTEGRATION_CLOSED,Controlled CSV row 1 exists and normalised source-to-companion content comparison scored 1.000; source-date and source-code updates are governed by Phase 14C registers.
APX-T31-R02,B,table_row,Table B.2 row 2,Table B.2,Table Row,"Current-session item = Candidate status and route || Official source and revision = Record faculty, programme, bachelor’s or master’s route, cohort status and session. || Operational value to record = Record any conditional mobility, previous-cohort, additional-year or external-institution route. || Status and retained evidence = Retain the status evidence and the source that activates any condition.",MIGRATE_AS_EDITABLE_RECORD_ROW,NO_TABLE_ROW; REINTEGRATE ONLY THE STABLE PRINCIPLE WHERE REQUIRED,companion/08_INSTITUTIONAL_LINKS/ASE_CSIE/B2_CURRENT_SESSION_CALENDAR_AND_AUTHORITY_RECORD.csv,YES,BOOK_v3.9.0_INTEGRATION_COMPLETE,companion/08_INSTITUTIONAL_LINKS/B2_CURRENT_SESSION_CALENDAR_AND_AUTHORITY_RECORD.csv,data row 2,EDITABLE_ROW_PRESENT,1.000,SOURCE SET RECHECKED 2026-08-23; VOLATILE VALUES NOT FROZEN,DISPOSITION_COMPLETED_IN_BOOK_v3.9.0,COMPANION_MIGRATION_CLOSED; BOOK_v3.9.0_INTEGRATION_CLOSED,Controlled CSV row 2 exists and normalised source-to-companion content comparison scored 1.000; source-date and source-code updates are governed by Phase 14C registers.
APX-T31-R03,B,table_row,Table B.2 row 3,Table B.2,Table Row,"Current-session item = Topic and supervisor approval || Official source and revision = Record approved title, supervisor, request route, approval date and deadline source. || Operational value to record = Record the approval or the unresolved action required. || Status and retained evidence = Retain the approved request and authoritative title string.",MIGRATE_AS_EDITABLE_RECORD_ROW,NO_TABLE_ROW; REINTEGRATE ONLY THE STABLE PRINCIPLE WHERE REQUIRED,companion/08_INSTITUTIONAL_LINKS/ASE_CSIE/B2_CURRENT_SESSION_CALENDAR_AND_AUTHORITY_RECORD.csv,YES,BOOK_v3.9.0_INTEGRATION_COMPLETE,companion/08_INSTITUTIONAL_LINKS/B2_CURRENT_SESSION_CALENDAR_AND_AUTHORITY_RECORD.csv,data row 3,EDITABLE_ROW_PRESENT,1.000,SOURCE SET RECHECKED 2026-08-23; VOLATILE VALUES NOT FROZEN,DISPOSITION_COMPLETED_IN_BOOK_v3.9.0,COMPANION_MIGRATION_CLOSED; BOOK_v3.9.0_INTEGRATION_CLOSED,Controlled CSV row 3 exists and normalised source-to-companion content comparison scored 1.000; source-date and source-code updates are governed by Phase 14C registers.
APX-T31-R04,B,table_row,Table B.2 row 4,Table B.2,Table Row,"Current-session item = Conditional title or supervisor change || Official source and revision = Record the applicable regulatory minimum and the current-session operational deadline. || Operational value to record = Record justification, endorsements, approval and effect on the title record. || Status and retained evidence = Use NOT APPLICABLE or retain the complete written approval chain.",MIGRATE_AS_EDITABLE_RECORD_ROW,NO_TABLE_ROW; REINTEGRATE ONLY THE STABLE PRINCIPLE WHERE REQUIRED,companion/08_INSTITUTIONAL_LINKS/ASE_CSIE/B2_CURRENT_SESSION_CALENDAR_AND_AUTHORITY_RECORD.csv,YES,BOOK_v3.9.0_INTEGRATION_COMPLETE,companion/08_INSTITUTIONAL_LINKS/B2_CURRENT_SESSION_CALENDAR_AND_AUTHORITY_RECORD.csv,data row 4,EDITABLE_ROW_PRESENT,1.000,SOURCE SET RECHECKED 2026-08-23; VOLATILE VALUES NOT FROZEN,DISPOSITION_COMPLETED_IN_BOOK_v3.9.0,COMPANION_MIGRATION_CLOSED; BOOK_v3.9.0_INTEGRATION_CLOSED,Controlled CSV row 4 exists and normalised source-to-companion content comparison scored 1.000; source-date and source-code updates are governed by Phase 14C registers.
APX-T31-R05,B,table_row,Table B.2 row 5,Table B.2,Table Row,"Current-session item = Final file and declaration freeze || Official source and revision = Record exact title, final PDF name, hash and applicable declaration version. || Operational value to record = Record placement of the declaration in the work and the distinct signed copy required for registration. || Status and retained evidence = Retain the frozen PDF, hash log and signed declaration copy.",MIGRATE_AS_EDITABLE_RECORD_ROW,NO_TABLE_ROW; REINTEGRATE ONLY THE STABLE PRINCIPLE WHERE REQUIRED,companion/08_INSTITUTIONAL_LINKS/ASE_CSIE/B2_CURRENT_SESSION_CALENDAR_AND_AUTHORITY_RECORD.csv,YES,BOOK_v3.9.0_INTEGRATION_COMPLETE,companion/08_INSTITUTIONAL_LINKS/B2_CURRENT_SESSION_CALENDAR_AND_AUTHORITY_RECORD.csv,data row 5,EDITABLE_ROW_PRESENT,1.000,SOURCE SET RECHECKED 2026-08-23; VOLATILE VALUES NOT FROZEN,DISPOSITION_COMPLETED_IN_BOOK_v3.9.0,COMPANION_MIGRATION_CLOSED; BOOK_v3.9.0_INTEGRATION_CLOSED,Controlled CSV row 5 exists and normalised source-to-companion content comparison scored 1.000; source-date and source-code updates are governed by Phase 14C registers.
APX-T31-R06,B,table_row,Table B.2 row 6,Table B.2,Table Row,"Current-session item = Similarity-review window || Official source and revision = Record opening and closing date, time, time zone where relevant, platform and eligible account. || Operational value to record = Record upload receipt, file hash, report identifier and supervisor-review deadline. || Status and retained evidence = PENDING until the official window is released; retain receipt and report when CLOSED.",MIGRATE_AS_EDITABLE_RECORD_ROW,NO_TABLE_ROW; REINTEGRATE ONLY THE STABLE PRINCIPLE WHERE REQUIRED,companion/08_INSTITUTIONAL_LINKS/ASE_CSIE/B2_CURRENT_SESSION_CALENDAR_AND_AUTHORITY_RECORD.csv,YES,BOOK_v3.9.0_INTEGRATION_COMPLETE,companion/08_INSTITUTIONAL_LINKS/B2_CURRENT_SESSION_CALENDAR_AND_AUTHORITY_RECORD.csv,data row 6,EDITABLE_ROW_PRESENT,1.000,SOURCE SET RECHECKED 2026-08-23; VOLATILE VALUES NOT FROZEN,DISPOSITION_COMPLETED_IN_BOOK_v3.9.0,COMPANION_MIGRATION_CLOSED; BOOK_v3.9.0_INTEGRATION_CLOSED,Controlled CSV row 6 exists and normalised source-to-companion content comparison scored 1.000; source-date and source-code updates are governed by Phase 14C registers.
APX-T31-R07,B,table_row,Table B.2 row 7,Table B.2,Table Row,"Current-session item = Supervisor decision || Official source and revision = Record decision vocabulary, decision date and controlling source. || Operational value to record = Record corrections required before admission or the final admission decision. || Status and retained evidence = Retain the dated decision and the analysed report.",MIGRATE_AS_EDITABLE_RECORD_ROW,NO_TABLE_ROW; REINTEGRATE ONLY THE STABLE PRINCIPLE WHERE REQUIRED,companion/08_INSTITUTIONAL_LINKS/ASE_CSIE/B2_CURRENT_SESSION_CALENDAR_AND_AUTHORITY_RECORD.csv,YES,BOOK_v3.9.0_INTEGRATION_COMPLETE,companion/08_INSTITUTIONAL_LINKS/B2_CURRENT_SESSION_CALENDAR_AND_AUTHORITY_RECORD.csv,data row 7,EDITABLE_ROW_PRESENT,1.000,SOURCE SET RECHECKED 2026-08-23; VOLATILE VALUES NOT FROZEN,DISPOSITION_COMPLETED_IN_BOOK_v3.9.0,COMPANION_MIGRATION_CLOSED; BOOK_v3.9.0_INTEGRATION_CLOSED,Controlled CSV row 7 exists and normalised source-to-companion content comparison scored 1.000; source-date and source-code updates are governed by Phase 14C registers.
APX-T31-R08,B,table_row,Table B.2 row 8,Table B.2,Table Row,"Current-session item = Validated work transfer || Official source and revision = Record official recipient or channel, deadline and required file identity. || Operational value to record = Record transmission date, receipt and hash match against the reviewed file. || Status and retained evidence = CONFLICT if sources disagree on channel or deadline; do not guess.",MIGRATE_AS_EDITABLE_RECORD_ROW,NO_TABLE_ROW; REINTEGRATE ONLY THE STABLE PRINCIPLE WHERE REQUIRED,companion/08_INSTITUTIONAL_LINKS/ASE_CSIE/B2_CURRENT_SESSION_CALENDAR_AND_AUTHORITY_RECORD.csv,YES,BOOK_v3.9.0_INTEGRATION_COMPLETE,companion/08_INSTITUTIONAL_LINKS/B2_CURRENT_SESSION_CALENDAR_AND_AUTHORITY_RECORD.csv,data row 8,EDITABLE_ROW_PRESENT,1.000,SOURCE SET RECHECKED 2026-08-23; VOLATILE VALUES NOT FROZEN,DISPOSITION_COMPLETED_IN_BOOK_v3.9.0,COMPANION_MIGRATION_CLOSED; BOOK_v3.9.0_INTEGRATION_CLOSED,Controlled CSV row 8 exists and normalised source-to-companion content comparison scored 1.000; source-date and source-code updates are governed by Phase 14C registers.
APX-T31-R09,B,table_row,Table B.2 row 9,Table B.2,Table Row,"Current-session item = Registration window and dossier || Official source and revision = Record opening and closing date, exact final-day cut-off, channel and complete dossier list. || Operational value to record = Record conditional documents, approvals or fees without treating them as universal. || Status and retained evidence = Retain dossier inventory, submission evidence and any written clarification.",MIGRATE_AS_EDITABLE_RECORD_ROW,NO_TABLE_ROW; REINTEGRATE ONLY THE STABLE PRINCIPLE WHERE REQUIRED,companion/08_INSTITUTIONAL_LINKS/ASE_CSIE/B2_CURRENT_SESSION_CALENDAR_AND_AUTHORITY_RECORD.csv,YES,BOOK_v3.9.0_INTEGRATION_COMPLETE,companion/08_INSTITUTIONAL_LINKS/B2_CURRENT_SESSION_CALENDAR_AND_AUTHORITY_RECORD.csv,data row 9,EDITABLE_ROW_PRESENT,1.000,SOURCE SET RECHECKED 2026-08-23; VOLATILE VALUES NOT FROZEN,DISPOSITION_COMPLETED_IN_BOOK_v3.9.0,COMPANION_MIGRATION_CLOSED; BOOK_v3.9.0_INTEGRATION_CLOSED,Controlled CSV row 9 exists and normalised source-to-companion content comparison scored 1.000; source-date and source-code updates are governed by Phase 14C registers.
APX-T31-R10,B,table_row,Table B.2 row 10,Table B.2,Table Row,"Current-session item = Registration confirmation || Official source and revision = Record who confirms registration, by what channel and by when. || Operational value to record = Record confirmation identifier, message or status and any defect requiring correction. || Status and retained evidence = Not CLOSED until confirmation or equivalent official evidence is retained.",MIGRATE_AS_EDITABLE_RECORD_ROW,NO_TABLE_ROW; REINTEGRATE ONLY THE STABLE PRINCIPLE WHERE REQUIRED,companion/08_INSTITUTIONAL_LINKS/ASE_CSIE/B2_CURRENT_SESSION_CALENDAR_AND_AUTHORITY_RECORD.csv,YES,BOOK_v3.9.0_INTEGRATION_COMPLETE,companion/08_INSTITUTIONAL_LINKS/B2_CURRENT_SESSION_CALENDAR_AND_AUTHORITY_RECORD.csv,data row 10,EDITABLE_ROW_PRESENT,1.000,SOURCE SET RECHECKED 2026-08-23; VOLATILE VALUES NOT FROZEN,DISPOSITION_COMPLETED_IN_BOOK_v3.9.0,COMPANION_MIGRATION_CLOSED; BOOK_v3.9.0_INTEGRATION_CLOSED,Controlled CSV row 10 exists and normalised source-to-companion content comparison scored 1.000; source-date and source-code updates are governed by Phase 14C registers.
APX-T31-R11,B,table_row,Table B.2 row 11,Table B.2,Table Row,"Current-session item = Commission, timetable and examination material || Official source and revision = Record commission, individual slot, place or mode and, for bachelor’s candidates, the current topics and bibliography. || Operational value to record = Record the publication source, revision date and last pre-attendance check. || Status and retained evidence = CONFLICT if two current sources disagree; retain the authoritative resolution.",MIGRATE_AS_EDITABLE_RECORD_ROW,NO_TABLE_ROW; REINTEGRATE ONLY THE STABLE PRINCIPLE WHERE REQUIRED,companion/08_INSTITUTIONAL_LINKS/ASE_CSIE/B2_CURRENT_SESSION_CALENDAR_AND_AUTHORITY_RECORD.csv,YES,BOOK_v3.9.0_INTEGRATION_COMPLETE,companion/08_INSTITUTIONAL_LINKS/B2_CURRENT_SESSION_CALENDAR_AND_AUTHORITY_RECORD.csv,data row 11,EDITABLE_ROW_PRESENT,1.000,SOURCE SET RECHECKED 2026-08-23; VOLATILE VALUES NOT FROZEN,DISPOSITION_COMPLETED_IN_BOOK_v3.9.0,COMPANION_MIGRATION_CLOSED; BOOK_v3.9.0_INTEGRATION_CLOSED,Controlled CSV row 11 exists and normalised source-to-companion content comparison scored 1.000; source-date and source-code updates are governed by Phase 14C registers.
APX-T31-R12,B,table_row,Table B.2 row 12,Table B.2,Table Row,"Current-session item = Examination or defence || Official source and revision = Record official date, time, place or mode, structure and any route-specific presentation rule. || Operational value to record = Record accessibility arrangements or other approved conditions where applicable. || Status and retained evidence = Use only the current competent source; never infer missing values from another route.",MIGRATE_AS_EDITABLE_RECORD_ROW,NO_TABLE_ROW; REINTEGRATE ONLY THE STABLE PRINCIPLE WHERE REQUIRED,companion/08_INSTITUTIONAL_LINKS/ASE_CSIE/B2_CURRENT_SESSION_CALENDAR_AND_AUTHORITY_RECORD.csv,YES,BOOK_v3.9.0_INTEGRATION_COMPLETE,companion/08_INSTITUTIONAL_LINKS/B2_CURRENT_SESSION_CALENDAR_AND_AUTHORITY_RECORD.csv,data row 12,EDITABLE_ROW_PRESENT,1.000,SOURCE SET RECHECKED 2026-08-23; VOLATILE VALUES NOT FROZEN,DISPOSITION_COMPLETED_IN_BOOK_v3.9.0,COMPANION_MIGRATION_CLOSED; BOOK_v3.9.0_INTEGRATION_CLOSED,Controlled CSV row 12 exists and normalised source-to-companion content comparison scored 1.000; source-date and source-code updates are governed by Phase 14C registers.
APX-T31-R13,B,table_row,Table B.2 row 13,Table B.2,Table Row,"Current-session item = Result and closeout set || Official source and revision = Record publication channel, result date and applicable final evidence. || Operational value to record = Record final submitted file, receipts, approvals, result record and resolved authority log. || Status and retained evidence = Mark CLOSED only when the retained set supports the complete route.",MIGRATE_AS_EDITABLE_RECORD_ROW,NO_TABLE_ROW; REINTEGRATE ONLY THE STABLE PRINCIPLE WHERE REQUIRED,companion/08_INSTITUTIONAL_LINKS/ASE_CSIE/B2_CURRENT_SESSION_CALENDAR_AND_AUTHORITY_RECORD.csv,YES,BOOK_v3.9.0_INTEGRATION_COMPLETE,companion/08_INSTITUTIONAL_LINKS/B2_CURRENT_SESSION_CALENDAR_AND_AUTHORITY_RECORD.csv,data row 13,EDITABLE_ROW_PRESENT,1.000,SOURCE SET RECHECKED 2026-08-23; VOLATILE VALUES NOT FROZEN,DISPOSITION_COMPLETED_IN_BOOK_v3.9.0,COMPANION_MIGRATION_CLOSED; BOOK_v3.9.0_INTEGRATION_CLOSED,Controlled CSV row 13 exists and normalised source-to-companion content comparison scored 1.000; source-date and source-code updates are governed by Phase 14C registers.
APX-T32-R00,C,table_header,Table C.1 row 0,Table C.1,Table Header,"column_1 = Milestone or record class || column_2 = Minimum controlled record || column_3 = Review, approval and retention || column_4 = Missing or stale record: control response",CREATE_SCHEMA_AND_COLUMN_DICTIONARY,NO_TABLE; RETAIN ONLY THE STABLE PRINCIPLE WHERE REQUIRED,companion/07_SUBMISSION_AND_DEFENCE/C1_MILESTONE_EVIDENCE_REGISTER.csv,MIXED,BOOK_v3.9.0_INTEGRATION_COMPLETE,companion/08_INSTITUTIONAL_LINKS/C1_PROJECT_RECORDS_AND_EVIDENCE_BY_MILESTONE.csv,header row (row 0),SCHEMA_HEADER_PRESENT,1.000,SOURCE SET RECHECKED 2026-08-23; VOLATILE VALUES NOT FROZEN,DISPOSITION_COMPLETED_IN_BOOK_v3.9.0,COMPANION_MIGRATION_CLOSED; BOOK_v3.9.0_INTEGRATION_CLOSED,Controlled CSV row 0 exists and normalised source-to-companion content comparison scored 1.000; source-date and source-code updates are governed by Phase 14C registers.
APX-T32-R01,C,table_row,Table C.1 row 1,Table C.1,Table Row,"Milestone or record class = Authority and Project Start Pack || Minimum controlled record = Mandatory. Dated authority map, working title, route, supervisor, decision owner, milestone map, SCOPE baseline, AI-use rule and initial risk record. || Review, approval and retention = Student owns the pack; supervisor reviews the scientific route; official topic or supervisor approval is retained separately where required. Store in the private authoritative project workspace. || Missing or stale record: control response = Do not claim project start. Reopen orientation and the Problem Gate until authority, title, ownership and scope are controlled.",MIGRATE_AS_EDITABLE_RECORD_ROW,NO_TABLE_ROW; REINTEGRATE ONLY THE STABLE PRINCIPLE WHERE REQUIRED,companion/07_SUBMISSION_AND_DEFENCE/C1_MILESTONE_EVIDENCE_REGISTER.csv,MIXED,BOOK_v3.9.0_INTEGRATION_COMPLETE,companion/08_INSTITUTIONAL_LINKS/C1_PROJECT_RECORDS_AND_EVIDENCE_BY_MILESTONE.csv,data row 1,EDITABLE_ROW_PRESENT,1.000,SOURCE SET RECHECKED 2026-08-23; VOLATILE VALUES NOT FROZEN,DISPOSITION_COMPLETED_IN_BOOK_v3.9.0,COMPANION_MIGRATION_CLOSED; BOOK_v3.9.0_INTEGRATION_CLOSED,Controlled CSV row 1 exists and normalised source-to-companion content comparison scored 1.000; source-date and source-code updates are governed by Phase 14C registers.
APX-T32-R02,C,table_row,Table C.1 row 2,Table C.1,Table Row,"Milestone or record class = Problem and feasibility record || Minimum controlled record = Mandatory. One-page proposal, SCOPE, access requests, permissions or refusals, licence terms, pilot or vertical slice, evaluation sketch, early ethics, privacy and security record, premortem and decision. || Review, approval and retention = Supervisor reviews; data, system or organisational owner authorises access where applicable. Keep approvals and sensitive access evidence in a restricted area linked from the project record. || Missing or stale record: control response = Reopen the Problem Gate. Stop collection or implementation beyond the authorised pilot until feasibility and authority are restored.",MIGRATE_AS_EDITABLE_RECORD_ROW,NO_TABLE_ROW; REINTEGRATE ONLY THE STABLE PRINCIPLE WHERE REQUIRED,companion/07_SUBMISSION_AND_DEFENCE/C1_MILESTONE_EVIDENCE_REGISTER.csv,MIXED,BOOK_v3.9.0_INTEGRATION_COMPLETE,companion/08_INSTITUTIONAL_LINKS/C1_PROJECT_RECORDS_AND_EVIDENCE_BY_MILESTONE.csv,data row 2,EDITABLE_ROW_PRESENT,1.000,SOURCE SET RECHECKED 2026-08-23; VOLATILE VALUES NOT FROZEN,DISPOSITION_COMPLETED_IN_BOOK_v3.9.0,COMPANION_MIGRATION_CLOSED; BOOK_v3.9.0_INTEGRATION_CLOSED,Controlled CSV row 2 exists and normalised source-to-companion content comparison scored 1.000; source-date and source-code updates are governed by Phase 14C registers.
APX-T32-R03,C,table_row,Table C.1 row 3,Table C.1,Table Row,"Milestone or record class = Evidence Base Pack || Minimum controlled record = Mandatory. Claim–Evidence Map, search and query logs, eligibility rules, CORPUS Ledger, original-source anchors, appraisals and synthesis memo. Conditional. Review protocol and amendment record for formal synthesis. || Review, approval and retention = Student maintains the pack; supervisor or method reviewer challenges coverage and quality. Retain lawful copies or stable locators, extraction records and dated synthesis decisions. || Missing or stale record: control response = Reopen the Evidence Gate. Suspend unsupported claims and any design commitment that depends on the missing evidence.",MIGRATE_AS_EDITABLE_RECORD_ROW,NO_TABLE_ROW; REINTEGRATE ONLY THE STABLE PRINCIPLE WHERE REQUIRED,companion/07_SUBMISSION_AND_DEFENCE/C1_MILESTONE_EVIDENCE_REGISTER.csv,MIXED,BOOK_v3.9.0_INTEGRATION_COMPLETE,companion/08_INSTITUTIONAL_LINKS/C1_PROJECT_RECORDS_AND_EVIDENCE_BY_MILESTONE.csv,data row 3,EDITABLE_ROW_PRESENT,1.000,SOURCE SET RECHECKED 2026-08-23; VOLATILE VALUES NOT FROZEN,DISPOSITION_COMPLETED_IN_BOOK_v3.9.0,COMPANION_MIGRATION_CLOSED; BOOK_v3.9.0_INTEGRATION_CLOSED,Controlled CSV row 3 exists and normalised source-to-companion content comparison scored 1.000; source-date and source-code updates are governed by Phase 14C registers.
APX-T32-R04,C,table_row,Table C.1 row 4,Table C.1,Table Row,"Milestone or record class = Approved Project Protocol || Minimum controlled record = Mandatory. DECIDE record, alternatives, selected route, method, instruments, sampling or data plan, evaluation contract, provenance and fallback. Conditional. Ethics, data, security, licence or site approvals. || Review, approval and retention = Supervisor accepts the scientific protocol; competent external authority approves regulated access or activity. Store the approved version and every amendment in a restricted, versioned protocol area. || Missing or stale record: control response = Reopen the Design Gate. Stop any unauthorised collection, intervention or deployment; repair the protocol before execution resumes.",MIGRATE_AS_EDITABLE_RECORD_ROW,NO_TABLE_ROW; REINTEGRATE ONLY THE STABLE PRINCIPLE WHERE REQUIRED,companion/07_SUBMISSION_AND_DEFENCE/C1_MILESTONE_EVIDENCE_REGISTER.csv,MIXED,BOOK_v3.9.0_INTEGRATION_COMPLETE,companion/08_INSTITUTIONAL_LINKS/C1_PROJECT_RECORDS_AND_EVIDENCE_BY_MILESTONE.csv,data row 4,EDITABLE_ROW_PRESENT,1.000,SOURCE SET RECHECKED 2026-08-23; VOLATILE VALUES NOT FROZEN,DISPOSITION_COMPLETED_IN_BOOK_v3.9.0,COMPANION_MIGRATION_CLOSED; BOOK_v3.9.0_INTEGRATION_CLOSED,Controlled CSV row 4 exists and normalised source-to-companion content comparison scored 1.000; source-date and source-code updates are governed by Phase 14C registers.
APX-T32-R05,C,table_row,Table C.1 row 5,Table C.1,Table Row,"Milestone or record class = Execution Dossier || Minimum controlled record = Mandatory. Frozen input, environment and context, work-unit briefs, code or instruments, logs, outputs, failed runs, deviations, recovery actions and acceptance or quarantine decisions. || Review, approval and retention = Student records execution; the relevant reviewer verifies local admission. Keep sensitive data separately, preserve immutable snapshots and link each accepted output to its producing state. || Missing or stale record: control response = Reopen the Execution Gate. Repeat, repair or quarantine the unit. Never reconstruct a missing history silently after results are known.",MIGRATE_AS_EDITABLE_RECORD_ROW,NO_TABLE_ROW; REINTEGRATE ONLY THE STABLE PRINCIPLE WHERE REQUIRED,companion/07_SUBMISSION_AND_DEFENCE/C1_MILESTONE_EVIDENCE_REGISTER.csv,MIXED,BOOK_v3.9.0_INTEGRATION_COMPLETE,companion/08_INSTITUTIONAL_LINKS/C1_PROJECT_RECORDS_AND_EVIDENCE_BY_MILESTONE.csv,data row 5,EDITABLE_ROW_PRESENT,1.000,SOURCE SET RECHECKED 2026-08-23; VOLATILE VALUES NOT FROZEN,DISPOSITION_COMPLETED_IN_BOOK_v3.9.0,COMPANION_MIGRATION_CLOSED; BOOK_v3.9.0_INTEGRATION_CLOSED,Controlled CSV row 5 exists and normalised source-to-companion content comparison scored 1.000; source-date and source-code updates are governed by Phase 14C registers.
APX-T32-R06,C,table_row,Table C.1 row 6,Table C.1,Table Row,"Milestone or record class = Evaluation and Claim Dossier || Minimum controlled record = Mandatory. Analysis scripts, result tables and figures, source data or derivation record, baselines, uncertainty, counter-evidence, robustness checks, limitations and bounded claim register. || Review, approval and retention = Student owns the analysis; supervisor or method reviewer challenges inference and claim scope. Retain immutable result snapshots and direct claim-to-evidence links. || Missing or stale record: control response = Reopen the Claim Gate. Narrow, suspend or withdraw the claim, or return to execution, design or evidence where the defect originated.",MIGRATE_AS_EDITABLE_RECORD_ROW,NO_TABLE_ROW; REINTEGRATE ONLY THE STABLE PRINCIPLE WHERE REQUIRED,companion/07_SUBMISSION_AND_DEFENCE/C1_MILESTONE_EVIDENCE_REGISTER.csv,MIXED,BOOK_v3.9.0_INTEGRATION_COMPLETE,companion/08_INSTITUTIONAL_LINKS/C1_PROJECT_RECORDS_AND_EVIDENCE_BY_MILESTONE.csv,data row 6,EDITABLE_ROW_PRESENT,1.000,SOURCE SET RECHECKED 2026-08-23; VOLATILE VALUES NOT FROZEN,DISPOSITION_COMPLETED_IN_BOOK_v3.9.0,COMPANION_MIGRATION_CLOSED; BOOK_v3.9.0_INTEGRATION_CLOSED,Controlled CSV row 6 exists and normalised source-to-companion content comparison scored 1.000; source-date and source-code updates are governed by Phase 14C registers.
APX-T32-R07,C,table_row,Table C.1 row 7,Table C.1,Table Row,"Milestone or record class = Coherent manuscript record || Minimum controlled record = Mandatory. Argument spine, section contracts, source-to-claim ledger, route-specific method, visual evidence plan, coherent draft and transverse TRACE record. || Review, approval and retention = Student maintains one authoritative manuscript; supervisor reviews intellectual coherence. Store manuscript versions with the rights register and links to source data for every material object. || Missing or stale record: control response = Reopen the Argument Gate. If the prose exposes a scientific defect rather than a writing defect, return to the earliest responsible gate.",MIGRATE_AS_EDITABLE_RECORD_ROW,NO_TABLE_ROW; REINTEGRATE ONLY THE STABLE PRINCIPLE WHERE REQUIRED,companion/07_SUBMISSION_AND_DEFENCE/C1_MILESTONE_EVIDENCE_REGISTER.csv,MIXED,BOOK_v3.9.0_INTEGRATION_COMPLETE,companion/08_INSTITUTIONAL_LINKS/C1_PROJECT_RECORDS_AND_EVIDENCE_BY_MILESTONE.csv,data row 7,EDITABLE_ROW_PRESENT,1.000,SOURCE SET RECHECKED 2026-08-23; VOLATILE VALUES NOT FROZEN,DISPOSITION_COMPLETED_IN_BOOK_v3.9.0,COMPANION_MIGRATION_CLOSED; BOOK_v3.9.0_INTEGRATION_CLOSED,Controlled CSV row 7 exists and normalised source-to-companion content comparison scored 1.000; source-date and source-code updates are governed by Phase 14C registers.
APX-T32-R08,C,table_row,Table C.1 row 8,Table C.1,Table Row,"Milestone or record class = Editorial Closure Dossier || Minimum controlled record = Mandatory. Revision map, title and terminology lock, citation and reference audit, rights and attribution record, native figure and table sources, fields, bookmarks, SEQ records, accessibility report, authoritative DOCX, rendered proof, page map, manifest and hashes. || Review, approval and retention = Student or editor controls the package; publisher requirements govern delivery where applicable. Store the release candidate separately from working and restricted records. || Missing or stale record: control response = Reopen the Editorial Gate. Any substantive change to method, result or claim reopens the corresponding earlier gate and invalidates the former proof.",MIGRATE_AS_EDITABLE_RECORD_ROW,NO_TABLE_ROW; REINTEGRATE ONLY THE STABLE PRINCIPLE WHERE REQUIRED,companion/07_SUBMISSION_AND_DEFENCE/C1_MILESTONE_EVIDENCE_REGISTER.csv,MIXED,BOOK_v3.9.0_INTEGRATION_COMPLETE,companion/08_INSTITUTIONAL_LINKS/C1_PROJECT_RECORDS_AND_EVIDENCE_BY_MILESTONE.csv,data row 8,EDITABLE_ROW_PRESENT,1.000,SOURCE SET RECHECKED 2026-08-23; VOLATILE VALUES NOT FROZEN,DISPOSITION_COMPLETED_IN_BOOK_v3.9.0,COMPANION_MIGRATION_CLOSED; BOOK_v3.9.0_INTEGRATION_CLOSED,Controlled CSV row 8 exists and normalised source-to-companion content comparison scored 1.000; source-date and source-code updates are governed by Phase 14C registers.
APX-T32-R09,C,table_row,Table C.1 row 9,Table C.1,Table Row,"Milestone or record class = Defence Readiness Dossier and closeout || Minimum controlled record = Mandatory. Current-session authority record, validated final PDF and hash, official upload and registration evidence, required declarations, slides, runbook, fallback, mock-defence record, independent test and final result record. || Review, approval and retention = Student owns consistency; supervisor, department, secretariat and commission verify only their competent parts. Keep personal administrative records separate from the manuscript and release archive. || Missing or stale record: control response = Reopen the Defence Readiness Gate. Withhold submission or attendance until the official route is confirmed; substantive discrepancies reopen the relevant scientific gate.",MIGRATE_AS_EDITABLE_RECORD_ROW,NO_TABLE_ROW; REINTEGRATE ONLY THE STABLE PRINCIPLE WHERE REQUIRED,companion/07_SUBMISSION_AND_DEFENCE/C1_MILESTONE_EVIDENCE_REGISTER.csv,MIXED,BOOK_v3.9.0_INTEGRATION_COMPLETE,companion/08_INSTITUTIONAL_LINKS/C1_PROJECT_RECORDS_AND_EVIDENCE_BY_MILESTONE.csv,data row 9,EDITABLE_ROW_PRESENT,1.000,SOURCE SET RECHECKED 2026-08-23; VOLATILE VALUES NOT FROZEN,DISPOSITION_COMPLETED_IN_BOOK_v3.9.0,COMPANION_MIGRATION_CLOSED; BOOK_v3.9.0_INTEGRATION_CLOSED,Controlled CSV row 9 exists and normalised source-to-companion content comparison scored 1.000; source-date and source-code updates are governed by Phase 14C registers.
APX-T33-R00,C,table_header,Table C.2 row 0,Table C.2,Table Header,column_1 = Official record function || column_2 = Bachelor’s route || column_3 = Master’s route || column_4 = Verifier and recommended retention,CREATE_SCHEMA_AND_COLUMN_DICTIONARY,NO_TABLE; RETAIN ONLY THE STABLE PRINCIPLE WHERE REQUIRED,companion/07_SUBMISSION_AND_DEFENCE/C2_CORE_OFFICIAL_CLOSEOUT_RECORDS_BY_ROUTE.csv,YES,BOOK_v3.9.0_INTEGRATION_COMPLETE,companion/08_INSTITUTIONAL_LINKS/C2_CORE_OFFICIAL_CLOSEOUT_RECORDS_BY_ROUTE.csv,header row (row 0),SCHEMA_HEADER_PRESENT,1.000,SOURCE SET RECHECKED 2026-08-23; VOLATILE VALUES NOT FROZEN,DISPOSITION_COMPLETED_IN_BOOK_v3.9.0,COMPANION_MIGRATION_CLOSED; BOOK_v3.9.0_INTEGRATION_CLOSED,Controlled CSV row 0 exists and normalised source-to-companion content comparison scored 1.000; source-date and source-code updates are governed by Phase 14C registers.
APX-T33-R01,C,table_row,Table C.2 row 1,Table C.2,Table Row,"Official record function = Final work PDF and version identity || Bachelor’s route = Mandatory. Transmit the final bachelor’s thesis through the current official route. The reviewed, transmitted and defended copies must have the same content. Current file-naming and channel rules are volatile. Authority: C1, C4, C6, C8 and C9. || Master’s route = Mandatory. Transmit the final dissertation through the current official route. The reviewed, transmitted and defended copies must have the same content. Current file-naming and channel rules are volatile. Authority: C2, C5, C7, C8 and C9. || Verifier and recommended retention = Retain the exact PDF, cryptographic hash, upload or transmission receipt, report identifier and department acknowledgement. A file on disk without receipt is not transmission evidence.",MIGRATE_AS_EDITABLE_RECORD_ROW,NO_TABLE_ROW; REINTEGRATE ONLY THE STABLE PRINCIPLE WHERE REQUIRED,companion/07_SUBMISSION_AND_DEFENCE/C2_CORE_OFFICIAL_CLOSEOUT_RECORDS_BY_ROUTE.csv,YES,BOOK_v3.9.0_INTEGRATION_COMPLETE,companion/08_INSTITUTIONAL_LINKS/C2_CORE_OFFICIAL_CLOSEOUT_RECORDS_BY_ROUTE.csv,data row 1,EDITABLE_ROW_PRESENT,1.000,SOURCE SET RECHECKED 2026-08-23; VOLATILE VALUES NOT FROZEN,DISPOSITION_COMPLETED_IN_BOOK_v3.9.0,COMPANION_MIGRATION_CLOSED; BOOK_v3.9.0_INTEGRATION_CLOSED,Controlled CSV row 1 exists and normalised source-to-companion content comparison scored 1.000; source-date and source-code updates are governed by Phase 14C registers.
APX-T33-R02,C,table_row,Table C.2 row 2,Table C.2,Table Row,"Official record function = Similarity report and supervisor decision || Bachelor’s route = Mandatory. The thesis is checked through the institutional route and the supervisor decides Admitted or Rejected after analysing the report. Authority: C1 and C9. || Master’s route = Mandatory. The dissertation is checked through the institutional route and the supervisor decides Admitted or Rejected after analysing the report. Authority: C2 and C9. || Verifier and recommended retention = Retain report identity, reviewed-file hash, decision, date and any authorised correction cycle. Do not treat a numerical coefficient as an automatic originality verdict.",MIGRATE_AS_EDITABLE_RECORD_ROW,NO_TABLE_ROW; REINTEGRATE ONLY THE STABLE PRINCIPLE WHERE REQUIRED,companion/07_SUBMISSION_AND_DEFENCE/C2_CORE_OFFICIAL_CLOSEOUT_RECORDS_BY_ROUTE.csv,YES,BOOK_v3.9.0_INTEGRATION_COMPLETE,companion/08_INSTITUTIONAL_LINKS/C2_CORE_OFFICIAL_CLOSEOUT_RECORDS_BY_ROUTE.csv,data row 2,EDITABLE_ROW_PRESENT,1.000,SOURCE SET RECHECKED 2026-08-23; VOLATILE VALUES NOT FROZEN,DISPOSITION_COMPLETED_IN_BOOK_v3.9.0,COMPANION_MIGRATION_CLOSED; BOOK_v3.9.0_INTEGRATION_CLOSED,Controlled CSV row 2 exists and normalised source-to-companion content comparison scored 1.000; source-date and source-code updates are governed by Phase 14C registers.
APX-T33-R03,C,table_row,Table C.2 row 3,Table C.2,Table Row,"Official record function = Registration application and exact title || Bachelor’s route = Mandatory. Use the current application, dated and signed as required. The title must match the approved title and the final work. Authority: C1 and C6. || Master’s route = Mandatory. Use the current application, dated and signed as required. The title must match the approved title and the final work. Authority: C2 and C7. || Verifier and recommended retention = Retain the exact submitted copy and submission evidence. A title mismatch is a package-identity defect, not a typographical detail.",MIGRATE_AS_EDITABLE_RECORD_ROW,NO_TABLE_ROW; REINTEGRATE ONLY THE STABLE PRINCIPLE WHERE REQUIRED,companion/07_SUBMISSION_AND_DEFENCE/C2_CORE_OFFICIAL_CLOSEOUT_RECORDS_BY_ROUTE.csv,YES,BOOK_v3.9.0_INTEGRATION_COMPLETE,companion/08_INSTITUTIONAL_LINKS/C2_CORE_OFFICIAL_CLOSEOUT_RECORDS_BY_ROUTE.csv,data row 3,EDITABLE_ROW_PRESENT,1.000,SOURCE SET RECHECKED 2026-08-23; VOLATILE VALUES NOT FROZEN,DISPOSITION_COMPLETED_IN_BOOK_v3.9.0,COMPANION_MIGRATION_CLOSED; BOOK_v3.9.0_INTEGRATION_CLOSED,Controlled CSV row 3 exists and normalised source-to-companion content comparison scored 1.000; source-date and source-code updates are governed by Phase 14C registers.
APX-T33-R04,C,table_row,Table C.2 row 4,Table C.2,Table Row,"Official record function = Data-protection declaration || Bachelor’s route = Mandatory. Use the current official declaration, dated and signed. Authority: C1 and C6. || Master’s route = Mandatory. Use the current official declaration, dated and signed. Authority: C2 and C7. || Verifier and recommended retention = Retain the submitted copy in the restricted administrative dossier. Do not place signed personal forms in a public repository or companion release.",MIGRATE_AS_EDITABLE_RECORD_ROW,NO_TABLE_ROW; REINTEGRATE ONLY THE STABLE PRINCIPLE WHERE REQUIRED,companion/07_SUBMISSION_AND_DEFENCE/C2_CORE_OFFICIAL_CLOSEOUT_RECORDS_BY_ROUTE.csv,YES,BOOK_v3.9.0_INTEGRATION_COMPLETE,companion/08_INSTITUTIONAL_LINKS/C2_CORE_OFFICIAL_CLOSEOUT_RECORDS_BY_ROUTE.csv,data row 4,EDITABLE_ROW_PRESENT,1.000,SOURCE SET RECHECKED 2026-08-23; VOLATILE VALUES NOT FROZEN,DISPOSITION_COMPLETED_IN_BOOK_v3.9.0,COMPANION_MIGRATION_CLOSED; BOOK_v3.9.0_INTEGRATION_CLOSED,Controlled CSV row 4 exists and normalised source-to-companion content comparison scored 1.000; source-date and source-code updates are governed by Phase 14C registers.
APX-T33-R05,C,table_row,Table C.2 row 5,Table C.2,Table Row,"Official record function = Originality declaration || Bachelor’s route = Mandatory. Use the current official declaration, dated and signed. Authority: C1 and C6. || Master’s route = Mandatory. Use the current official declaration, dated and signed. Authority: C2 and C7. || Verifier and recommended retention = Retain the submitted copy and confirm that it refers to the same final work. The declaration supplements, rather than replaces, source and similarity controls.",MIGRATE_AS_EDITABLE_RECORD_ROW,NO_TABLE_ROW; REINTEGRATE ONLY THE STABLE PRINCIPLE WHERE REQUIRED,companion/07_SUBMISSION_AND_DEFENCE/C2_CORE_OFFICIAL_CLOSEOUT_RECORDS_BY_ROUTE.csv,YES,BOOK_v3.9.0_INTEGRATION_COMPLETE,companion/08_INSTITUTIONAL_LINKS/C2_CORE_OFFICIAL_CLOSEOUT_RECORDS_BY_ROUTE.csv,data row 5,EDITABLE_ROW_PRESENT,1.000,SOURCE SET RECHECKED 2026-08-23; VOLATILE VALUES NOT FROZEN,DISPOSITION_COMPLETED_IN_BOOK_v3.9.0,COMPANION_MIGRATION_CLOSED; BOOK_v3.9.0_INTEGRATION_CLOSED,Controlled CSV row 5 exists and normalised source-to-companion content comparison scored 1.000; source-date and source-code updates are governed by Phase 14C registers.
APX-T33-R06,C,table_row,Table C.2 row 6,Table C.2,Table Row,"Official record function = Authenticity of electronically transmitted documents || Bachelor’s route = Conditional. Use the current authenticity declaration when an officially activated electronic bachelor’s route requires it. Authority: C1 and the current faculty instruction. || Master’s route = Mandatory under the current master’s regulation and checked CSIE route. Use the current declaration, dated and signed, for documents transmitted electronically. Authority: C2 and C7. || Verifier and recommended retention = Retain the exact signed declaration, the transmitted document set and the transmission evidence together. The declaration does not cure an altered, incomplete or mismatched file set.",MIGRATE_AS_EDITABLE_RECORD_ROW,NO_TABLE_ROW; REINTEGRATE ONLY THE STABLE PRINCIPLE WHERE REQUIRED,companion/07_SUBMISSION_AND_DEFENCE/C2_CORE_OFFICIAL_CLOSEOUT_RECORDS_BY_ROUTE.csv,YES,BOOK_v3.9.0_INTEGRATION_COMPLETE,companion/08_INSTITUTIONAL_LINKS/C2_CORE_OFFICIAL_CLOSEOUT_RECORDS_BY_ROUTE.csv,data row 6,EDITABLE_ROW_PRESENT,1.000,SOURCE SET RECHECKED 2026-08-23; VOLATILE VALUES NOT FROZEN,DISPOSITION_COMPLETED_IN_BOOK_v3.9.0,COMPANION_MIGRATION_CLOSED; BOOK_v3.9.0_INTEGRATION_CLOSED,Controlled CSV row 6 exists and normalised source-to-companion content comparison scored 1.000; source-date and source-code updates are governed by Phase 14C registers.
APX-T33-R07,C,table_row,Table C.2 row 7,Table C.2,Table Row,"Official record function = Generative-AI declaration || Bachelor’s route = Mandatory. Declare use or non-use, insert the declaration immediately after Contents and submit the separate signed copy required at registration. Authority: C3 and C6. || Master’s route = Mandatory. Declare use or non-use, insert the declaration immediately after Contents and submit the separate signed copy required at registration. Authority: C3 and C7. || Verifier and recommended retention = Retain the in-work version and the exact signed submission copy. Use the current form; Annex 3 versus Annex 3.1 is a known implementation inconsistency, not a permanent number.",MIGRATE_AS_EDITABLE_RECORD_ROW,NO_TABLE_ROW; REINTEGRATE ONLY THE STABLE PRINCIPLE WHERE REQUIRED,companion/07_SUBMISSION_AND_DEFENCE/C2_CORE_OFFICIAL_CLOSEOUT_RECORDS_BY_ROUTE.csv,YES,BOOK_v3.9.0_INTEGRATION_COMPLETE,companion/08_INSTITUTIONAL_LINKS/C2_CORE_OFFICIAL_CLOSEOUT_RECORDS_BY_ROUTE.csv,data row 7,EDITABLE_ROW_PRESENT,1.000,SOURCE SET RECHECKED 2026-08-23; VOLATILE VALUES NOT FROZEN,DISPOSITION_COMPLETED_IN_BOOK_v3.9.0,COMPANION_MIGRATION_CLOSED; BOOK_v3.9.0_INTEGRATION_CLOSED,Controlled CSV row 7 exists and normalised source-to-companion content comparison scored 1.000; source-date and source-code updates are governed by Phase 14C registers.
APX-T33-R08,C,table_row,Table C.2 row 8,Table C.2,Table Row,"Official record function = Clearance, employability and session survey evidence || Bachelor’s route = Mandatory under C1: clearance and employability evidence. Mandatory in the checked CSIE session notice: satisfaction evidence. Reverify the later session. Authority: C1 and C6. || Master’s route = Mandatory under C2: clearance and employability evidence. Mandatory in the checked CSIE session notice: satisfaction evidence. Reverify the later session. Authority: C2 and C7. || Verifier and recommended retention = Retain completed forms or the evidence format required by the current route, including confirmation or screenshot where expressly requested. Do not assume that a questionnaire submission is visible to the secretariat without proof.",MIGRATE_AS_EDITABLE_RECORD_ROW,NO_TABLE_ROW; REINTEGRATE ONLY THE STABLE PRINCIPLE WHERE REQUIRED,companion/07_SUBMISSION_AND_DEFENCE/C2_CORE_OFFICIAL_CLOSEOUT_RECORDS_BY_ROUTE.csv,YES,BOOK_v3.9.0_INTEGRATION_COMPLETE,companion/08_INSTITUTIONAL_LINKS/C2_CORE_OFFICIAL_CLOSEOUT_RECORDS_BY_ROUTE.csv,data row 8,EDITABLE_ROW_PRESENT,1.000,SOURCE SET RECHECKED 2026-08-23; VOLATILE VALUES NOT FROZEN,DISPOSITION_COMPLETED_IN_BOOK_v3.9.0,COMPANION_MIGRATION_CLOSED; BOOK_v3.9.0_INTEGRATION_CLOSED,Controlled CSV row 8 exists and normalised source-to-companion content comparison scored 1.000; source-date and source-code updates are governed by Phase 14C registers.
APX-T33-R09,C,table_row,Table C.2 row 9,Table C.2,Table Row,"Official record function = Identity and civil-status records || Bachelor’s route = Mandatory in the checked CSIE notice: current identity copy. Conditional: civil-status evidence where the name differs. Reverify quantity and naming instructions. Authority: C6. || Master’s route = Mandatory in the checked CSIE notice: current identity copy. Conditional: residence evidence for an electronic identity card and civil-status evidence where the name differs. Authority: C7. || Verifier and recommended retention = Retain only the submission checklist or restricted submitted copy for as long as legitimately required. Never copy identity records into GitHub, Zenodo or the public companion.",MIGRATE_AS_EDITABLE_RECORD_ROW,NO_TABLE_ROW; REINTEGRATE ONLY THE STABLE PRINCIPLE WHERE REQUIRED,companion/07_SUBMISSION_AND_DEFENCE/C2_CORE_OFFICIAL_CLOSEOUT_RECORDS_BY_ROUTE.csv,YES,BOOK_v3.9.0_INTEGRATION_COMPLETE,companion/08_INSTITUTIONAL_LINKS/C2_CORE_OFFICIAL_CLOSEOUT_RECORDS_BY_ROUTE.csv,data row 9,EDITABLE_ROW_PRESENT,1.000,SOURCE SET RECHECKED 2026-08-23; VOLATILE VALUES NOT FROZEN,DISPOSITION_COMPLETED_IN_BOOK_v3.9.0,COMPANION_MIGRATION_CLOSED; BOOK_v3.9.0_INTEGRATION_CLOSED,Controlled CSV row 9 exists and normalised source-to-companion content comparison scored 1.000; source-date and source-code updates are governed by Phase 14C registers.
APX-T33-R10,C,table_row,Table C.2 row 10,Table C.2,Table Row,"Official record function = Bachelor’s diploma photographs || Bachelor’s route = Mandatory under the current bachelor’s regulation. The checked notice specifies current size, medium and labelling, all of which must be reverified. Authority: C1 and C6. || Master’s route = Not a universal requirement in the checked master’s regulation and CSIE master’s notice. Do not import the bachelor’s requirement. Authority: C2 and C7. || Verifier and recommended retention = Retain a dossier checklist or receipt, not an unnecessary digital image of the photographs. Apply the current official quantity and format.",MIGRATE_AS_EDITABLE_RECORD_ROW,NO_TABLE_ROW; REINTEGRATE ONLY THE STABLE PRINCIPLE WHERE REQUIRED,companion/07_SUBMISSION_AND_DEFENCE/C2_CORE_OFFICIAL_CLOSEOUT_RECORDS_BY_ROUTE.csv,YES,BOOK_v3.9.0_INTEGRATION_COMPLETE,companion/08_INSTITUTIONAL_LINKS/C2_CORE_OFFICIAL_CLOSEOUT_RECORDS_BY_ROUTE.csv,data row 10,EDITABLE_ROW_PRESENT,1.000,SOURCE SET RECHECKED 2026-08-23; VOLATILE VALUES NOT FROZEN,DISPOSITION_COMPLETED_IN_BOOK_v3.9.0,COMPANION_MIGRATION_CLOSED; BOOK_v3.9.0_INTEGRATION_CLOSED,Controlled CSV row 10 exists and normalised source-to-companion content comparison scored 1.000; source-date and source-code updates are governed by Phase 14C registers.
APX-T33-R11,C,table_row,Table C.2 row 11,Table C.2,Table Row,"Official record function = Registration confirmation || Bachelor’s route = Mandatory control outcome. Incomplete dossiers are not accepted and the secretariat confirms document verification and registration. Authority: C1 and the current faculty route. || Master’s route = Mandatory control outcome. Incomplete dossiers are not accepted and the candidate must verify the registration confirmation. Authority: C2 and the current faculty route. || Verifier and recommended retention = Retain the confirmation message, status or equivalent official evidence. Submission evidence alone is not proof of completed registration.",MIGRATE_AS_EDITABLE_RECORD_ROW,NO_TABLE_ROW; REINTEGRATE ONLY THE STABLE PRINCIPLE WHERE REQUIRED,companion/07_SUBMISSION_AND_DEFENCE/C2_CORE_OFFICIAL_CLOSEOUT_RECORDS_BY_ROUTE.csv,YES,BOOK_v3.9.0_INTEGRATION_COMPLETE,companion/08_INSTITUTIONAL_LINKS/C2_CORE_OFFICIAL_CLOSEOUT_RECORDS_BY_ROUTE.csv,data row 11,EDITABLE_ROW_PRESENT,1.000,SOURCE SET RECHECKED 2026-08-23; VOLATILE VALUES NOT FROZEN,DISPOSITION_COMPLETED_IN_BOOK_v3.9.0,COMPANION_MIGRATION_CLOSED; BOOK_v3.9.0_INTEGRATION_CLOSED,Controlled CSV row 11 exists and normalised source-to-companion content comparison scored 1.000; source-date and source-code updates are governed by Phase 14C registers.
APX-T34-R00,C,table_header,Table C.3 row 0,Table C.3,Table Header,column_1 = Trigger || column_2 = Additional record or evidence || column_3 = Verifier and recommended retention || column_4 = Recommended response,CREATE_SCHEMA_AND_COLUMN_DICTIONARY,NO_TABLE; RETAIN ONLY THE STABLE PRINCIPLE WHERE REQUIRED,companion/07_SUBMISSION_AND_DEFENCE/C3_CONDITIONAL_RECORDS_BY_TRIGGER.csv,YES,BOOK_v3.9.0_INTEGRATION_COMPLETE,companion/08_INSTITUTIONAL_LINKS/C3_CONDITIONAL_OFFICIAL_RECORDS_BY_STATUS_OR_ROUTE_CONDITION.csv,header row (row 0),SCHEMA_HEADER_PRESENT,1.000,SOURCE SET RECHECKED 2026-08-23; VOLATILE VALUES NOT FROZEN,DISPOSITION_COMPLETED_IN_BOOK_v3.9.0,COMPANION_MIGRATION_CLOSED; BOOK_v3.9.0_INTEGRATION_CLOSED,Controlled CSV row 0 exists and normalised source-to-companion content comparison scored 1.000; source-date and source-code updates are governed by Phase 14C registers.
APX-T34-R01,C,table_row,Table C.3 row 1,Table C.3,Table Row,"Trigger = Additional year || Additional record or evidence = Conditional. Evidence of the applicable examination fee and any renewed topic or supervisor request required by the current faculty route. The amount and payment channel are not frozen. Authority: C1, C2, C4–C7. || Verifier and recommended retention = Faculty or department secretariat verifies current status, credited payment and any renewed request. Retain the receipt, credited-status evidence and written confirmation in the restricted dossier. || Recommended response = Mark NOT APPLICABLE for an ordinary current-cohort candidate. If triggered and missing, registration is not ready; do not infer payment from initiation of a transaction.",MIGRATE_AS_EDITABLE_RECORD_ROW,NO_TABLE_ROW; REINTEGRATE ONLY THE STABLE PRINCIPLE WHERE REQUIRED,companion/07_SUBMISSION_AND_DEFENCE/C3_CONDITIONAL_RECORDS_BY_TRIGGER.csv,YES,BOOK_v3.9.0_INTEGRATION_COMPLETE,companion/08_INSTITUTIONAL_LINKS/C3_CONDITIONAL_OFFICIAL_RECORDS_BY_STATUS_OR_ROUTE_CONDITION.csv,data row 1,EDITABLE_ROW_PRESENT,1.000,SOURCE SET RECHECKED 2026-08-23; VOLATILE VALUES NOT FROZEN,DISPOSITION_COMPLETED_IN_BOOK_v3.9.0,COMPANION_MIGRATION_CLOSED; BOOK_v3.9.0_INTEGRATION_CLOSED,Controlled CSV row 1 exists and normalised source-to-companion content comparison scored 1.000; source-date and source-code updates are governed by Phase 14C registers.
APX-T34-R02,C,table_row,Table C.3 row 2,Table C.3,Table Row,"Trigger = Previous cohort || Additional record or evidence = Conditional. Expanded education and civil-status dossier plus fee evidence. Bachelor’s and master’s lists differ. Certification or conformity requirements must follow the regulation and current clarification. Authority: C1, C2, C6 and C7. || Verifier and recommended retention = Secretariat verifies the complete route-specific dossier. Retain the submitted inventory and confirmation. Present originals where the current certification route requires them. || Recommended response = Known control risk: C1 requires certified or legalised copies for specified bachelor’s records, while C6 is less precise. Mark CONFLICT rather than silently accepting a weaker standard.",MIGRATE_AS_EDITABLE_RECORD_ROW,NO_TABLE_ROW; REINTEGRATE ONLY THE STABLE PRINCIPLE WHERE REQUIRED,companion/07_SUBMISSION_AND_DEFENCE/C3_CONDITIONAL_RECORDS_BY_TRIGGER.csv,YES,BOOK_v3.9.0_INTEGRATION_COMPLETE,companion/08_INSTITUTIONAL_LINKS/C3_CONDITIONAL_OFFICIAL_RECORDS_BY_STATUS_OR_ROUTE_CONDITION.csv,data row 2,EDITABLE_ROW_PRESENT,1.000,SOURCE SET RECHECKED 2026-08-23; VOLATILE VALUES NOT FROZEN,DISPOSITION_COMPLETED_IN_BOOK_v3.9.0,COMPANION_MIGRATION_CLOSED; BOOK_v3.9.0_INTEGRATION_CLOSED,Controlled CSV row 2 exists and normalised source-to-companion content comparison scored 1.000; source-date and source-code updates are governed by Phase 14C registers.
APX-T34-R03,C,table_row,Table C.3 row 3,Table C.3,Table Row,"Trigger = Temporary international mobility or double degree || Additional record or evidence = Conditional. Endorsement from the competent Erasmus+ structure for access to the supplementary session when the official condition is met. Authority: C1 and C2. || Verifier and recommended retention = The competent mobility office confirms status; the faculty verifies the endorsed registration route. Retain the endorsed application and evidence of late host-university record transmission. || Recommended response = Without the status endorsement, do not claim eligibility for the supplementary route. Use the ordinary later session unless competent written authority determines otherwise.",MIGRATE_AS_EDITABLE_RECORD_ROW,NO_TABLE_ROW; REINTEGRATE ONLY THE STABLE PRINCIPLE WHERE REQUIRED,companion/07_SUBMISSION_AND_DEFENCE/C3_CONDITIONAL_RECORDS_BY_TRIGGER.csv,YES,BOOK_v3.9.0_INTEGRATION_COMPLETE,companion/08_INSTITUTIONAL_LINKS/C3_CONDITIONAL_OFFICIAL_RECORDS_BY_STATUS_OR_ROUTE_CONDITION.csv,data row 3,EDITABLE_ROW_PRESENT,0.925,SOURCE SET RECHECKED 2026-08-23; VOLATILE VALUES NOT FROZEN,DISPOSITION_COMPLETED_IN_BOOK_v3.9.0,COMPANION_MIGRATION_CLOSED; BOOK_v3.9.0_INTEGRATION_CLOSED,Controlled CSV row 3 exists and normalised source-to-companion content comparison scored 0.925; source-date and source-code updates are governed by Phase 14C registers.
APX-T34-R04,C,table_row,Table C.3 row 4,Table C.3,Table Row,"Trigger = Candidate from another university || Additional record or evidence = Conditional. Institutional protocol and approvals, route equivalence, co-supervision or ASE supervisor requirement and the expanded dossier specified by the applicable regulation. Authority: C1 or C2. || Verifier and recommended retention = Both institutions and the designated ASE authorities act within the approved protocol. Retain the protocol, approvals, supervisor record and complete candidate dossier separately from the scientific manuscript. || Recommended response = This is not an ordinary previous-cohort case. Missing institutional authority blocks the route before scientific or administrative closeout.",MIGRATE_AS_EDITABLE_RECORD_ROW,NO_TABLE_ROW; REINTEGRATE ONLY THE STABLE PRINCIPLE WHERE REQUIRED,companion/07_SUBMISSION_AND_DEFENCE/C3_CONDITIONAL_RECORDS_BY_TRIGGER.csv,YES,BOOK_v3.9.0_INTEGRATION_COMPLETE,companion/08_INSTITUTIONAL_LINKS/C3_CONDITIONAL_OFFICIAL_RECORDS_BY_STATUS_OR_ROUTE_CONDITION.csv,data row 4,EDITABLE_ROW_PRESENT,1.000,SOURCE SET RECHECKED 2026-08-23; VOLATILE VALUES NOT FROZEN,DISPOSITION_COMPLETED_IN_BOOK_v3.9.0,COMPANION_MIGRATION_CLOSED; BOOK_v3.9.0_INTEGRATION_CLOSED,Controlled CSV row 4 exists and normalised source-to-companion content comparison scored 1.000; source-date and source-code updates are governed by Phase 14C registers.
APX-T34-R05,C,table_row,Table C.3 row 5,Table C.3,Table Row,"Trigger = Electronic identity card or legal-name difference || Additional record or evidence = Conditional. Residence evidence where required for an electronic identity card and civil-status evidence where the submitted name differs from the education record. Authority: current faculty notice, including C6 or C7. || Verifier and recommended retention = Secretariat verifies identity consistency under the current instructions. Retain only the restricted submitted copy and a checklist record; avoid unnecessary duplication. || Recommended response = Do not “correct” names independently across forms. Resolve the controlling identity string and required evidence before submission.",MIGRATE_AS_EDITABLE_RECORD_ROW,NO_TABLE_ROW; REINTEGRATE ONLY THE STABLE PRINCIPLE WHERE REQUIRED,companion/07_SUBMISSION_AND_DEFENCE/C3_CONDITIONAL_RECORDS_BY_TRIGGER.csv,YES,BOOK_v3.9.0_INTEGRATION_COMPLETE,companion/08_INSTITUTIONAL_LINKS/C3_CONDITIONAL_OFFICIAL_RECORDS_BY_STATUS_OR_ROUTE_CONDITION.csv,data row 5,EDITABLE_ROW_PRESENT,1.000,SOURCE SET RECHECKED 2026-08-23; VOLATILE VALUES NOT FROZEN,DISPOSITION_COMPLETED_IN_BOOK_v3.9.0,COMPANION_MIGRATION_CLOSED; BOOK_v3.9.0_INTEGRATION_CLOSED,Controlled CSV row 5 exists and normalised source-to-companion content comparison scored 1.000; source-date and source-code updates are governed by Phase 14C registers.
APX-T34-R06,C,table_row,Table C.3 row 6,Table C.3,Table Row,"Trigger = Loss of institutional account or alternative channel || Additional record or evidence = Conditional. Obtain and retain the current authorised alternative channel or account-recovery instruction. Do not use an address remembered from a previous session. Authority: C4 or C5 and the current notice. || Verifier and recommended retention = The competent faculty or technical service confirms the route. Retain the written instruction, sent-item evidence and receipt. || Recommended response = Do not treat technical inability as automatic deadline extension. Escalate before the deadline and preserve the evidence trail.",MIGRATE_AS_EDITABLE_RECORD_ROW,NO_TABLE_ROW; REINTEGRATE ONLY THE STABLE PRINCIPLE WHERE REQUIRED,companion/07_SUBMISSION_AND_DEFENCE/C3_CONDITIONAL_RECORDS_BY_TRIGGER.csv,YES,BOOK_v3.9.0_INTEGRATION_COMPLETE,companion/08_INSTITUTIONAL_LINKS/C3_CONDITIONAL_OFFICIAL_RECORDS_BY_STATUS_OR_ROUTE_CONDITION.csv,data row 6,EDITABLE_ROW_PRESENT,1.000,SOURCE SET RECHECKED 2026-08-23; VOLATILE VALUES NOT FROZEN,DISPOSITION_COMPLETED_IN_BOOK_v3.9.0,COMPANION_MIGRATION_CLOSED; BOOK_v3.9.0_INTEGRATION_CLOSED,Controlled CSV row 6 exists and normalised source-to-companion content comparison scored 1.000; source-date and source-code updates are governed by Phase 14C registers.
APX-T34-R07,C,table_row,Table C.3 row 7,Table C.3,Table Row,"Trigger = Fee-liable status || Additional record or evidence = Conditional. Payment evidence is required for the status defined by the current regulation, including previous cohorts and additional-year candidates. The applicable amount can change. Authority: C1, C2 and current session sources. || Verifier and recommended retention = ASE records the payment only when credited under the controlling rule; the secretariat verifies the evidence. Retain receipt, transaction reference and credited-status confirmation where available. || Recommended response = A payment instruction, pending transaction or screenshot without route identity is insufficient. Missing credited evidence reopens administrative readiness.",MIGRATE_AS_EDITABLE_RECORD_ROW,NO_TABLE_ROW; REINTEGRATE ONLY THE STABLE PRINCIPLE WHERE REQUIRED,companion/07_SUBMISSION_AND_DEFENCE/C3_CONDITIONAL_RECORDS_BY_TRIGGER.csv,YES,BOOK_v3.9.0_INTEGRATION_COMPLETE,companion/08_INSTITUTIONAL_LINKS/C3_CONDITIONAL_OFFICIAL_RECORDS_BY_STATUS_OR_ROUTE_CONDITION.csv,data row 7,EDITABLE_ROW_PRESENT,1.000,SOURCE SET RECHECKED 2026-08-23; VOLATILE VALUES NOT FROZEN,DISPOSITION_COMPLETED_IN_BOOK_v3.9.0,COMPANION_MIGRATION_CLOSED; BOOK_v3.9.0_INTEGRATION_CLOSED,Controlled CSV row 7 exists and normalised source-to-companion content comparison scored 1.000; source-date and source-code updates are governed by Phase 14C registers.
APX-T35-R00,D,table_header,Table D.1 row 0,Table D.1,Table Header,"column_1 = Use or input class || column_2 = Status and boundary || column_3 = Minimum control and evidence || column_4 = Block, stop or reopen when",CREATE_SCHEMA_AND_COLUMN_DICTIONARY,NO_TABLE; RETAIN ONLY THE STABLE PRINCIPLE WHERE REQUIRED,companion/06_AI_TRACE_AND_DISCLOSURE/D1_PERMISSION_AND_CONTROL_MATRIX.csv,MIXED,BOOK_v3.9.0_INTEGRATION_COMPLETE,companion/06_AI_TRACE_AND_DISCLOSURE/D1_PERMISSION_AND_CONTROL_MATRIX_FOR_GENERATIVE_AI_USE.csv,header row (row 0),SCHEMA_HEADER_PRESENT,1.000,SOURCE SET RECHECKED 2026-08-23; VOLATILE VALUES NOT FROZEN,DISPOSITION_COMPLETED_IN_BOOK_v3.9.0,COMPANION_MIGRATION_CLOSED; BOOK_v3.9.0_INTEGRATION_CLOSED,Controlled CSV row 0 exists and normalised source-to-companion content comparison scored 1.000; source-date and source-code updates are governed by Phase 14C registers.
APX-T35-R01,D,table_row,Table D.1 row 1,Table D.1,Table Row,"Use or input class = Problem framing, brainstorming and alternative generation || Status and boundary = Conditional. Use only within the applicable rule. The student must formulate the decision problem and retain authority over selection. Authority: D1, D2 and D4. || Minimum control and evidence = Record the task, alternatives received, rejected options, selection rationale and effect on the project. Verify factual premises before they influence scope. || Block, stop or reopen when = Block adoption if the output defines the problem without student judgement, imports unverifiable assumptions or cannot be explained at the Problem Gate.",MIGRATE_AS_EDITABLE_RECORD_ROW,NO_TABLE_ROW; REINTEGRATE ONLY THE STABLE PRINCIPLE WHERE REQUIRED,companion/06_AI_TRACE_AND_DISCLOSURE/D1_PERMISSION_AND_CONTROL_MATRIX.csv,MIXED,BOOK_v3.9.0_INTEGRATION_COMPLETE,companion/06_AI_TRACE_AND_DISCLOSURE/D1_PERMISSION_AND_CONTROL_MATRIX_FOR_GENERATIVE_AI_USE.csv,data row 1,EDITABLE_ROW_PRESENT,1.000,SOURCE SET RECHECKED 2026-08-23; VOLATILE VALUES NOT FROZEN,DISPOSITION_COMPLETED_IN_BOOK_v3.9.0,COMPANION_MIGRATION_CLOSED; BOOK_v3.9.0_INTEGRATION_CLOSED,Controlled CSV row 1 exists and normalised source-to-companion content comparison scored 1.000; source-date and source-code updates are governed by Phase 14C registers.
APX-T35-R02,D,table_row,Table D.1 row 2,Table D.1,Table Row,"Use or input class = Outlining, drafting, translation and language correction || Status and boundary = Conditional. Form-only assistance is lower risk only while it does not add content, alter meaning or conceal authorship. Current disclosure rules still apply. Authority: D1, D2 and D4. || Minimum control and evidence = Compare before and after, inspect every retained passage, verify terminology and sources and record any consequential change to argument or claim. || Block, stop or reopen when = Revert or rewrite if meaning shifted, a claim was added, uncertainty was suppressed or the student cannot defend the retained wording.",MIGRATE_AS_EDITABLE_RECORD_ROW,NO_TABLE_ROW; REINTEGRATE ONLY THE STABLE PRINCIPLE WHERE REQUIRED,companion/06_AI_TRACE_AND_DISCLOSURE/D1_PERMISSION_AND_CONTROL_MATRIX.csv,MIXED,BOOK_v3.9.0_INTEGRATION_COMPLETE,companion/06_AI_TRACE_AND_DISCLOSURE/D1_PERMISSION_AND_CONTROL_MATRIX_FOR_GENERATIVE_AI_USE.csv,data row 2,EDITABLE_ROW_PRESENT,1.000,SOURCE SET RECHECKED 2026-08-23; VOLATILE VALUES NOT FROZEN,DISPOSITION_COMPLETED_IN_BOOK_v3.9.0,COMPANION_MIGRATION_CLOSED; BOOK_v3.9.0_INTEGRATION_CLOSED,Controlled CSV row 2 exists and normalised source-to-companion content comparison scored 1.000; source-date and source-code updates are governed by Phase 14C registers.
APX-T35-R03,D,table_row,Table D.1 row 3,Table D.1,Table Row,"Use or input class = Literature discovery and search support || Status and boundary = Conditional. Treat outputs as leads, never as evidence or a bibliographic authority. Authority: D1, D2 and D5. || Minimum control and evidence = Resolve each item in an authoritative catalogue, publisher page, DOI registry or primary source. Read the source actually cited and record the search route where consequential. || Block, stop or reopen when = Delete unresolved references. One fabricated item triggers an audit of the whole AI-mediated source set and every dependent claim.",MIGRATE_AS_EDITABLE_RECORD_ROW,NO_TABLE_ROW; REINTEGRATE ONLY THE STABLE PRINCIPLE WHERE REQUIRED,companion/06_AI_TRACE_AND_DISCLOSURE/D1_PERMISSION_AND_CONTROL_MATRIX.csv,MIXED,BOOK_v3.9.0_INTEGRATION_COMPLETE,companion/06_AI_TRACE_AND_DISCLOSURE/D1_PERMISSION_AND_CONTROL_MATRIX_FOR_GENERATIVE_AI_USE.csv,data row 3,EDITABLE_ROW_PRESENT,1.000,SOURCE SET RECHECKED 2026-08-23; VOLATILE VALUES NOT FROZEN,DISPOSITION_COMPLETED_IN_BOOK_v3.9.0,COMPANION_MIGRATION_CLOSED; BOOK_v3.9.0_INTEGRATION_CLOSED,Controlled CSV row 3 exists and normalised source-to-companion content comparison scored 1.000; source-date and source-code updates are governed by Phase 14C registers.
APX-T35-R04,D,table_row,Table D.1 row 4,Table D.1,Table Row,"Use or input class = Synthesis, review, gap identification and claim drafting || Status and boundary = High-risk conditional use. The system may assist comparison but must not replace source reading, eligibility decisions, appraisal, extraction or inference. Authority: D1–D4. || Minimum control and evidence = Retain source-to-claim links, extraction evidence, counter-evidence and the student’s synthesis memo. Verify quotations and summaries against the original text. || Block, stop or reopen when = Reopen the Evidence or Claim Gate when a synthesis cannot be reconstructed from controlled sources independently of the generated prose.",MIGRATE_AS_EDITABLE_RECORD_ROW,NO_TABLE_ROW; REINTEGRATE ONLY THE STABLE PRINCIPLE WHERE REQUIRED,companion/06_AI_TRACE_AND_DISCLOSURE/D1_PERMISSION_AND_CONTROL_MATRIX.csv,MIXED,BOOK_v3.9.0_INTEGRATION_COMPLETE,companion/06_AI_TRACE_AND_DISCLOSURE/D1_PERMISSION_AND_CONTROL_MATRIX_FOR_GENERATIVE_AI_USE.csv,data row 4,EDITABLE_ROW_PRESENT,1.000,SOURCE SET RECHECKED 2026-08-23; VOLATILE VALUES NOT FROZEN,DISPOSITION_COMPLETED_IN_BOOK_v3.9.0,COMPANION_MIGRATION_CLOSED; BOOK_v3.9.0_INTEGRATION_CLOSED,Controlled CSV row 4 exists and normalised source-to-companion content comparison scored 1.000; source-date and source-code updates are governed by Phase 14C registers.
APX-T35-R05,D,table_row,Table D.1 row 5,Table D.1,Table Row,"Use or input class = Code generation, debugging and technical configuration || Status and boundary = High-risk conditional use. Generated code is untrusted candidate code. Authority: D1, D2 and D5. || Minimum control and evidence = Inspect the code, dependencies and licences; run unit, integration, security and failure tests appropriate to the risk; preserve the accepted diff and test evidence; explain every material component. || Block, stop or reopen when = Quarantine code that is untested, insecure, licence-incompatible, non-reproducible or not understood by the student.",MIGRATE_AS_EDITABLE_RECORD_ROW,NO_TABLE_ROW; REINTEGRATE ONLY THE STABLE PRINCIPLE WHERE REQUIRED,companion/06_AI_TRACE_AND_DISCLOSURE/D1_PERMISSION_AND_CONTROL_MATRIX.csv,MIXED,BOOK_v3.9.0_INTEGRATION_COMPLETE,companion/06_AI_TRACE_AND_DISCLOSURE/D1_PERMISSION_AND_CONTROL_MATRIX_FOR_GENERATIVE_AI_USE.csv,data row 5,EDITABLE_ROW_PRESENT,1.000,SOURCE SET RECHECKED 2026-08-23; VOLATILE VALUES NOT FROZEN,DISPOSITION_COMPLETED_IN_BOOK_v3.9.0,COMPANION_MIGRATION_CLOSED; BOOK_v3.9.0_INTEGRATION_CLOSED,Controlled CSV row 5 exists and normalised source-to-companion content comparison scored 1.000; source-date and source-code updates are governed by Phase 14C registers.
APX-T35-R06,D,table_row,Table D.1 row 6,Table D.1,Table Row,"Use or input class = Data analysis, statistical interpretation and quantitative claims || Status and boundary = High-risk conditional use. Narrative output is not a calculation and a model’s confidence is not uncertainty analysis. Authority: D1, D2 and D5. || Minimum control and evidence = Reproduce every result from controlled data and executable analysis, check assumptions, units, denominators and sensitivity and retain the script, environment and output snapshot. || Block, stop or reopen when = Reopen the Design, Execution or Claim Gate if the result cannot be reproduced without the generative system.",MIGRATE_AS_EDITABLE_RECORD_ROW,NO_TABLE_ROW; REINTEGRATE ONLY THE STABLE PRINCIPLE WHERE REQUIRED,companion/06_AI_TRACE_AND_DISCLOSURE/D1_PERMISSION_AND_CONTROL_MATRIX.csv,MIXED,BOOK_v3.9.0_INTEGRATION_COMPLETE,companion/06_AI_TRACE_AND_DISCLOSURE/D1_PERMISSION_AND_CONTROL_MATRIX_FOR_GENERATIVE_AI_USE.csv,data row 6,EDITABLE_ROW_PRESENT,1.000,SOURCE SET RECHECKED 2026-08-23; VOLATILE VALUES NOT FROZEN,DISPOSITION_COMPLETED_IN_BOOK_v3.9.0,COMPANION_MIGRATION_CLOSED; BOOK_v3.9.0_INTEGRATION_CLOSED,Controlled CSV row 6 exists and normalised source-to-companion content comparison scored 1.000; source-date and source-code updates are governed by Phase 14C registers.
APX-T35-R07,D,table_row,Table D.1 row 7,Table D.1,Table Row,"Use or input class = Synthetic data, generated images, audio or other artefacts || Status and boundary = Conditional. They must be labelled, justified and kept distinct from observed data or documentary evidence. Rights and representational risks apply. Authority: D2, D3 and D5. || Minimum control and evidence = Record purpose, generator, model or version where available, prompt or procedure, seed or settings where applicable, provenance, limitations, licence review and separation from empirical records. || Block, stop or reopen when = Do not use generated material as if observed, measured, consented or historically authentic. Unresolved provenance or rights blocks release.",MIGRATE_AS_EDITABLE_RECORD_ROW,NO_TABLE_ROW; REINTEGRATE ONLY THE STABLE PRINCIPLE WHERE REQUIRED,companion/06_AI_TRACE_AND_DISCLOSURE/D1_PERMISSION_AND_CONTROL_MATRIX.csv,MIXED,BOOK_v3.9.0_INTEGRATION_COMPLETE,companion/06_AI_TRACE_AND_DISCLOSURE/D1_PERMISSION_AND_CONTROL_MATRIX_FOR_GENERATIVE_AI_USE.csv,data row 7,EDITABLE_ROW_PRESENT,1.000,SOURCE SET RECHECKED 2026-08-23; VOLATILE VALUES NOT FROZEN,DISPOSITION_COMPLETED_IN_BOOK_v3.9.0,COMPANION_MIGRATION_CLOSED; BOOK_v3.9.0_INTEGRATION_CLOSED,Controlled CSV row 7 exists and normalised source-to-companion content comparison scored 1.000; source-date and source-code updates are governed by Phase 14C registers.
APX-T35-R08,D,table_row,Table D.1 row 8,Table D.1,Table Row,"Use or input class = Meetings, interviews, transcription and third-party material || Status and boundary = Conditional and potentially restricted. Permission, privacy, confidentiality, research-ethics and third-party terms govern. Authority: D1 and D2. || Minimum control and evidence = Inform affected parties where required, use an authorised environment, minimise input, check the transcript against the recording and inspect received files for hidden text, metadata or embedded instructions. || Block, stop or reopen when = Do not upload protected material by default. Stop processing when authority, notice, consent or data handling is inadequate.",MIGRATE_AS_EDITABLE_RECORD_ROW,NO_TABLE_ROW; REINTEGRATE ONLY THE STABLE PRINCIPLE WHERE REQUIRED,companion/06_AI_TRACE_AND_DISCLOSURE/D1_PERMISSION_AND_CONTROL_MATRIX.csv,MIXED,BOOK_v3.9.0_INTEGRATION_COMPLETE,companion/06_AI_TRACE_AND_DISCLOSURE/D1_PERMISSION_AND_CONTROL_MATRIX_FOR_GENERATIVE_AI_USE.csv,data row 8,EDITABLE_ROW_PRESENT,1.000,SOURCE SET RECHECKED 2026-08-23; VOLATILE VALUES NOT FROZEN,DISPOSITION_COMPLETED_IN_BOOK_v3.9.0,COMPANION_MIGRATION_CLOSED; BOOK_v3.9.0_INTEGRATION_CLOSED,Controlled CSV row 8 exists and normalised source-to-companion content comparison scored 1.000; source-date and source-code updates are governed by Phase 14C registers.
APX-T35-R09,D,table_row,Table D.1 row 9,Table D.1,Table Row,"Use or input class = Personal, confidential, unpublished, licensed or security-sensitive input || Status and boundary = Mandatory boundary. Do not transmit it to an external, public or institutionally unvalidated system. An approved governed environment may be used only within documented authority. Authority: D1–D3. || Minimum control and evidence = Classify the input first, apply data minimisation and access control and retain the authorisation, environment and purpose. A provider opt-out setting does not itself create permission. || Block, stop or reopen when = Stop immediately after unauthorised disclosure, preserve an incident record and follow the competent institutional, controller or security procedure.",MIGRATE_AS_EDITABLE_RECORD_ROW,NO_TABLE_ROW; REINTEGRATE ONLY THE STABLE PRINCIPLE WHERE REQUIRED,companion/06_AI_TRACE_AND_DISCLOSURE/D1_PERMISSION_AND_CONTROL_MATRIX.csv,MIXED,BOOK_v3.9.0_INTEGRATION_COMPLETE,companion/06_AI_TRACE_AND_DISCLOSURE/D1_PERMISSION_AND_CONTROL_MATRIX_FOR_GENERATIVE_AI_USE.csv,data row 9,EDITABLE_ROW_PRESENT,1.000,SOURCE SET RECHECKED 2026-08-23; VOLATILE VALUES NOT FROZEN,DISPOSITION_COMPLETED_IN_BOOK_v3.9.0,COMPANION_MIGRATION_CLOSED; BOOK_v3.9.0_INTEGRATION_CLOSED,Controlled CSV row 9 exists and normalised source-to-companion content comparison scored 1.000; source-date and source-code updates are governed by Phase 14C registers.
APX-T35-R10,D,table_row,Table D.1 row 10,Table D.1,Table Row,"Use or input class = Fabrication, falsification, invented evidence or plagiarism concealment || Status and boundary = Mandatory prohibition. This includes invented participants, data, results, quotations or references and paraphrasing intended to disguise unattributed material. Authority: D1–D4. || Minimum control and evidence = No admissible control can convert fabrication into acceptable work. Verify provenance and attribution before retention. || Block, stop or reopen when = Remove the material, audit dependent sections and escalate under the applicable integrity procedure when the defect is material.",MIGRATE_AS_EDITABLE_RECORD_ROW,NO_TABLE_ROW; REINTEGRATE ONLY THE STABLE PRINCIPLE WHERE REQUIRED,companion/06_AI_TRACE_AND_DISCLOSURE/D1_PERMISSION_AND_CONTROL_MATRIX.csv,MIXED,BOOK_v3.9.0_INTEGRATION_COMPLETE,companion/06_AI_TRACE_AND_DISCLOSURE/D1_PERMISSION_AND_CONTROL_MATRIX_FOR_GENERATIVE_AI_USE.csv,data row 10,EDITABLE_ROW_PRESENT,1.000,SOURCE SET RECHECKED 2026-08-23; VOLATILE VALUES NOT FROZEN,DISPOSITION_COMPLETED_IN_BOOK_v3.9.0,COMPANION_MIGRATION_CLOSED; BOOK_v3.9.0_INTEGRATION_CLOSED,Controlled CSV row 10 exists and normalised source-to-companion content comparison scored 1.000; source-date and source-code updates are governed by Phase 14C registers.
APX-T35-R11,D,table_row,Table D.1 row 11,Table D.1,Table Row,"Use or input class = Confidential review, assessment or evaluation of another person’s work || Status and boundary = Mandatory restriction unless the competent process explicitly authorises a governed use. Substantial AI use can compromise confidentiality, fairness and independent judgement. Authority: D1–D3. || Minimum control and evidence = Keep protected submissions outside external systems and retain human responsibility for every evaluative judgement. Record any authorised tool use and its boundary. || Block, stop or reopen when = Do not delegate scientific assessment, peer review or grading to a generative system. Withdraw or correct a compromised evaluation through the competent route.",MIGRATE_AS_EDITABLE_RECORD_ROW,NO_TABLE_ROW; REINTEGRATE ONLY THE STABLE PRINCIPLE WHERE REQUIRED,companion/06_AI_TRACE_AND_DISCLOSURE/D1_PERMISSION_AND_CONTROL_MATRIX.csv,MIXED,BOOK_v3.9.0_INTEGRATION_COMPLETE,companion/06_AI_TRACE_AND_DISCLOSURE/D1_PERMISSION_AND_CONTROL_MATRIX_FOR_GENERATIVE_AI_USE.csv,data row 11,EDITABLE_ROW_PRESENT,1.000,SOURCE SET RECHECKED 2026-08-23; VOLATILE VALUES NOT FROZEN,DISPOSITION_COMPLETED_IN_BOOK_v3.9.0,COMPANION_MIGRATION_CLOSED; BOOK_v3.9.0_INTEGRATION_CLOSED,Controlled CSV row 11 exists and normalised source-to-companion content comparison scored 1.000; source-date and source-code updates are governed by Phase 14C registers.
APX-T35-R12,D,table_row,Table D.1 row 12,Table D.1,Table Row,"Use or input class = Examination or real-time defence assistance || Status and boundary = Mandatory prohibition unless explicitly authorised in writing for that assessment. Authority: D1. || Minimum control and evidence = Prepare offline, verify rehearsal outputs and retain TRACE where consequential. During the assessment use only the aids expressly permitted by the controlling instructions. || Block, stop or reopen when = Hidden or unauthorised answer generation is substitution, not assistance. Stop use and follow the examination rule.",MIGRATE_AS_EDITABLE_RECORD_ROW,NO_TABLE_ROW; REINTEGRATE ONLY THE STABLE PRINCIPLE WHERE REQUIRED,companion/06_AI_TRACE_AND_DISCLOSURE/D1_PERMISSION_AND_CONTROL_MATRIX.csv,MIXED,BOOK_v3.9.0_INTEGRATION_COMPLETE,companion/06_AI_TRACE_AND_DISCLOSURE/D1_PERMISSION_AND_CONTROL_MATRIX_FOR_GENERATIVE_AI_USE.csv,data row 12,EDITABLE_ROW_PRESENT,1.000,SOURCE SET RECHECKED 2026-08-23; VOLATILE VALUES NOT FROZEN,DISPOSITION_COMPLETED_IN_BOOK_v3.9.0,COMPANION_MIGRATION_CLOSED; BOOK_v3.9.0_INTEGRATION_CLOSED,Controlled CSV row 12 exists and normalised source-to-companion content comparison scored 1.000; source-date and source-code updates are governed by Phase 14C registers.
APX-T36-R00,D,table_header,Table D.2 row 0,Table D.2,Table Header,column_1 = TRACE element || column_2 = Minimum record || column_3 = Independent verification || column_4 = Closure condition,CREATE_SCHEMA_AND_COLUMN_DICTIONARY,NO_TABLE; RETAIN ONLY THE STABLE PRINCIPLE WHERE REQUIRED,companion/06_AI_TRACE_AND_DISCLOSURE/D2_TRACE_MINIMUM_RECORD_AND_CLOSURE_TEST.csv,MIXED,BOOK_v3.9.0_INTEGRATION_COMPLETE,companion/06_AI_TRACE_AND_DISCLOSURE/D2_TRACE_MINIMUM_RECORD_AND_CLOSURE_TEST.csv,header row (row 0),SCHEMA_HEADER_PRESENT,1.000,SOURCE SET RECHECKED 2026-08-23; VOLATILE VALUES NOT FROZEN,DISPOSITION_COMPLETED_IN_BOOK_v3.9.0,COMPANION_MIGRATION_CLOSED; BOOK_v3.9.0_INTEGRATION_CLOSED,Controlled CSV row 0 exists and normalised source-to-companion content comparison scored 1.000; source-date and source-code updates are governed by Phase 14C registers.
APX-T36-R01,D,table_row,Table D.2 row 1,Table D.2,Table Row,"TRACE element = Task ownership || Minimum record = State the task, project gate, intended decision and intellectual act that remains non-delegable. Identify who authorised the use where permission is conditional. || Independent verification = Show that the problem, method, acceptance criterion and final judgement were set or accepted by the student through evidence outside the generated response. || Closure condition = No retention when the system effectively performed the assessed task and the student cannot reconstruct the decision.",MIGRATE_AS_EDITABLE_RECORD_ROW,NO_TABLE_ROW; REINTEGRATE ONLY THE STABLE PRINCIPLE WHERE REQUIRED,companion/06_AI_TRACE_AND_DISCLOSURE/D2_TRACE_MINIMUM_RECORD_AND_CLOSURE_TEST.csv,MIXED,BOOK_v3.9.0_INTEGRATION_COMPLETE,companion/06_AI_TRACE_AND_DISCLOSURE/D2_TRACE_MINIMUM_RECORD_AND_CLOSURE_TEST.csv,data row 1,EDITABLE_ROW_PRESENT,1.000,SOURCE SET RECHECKED 2026-08-23; VOLATILE VALUES NOT FROZEN,DISPOSITION_COMPLETED_IN_BOOK_v3.9.0,COMPANION_MIGRATION_CLOSED; BOOK_v3.9.0_INTEGRATION_CLOSED,Controlled CSV row 1 exists and normalised source-to-companion content comparison scored 1.000; source-date and source-code updates are governed by Phase 14C registers.
APX-T36-R02,D,table_row,Table D.2 row 2,Table D.2,Table Row,"TRACE element = Record consequential use || Minimum record = Record date, provider or tool, model and version where available, interface or environment, task or prompt, relevant non-sensitive context, output identifier or excerpt and artefact affected. || Independent verification = Maintain a stable link between the log entry, the affected version and the accepted, modified, rejected or quarantined disposition. || Closure condition = A missing record does not prove misconduct but prevents a claim of controlled use; reconstruct only from contemporaneous evidence and mark uncertainty.",MIGRATE_AS_EDITABLE_RECORD_ROW,NO_TABLE_ROW; REINTEGRATE ONLY THE STABLE PRINCIPLE WHERE REQUIRED,companion/06_AI_TRACE_AND_DISCLOSURE/D2_TRACE_MINIMUM_RECORD_AND_CLOSURE_TEST.csv,MIXED,BOOK_v3.9.0_INTEGRATION_COMPLETE,companion/06_AI_TRACE_AND_DISCLOSURE/D2_TRACE_MINIMUM_RECORD_AND_CLOSURE_TEST.csv,data row 2,EDITABLE_ROW_PRESENT,1.000,SOURCE SET RECHECKED 2026-08-23; VOLATILE VALUES NOT FROZEN,DISPOSITION_COMPLETED_IN_BOOK_v3.9.0,COMPANION_MIGRATION_CLOSED; BOOK_v3.9.0_INTEGRATION_CLOSED,Controlled CSV row 2 exists and normalised source-to-companion content comparison scored 1.000; source-date and source-code updates are governed by Phase 14C registers.
APX-T36-R03,D,table_row,Table D.2 row 3,Table D.2,Table Row,"TRACE element = Assess the output || Minimum record = Check factual claims, sources, assumptions, quotations, code, calculations, licences, bias, omissions, uncertainty and foreseeable harms in proportion to the effect on the project. || Independent verification = Use primary sources, original data, executable tests, controlled calculations or competent human review independent of the generated wording. || Closure condition = Reject or quarantine any element whose verification fails or remains materially incomplete.",MIGRATE_AS_EDITABLE_RECORD_ROW,NO_TABLE_ROW; REINTEGRATE ONLY THE STABLE PRINCIPLE WHERE REQUIRED,companion/06_AI_TRACE_AND_DISCLOSURE/D2_TRACE_MINIMUM_RECORD_AND_CLOSURE_TEST.csv,MIXED,BOOK_v3.9.0_INTEGRATION_COMPLETE,companion/06_AI_TRACE_AND_DISCLOSURE/D2_TRACE_MINIMUM_RECORD_AND_CLOSURE_TEST.csv,data row 3,EDITABLE_ROW_PRESENT,1.000,SOURCE SET RECHECKED 2026-08-23; VOLATILE VALUES NOT FROZEN,DISPOSITION_COMPLETED_IN_BOOK_v3.9.0,COMPANION_MIGRATION_CLOSED; BOOK_v3.9.0_INTEGRATION_CLOSED,Controlled CSV row 3 exists and normalised source-to-companion content comparison scored 1.000; source-date and source-code updates are governed by Phase 14C registers.
APX-T36-R04,D,table_row,Table D.2 row 4,Table D.2,Table Row,"TRACE element = Confidentiality || Minimum record = Record the information class, authorised environment, minimum input, redaction or transformation and any data-owner, ethics, security or organisational condition. || Independent verification = Confirm that the actual input and provider setting complied with the controlling authority. Do not infer safety from a product label or opt-out switch. || Closure condition = Stop, contain and escalate unauthorised disclosure. Do not erase the incident trail or repeat the input merely to reproduce the output.",MIGRATE_AS_EDITABLE_RECORD_ROW,NO_TABLE_ROW; REINTEGRATE ONLY THE STABLE PRINCIPLE WHERE REQUIRED,companion/06_AI_TRACE_AND_DISCLOSURE/D2_TRACE_MINIMUM_RECORD_AND_CLOSURE_TEST.csv,MIXED,BOOK_v3.9.0_INTEGRATION_COMPLETE,companion/06_AI_TRACE_AND_DISCLOSURE/D2_TRACE_MINIMUM_RECORD_AND_CLOSURE_TEST.csv,data row 4,EDITABLE_ROW_PRESENT,1.000,SOURCE SET RECHECKED 2026-08-23; VOLATILE VALUES NOT FROZEN,DISPOSITION_COMPLETED_IN_BOOK_v3.9.0,COMPANION_MIGRATION_CLOSED; BOOK_v3.9.0_INTEGRATION_CLOSED,Controlled CSV row 4 exists and normalised source-to-companion content comparison scored 1.000; source-date and source-code updates are governed by Phase 14C registers.
APX-T36-R05,D,table_row,Table D.2 row 5,Table D.2,Table Row,"TRACE element = Explain and reproduce || Minimum record = Record the final disposition, the reason for it, the human modification and the independent evidence that supports the retained result. Map the entry to the required disclosure. || Independent verification = The student must explain the decision and reproduce the substantive result without relying on the original chat or stochastic wording. || Closure condition = If explanation or reproduction fails, treat the output as substitution or unsupported material and reopen the responsible gate.",MIGRATE_AS_EDITABLE_RECORD_ROW,NO_TABLE_ROW; REINTEGRATE ONLY THE STABLE PRINCIPLE WHERE REQUIRED,companion/06_AI_TRACE_AND_DISCLOSURE/D2_TRACE_MINIMUM_RECORD_AND_CLOSURE_TEST.csv,MIXED,BOOK_v3.9.0_INTEGRATION_COMPLETE,companion/06_AI_TRACE_AND_DISCLOSURE/D2_TRACE_MINIMUM_RECORD_AND_CLOSURE_TEST.csv,data row 5,EDITABLE_ROW_PRESENT,1.000,SOURCE SET RECHECKED 2026-08-23; VOLATILE VALUES NOT FROZEN,DISPOSITION_COMPLETED_IN_BOOK_v3.9.0,COMPANION_MIGRATION_CLOSED; BOOK_v3.9.0_INTEGRATION_CLOSED,Controlled CSV row 5 exists and normalised source-to-companion content comparison scored 1.000; source-date and source-code updates are governed by Phase 14C registers.
APX-T37-R00,D,table_header,Table D.3 row 0,Table D.3,Table Header,column_1 = Output or question || column_2 = Acceptable verification route || column_3 = Insufficient proxy || column_4 = Failure response,CREATE_SCHEMA_AND_COLUMN_DICTIONARY,NO_TABLE; RETAIN ONLY THE STABLE PRINCIPLE WHERE REQUIRED,companion/06_AI_TRACE_AND_DISCLOSURE/D3_INDEPENDENT_VERIFICATION_BY_OUTPUT_TYPE.csv,MIXED,BOOK_v3.9.0_INTEGRATION_COMPLETE,companion/06_AI_TRACE_AND_DISCLOSURE/D3_INDEPENDENT_VERIFICATION_BY_OUTPUT_TYPE.csv,header row (row 0),SCHEMA_HEADER_PRESENT,1.000,SOURCE SET RECHECKED 2026-08-23; VOLATILE VALUES NOT FROZEN,DISPOSITION_COMPLETED_IN_BOOK_v3.9.0,COMPANION_MIGRATION_CLOSED; BOOK_v3.9.0_INTEGRATION_CLOSED,Controlled CSV row 0 exists and normalised source-to-companion content comparison scored 1.000; source-date and source-code updates are governed by Phase 14C registers.
APX-T37-R01,D,table_row,Table D.3 row 1,Table D.3,Table Row,"Output or question = Factual claim or source-based statement || Acceptable verification route = Read the primary or controlling source, inspect the relevant passage and confirm context, date, scope and supersession. || Insufficient proxy = A second model answer, search snippet, generated summary or repeated fluent assertion. || Failure response = Remove or narrow the claim and audit dependent text.",MIGRATE_AS_EDITABLE_RECORD_ROW,NO_TABLE_ROW; REINTEGRATE ONLY THE STABLE PRINCIPLE WHERE REQUIRED,companion/06_AI_TRACE_AND_DISCLOSURE/D3_INDEPENDENT_VERIFICATION_BY_OUTPUT_TYPE.csv,MIXED,BOOK_v3.9.0_INTEGRATION_COMPLETE,companion/06_AI_TRACE_AND_DISCLOSURE/D3_INDEPENDENT_VERIFICATION_BY_OUTPUT_TYPE.csv,data row 1,EDITABLE_ROW_PRESENT,1.000,SOURCE SET RECHECKED 2026-08-23; VOLATILE VALUES NOT FROZEN,DISPOSITION_COMPLETED_IN_BOOK_v3.9.0,COMPANION_MIGRATION_CLOSED; BOOK_v3.9.0_INTEGRATION_CLOSED,Controlled CSV row 1 exists and normalised source-to-companion content comparison scored 1.000; source-date and source-code updates are governed by Phase 14C registers.
APX-T37-R02,D,table_row,Table D.3 row 2,Table D.3,Table Row,"Output or question = Reference, DOI or quotation || Acceptable verification route = Resolve the identifier on an authoritative publisher or registry page, inspect the actual work and compare every quotation with the original location. || Insufficient proxy = A plausible reference string, a fabricated page number or agreement between citation-generating tools. || Failure response = Delete the item and audit the entire AI-mediated bibliography and quotation set.",MIGRATE_AS_EDITABLE_RECORD_ROW,NO_TABLE_ROW; REINTEGRATE ONLY THE STABLE PRINCIPLE WHERE REQUIRED,companion/06_AI_TRACE_AND_DISCLOSURE/D3_INDEPENDENT_VERIFICATION_BY_OUTPUT_TYPE.csv,MIXED,BOOK_v3.9.0_INTEGRATION_COMPLETE,companion/06_AI_TRACE_AND_DISCLOSURE/D3_INDEPENDENT_VERIFICATION_BY_OUTPUT_TYPE.csv,data row 2,EDITABLE_ROW_PRESENT,1.000,SOURCE SET RECHECKED 2026-08-23; VOLATILE VALUES NOT FROZEN,DISPOSITION_COMPLETED_IN_BOOK_v3.9.0,COMPANION_MIGRATION_CLOSED; BOOK_v3.9.0_INTEGRATION_CLOSED,Controlled CSV row 2 exists and normalised source-to-companion content comparison scored 1.000; source-date and source-code updates are governed by Phase 14C registers.
APX-T37-R03,D,table_row,Table D.3 row 3,Table D.3,Table Row,"Output or question = Numerical result, statistic or calculation || Acceptable verification route = Recompute from controlled inputs using an inspectable formula, script or independent calculation and test assumptions and sensitivity. || Insufficient proxy = Narrative plausibility, model confidence, an unexplained table or a repeated answer. || Failure response = Reopen the responsible scientific gate and withhold the claim.",MIGRATE_AS_EDITABLE_RECORD_ROW,NO_TABLE_ROW; REINTEGRATE ONLY THE STABLE PRINCIPLE WHERE REQUIRED,companion/06_AI_TRACE_AND_DISCLOSURE/D3_INDEPENDENT_VERIFICATION_BY_OUTPUT_TYPE.csv,MIXED,BOOK_v3.9.0_INTEGRATION_COMPLETE,companion/06_AI_TRACE_AND_DISCLOSURE/D3_INDEPENDENT_VERIFICATION_BY_OUTPUT_TYPE.csv,data row 3,EDITABLE_ROW_PRESENT,1.000,SOURCE SET RECHECKED 2026-08-23; VOLATILE VALUES NOT FROZEN,DISPOSITION_COMPLETED_IN_BOOK_v3.9.0,COMPANION_MIGRATION_CLOSED; BOOK_v3.9.0_INTEGRATION_CLOSED,Controlled CSV row 3 exists and normalised source-to-companion content comparison scored 1.000; source-date and source-code updates are governed by Phase 14C registers.
APX-T37-R04,D,table_row,Table D.3 row 4,Table D.3,Table Row,"Output or question = Method, design or research gap || Acceptable verification route = Compare with the evidence base, alternatives, constraints, protocol and competent methodological review. Record counter-evidence and rejected routes. || Insufficient proxy = A model-generated rationale that cites no controlled evidence or merely confirms the proposed design. || Failure response = Return to the Evidence or Design Gate before execution continues.",MIGRATE_AS_EDITABLE_RECORD_ROW,NO_TABLE_ROW; REINTEGRATE ONLY THE STABLE PRINCIPLE WHERE REQUIRED,companion/06_AI_TRACE_AND_DISCLOSURE/D3_INDEPENDENT_VERIFICATION_BY_OUTPUT_TYPE.csv,MIXED,BOOK_v3.9.0_INTEGRATION_COMPLETE,companion/06_AI_TRACE_AND_DISCLOSURE/D3_INDEPENDENT_VERIFICATION_BY_OUTPUT_TYPE.csv,data row 4,EDITABLE_ROW_PRESENT,1.000,SOURCE SET RECHECKED 2026-08-23; VOLATILE VALUES NOT FROZEN,DISPOSITION_COMPLETED_IN_BOOK_v3.9.0,COMPANION_MIGRATION_CLOSED; BOOK_v3.9.0_INTEGRATION_CLOSED,Controlled CSV row 4 exists and normalised source-to-companion content comparison scored 1.000; source-date and source-code updates are governed by Phase 14C registers.
APX-T37-R05,D,table_row,Table D.3 row 5,Table D.3,Table Row,"Output or question = Code, query or configuration || Acceptable verification route = Inspect the implementation and dependencies, execute relevant tests, review security and licence implications and reproduce the accepted behaviour in the controlled environment. || Insufficient proxy = Successful-looking output, compilation alone, a second generated code sample or an unexamined package recommendation. || Failure response = Quarantine the artefact and block release or deployment.",MIGRATE_AS_EDITABLE_RECORD_ROW,NO_TABLE_ROW; REINTEGRATE ONLY THE STABLE PRINCIPLE WHERE REQUIRED,companion/06_AI_TRACE_AND_DISCLOSURE/D3_INDEPENDENT_VERIFICATION_BY_OUTPUT_TYPE.csv,MIXED,BOOK_v3.9.0_INTEGRATION_COMPLETE,companion/06_AI_TRACE_AND_DISCLOSURE/D3_INDEPENDENT_VERIFICATION_BY_OUTPUT_TYPE.csv,data row 5,EDITABLE_ROW_PRESENT,1.000,SOURCE SET RECHECKED 2026-08-23; VOLATILE VALUES NOT FROZEN,DISPOSITION_COMPLETED_IN_BOOK_v3.9.0,COMPANION_MIGRATION_CLOSED; BOOK_v3.9.0_INTEGRATION_CLOSED,Controlled CSV row 5 exists and normalised source-to-companion content comparison scored 1.000; source-date and source-code updates are governed by Phase 14C registers.
APX-T37-R06,D,table_row,Table D.3 row 6,Table D.3,Table Row,"Output or question = Synthetic data or generated media || Acceptable verification route = Verify labelling, generation provenance, separation from empirical data, intended analytical role, bias, rights and limitations. Test whether conclusions depend improperly on synthetic content. || Insufficient proxy = Visual realism, model self-description or a watermark detector. || Failure response = Remove, relabel or redesign the analysis and reopen provenance review.",MIGRATE_AS_EDITABLE_RECORD_ROW,NO_TABLE_ROW; REINTEGRATE ONLY THE STABLE PRINCIPLE WHERE REQUIRED,companion/06_AI_TRACE_AND_DISCLOSURE/D3_INDEPENDENT_VERIFICATION_BY_OUTPUT_TYPE.csv,MIXED,BOOK_v3.9.0_INTEGRATION_COMPLETE,companion/06_AI_TRACE_AND_DISCLOSURE/D3_INDEPENDENT_VERIFICATION_BY_OUTPUT_TYPE.csv,data row 6,EDITABLE_ROW_PRESENT,1.000,SOURCE SET RECHECKED 2026-08-23; VOLATILE VALUES NOT FROZEN,DISPOSITION_COMPLETED_IN_BOOK_v3.9.0,COMPANION_MIGRATION_CLOSED; BOOK_v3.9.0_INTEGRATION_CLOSED,Controlled CSV row 6 exists and normalised source-to-companion content comparison scored 1.000; source-date and source-code updates are governed by Phase 14C registers.
APX-T37-R07,D,table_row,Table D.3 row 7,Table D.3,Table Row,"Output or question = Language revision or translation || Acceptable verification route = Compare meaning, terminology, modality, uncertainty, quotations and citations with the controlled source text and have a competent human inspect high-stakes passages. || Insufficient proxy = Grammatical fluency, a back-translation by another model or style-detector output. || Failure response = Revert to the controlled wording or correct and reverify the affected claims.",MIGRATE_AS_EDITABLE_RECORD_ROW,NO_TABLE_ROW; REINTEGRATE ONLY THE STABLE PRINCIPLE WHERE REQUIRED,companion/06_AI_TRACE_AND_DISCLOSURE/D3_INDEPENDENT_VERIFICATION_BY_OUTPUT_TYPE.csv,MIXED,BOOK_v3.9.0_INTEGRATION_COMPLETE,companion/06_AI_TRACE_AND_DISCLOSURE/D3_INDEPENDENT_VERIFICATION_BY_OUTPUT_TYPE.csv,data row 7,EDITABLE_ROW_PRESENT,1.000,SOURCE SET RECHECKED 2026-08-23; VOLATILE VALUES NOT FROZEN,DISPOSITION_COMPLETED_IN_BOOK_v3.9.0,COMPANION_MIGRATION_CLOSED; BOOK_v3.9.0_INTEGRATION_CLOSED,Controlled CSV row 7 exists and normalised source-to-companion content comparison scored 1.000; source-date and source-code updates are governed by Phase 14C registers.
APX-T37-R08,D,table_row,Table D.3 row 8,Table D.3,Table Row,"Output or question = Authorship or suspected AI use || Acceptable verification route = Use the process record, version history, source trail, oral explanation, reproducibility and applicable academic procedure. || Insufficient proxy = An AI-detector percentage or the absence of detector flags. The current ASE guide treats such detectors as probabilistic and without evidential value. || Failure response = Do not infer guilt or innocence from the score. Escalate only through the competent evidence-based procedure.",MIGRATE_AS_EDITABLE_RECORD_ROW,NO_TABLE_ROW; REINTEGRATE ONLY THE STABLE PRINCIPLE WHERE REQUIRED,companion/06_AI_TRACE_AND_DISCLOSURE/D3_INDEPENDENT_VERIFICATION_BY_OUTPUT_TYPE.csv,MIXED,BOOK_v3.9.0_INTEGRATION_COMPLETE,companion/06_AI_TRACE_AND_DISCLOSURE/D3_INDEPENDENT_VERIFICATION_BY_OUTPUT_TYPE.csv,data row 8,EDITABLE_ROW_PRESENT,1.000,SOURCE SET RECHECKED 2026-08-23; VOLATILE VALUES NOT FROZEN,DISPOSITION_COMPLETED_IN_BOOK_v3.9.0,COMPANION_MIGRATION_CLOSED; BOOK_v3.9.0_INTEGRATION_CLOSED,Controlled CSV row 8 exists and normalised source-to-companion content comparison scored 1.000; source-date and source-code updates are governed by Phase 14C registers.
APX-T38-R00,E,table_header,Table E.1 row 0,Table E.1,Table Header,column_1 = Check and control || column_2 = Pass evidence and failure action,CREATE_SCHEMA_AND_COLUMN_DICTIONARY,NO_TABLE; RETAIN ONLY THE STABLE PRINCIPLE WHERE REQUIRED,companion/07_SUBMISSION_AND_DEFENCE/E1_FREEZE_ONE_ASSESSABLE_RECORD.csv,MIXED,BOOK_v3.9.0_INTEGRATION_COMPLETE,companion/07_SUBMISSION_AND_DEFENCE/E1_FREEZE_ONE_ASSESSABLE_RECORD.csv,header row (row 0),SCHEMA_HEADER_PRESENT,1.000,SOURCE SET RECHECKED 2026-08-23; VOLATILE VALUES NOT FROZEN,DISPOSITION_COMPLETED_IN_BOOK_v3.9.0,COMPANION_MIGRATION_CLOSED; BOOK_v3.9.0_INTEGRATION_CLOSED,Controlled CSV row 0 exists and normalised source-to-companion content comparison scored 1.000; source-date and source-code updates are governed by Phase 14C registers.
APX-T38-R01,E,table_row,Table E.1 row 1,Table E.1,Table Row,"Check and control = [ ] M — Route and current authority set are resolved. || Pass evidence and failure action = Record the degree route, programme, cohort or status, applicable regulations, current calendar, faculty instructions, forms and examination conditions. Any conflict needed for action blocks the tick. Sources E1–E8.",MIGRATE_AS_EDITABLE_RECORD_ROW,NO_TABLE_ROW; REINTEGRATE ONLY THE STABLE PRINCIPLE WHERE REQUIRED,companion/07_SUBMISSION_AND_DEFENCE/E1_FREEZE_ONE_ASSESSABLE_RECORD.csv,MIXED,BOOK_v3.9.0_INTEGRATION_COMPLETE,companion/07_SUBMISSION_AND_DEFENCE/E1_FREEZE_ONE_ASSESSABLE_RECORD.csv,data row 1,EDITABLE_ROW_PRESENT,1.000,SOURCE SET RECHECKED 2026-08-23; VOLATILE VALUES NOT FROZEN,DISPOSITION_COMPLETED_IN_BOOK_v3.9.0,COMPANION_MIGRATION_CLOSED; BOOK_v3.9.0_INTEGRATION_CLOSED,Controlled CSV row 1 exists and normalised source-to-companion content comparison scored 1.000; source-date and source-code updates are governed by Phase 14C registers.
APX-T38-R02,E,table_row,Table E.1 row 2,Table E.1,Table Row,"Check and control = [ ] M — Candidate identity, exact title and supervisor record agree. || Pass evidence and failure action = Compare the official system, topic approval, registration form, title page, final PDF and departmental record. Resolve legal-name, spelling, diacritic or title differences before transmission. Sources E1, E2, E5 and E6.",MIGRATE_AS_EDITABLE_RECORD_ROW,NO_TABLE_ROW; REINTEGRATE ONLY THE STABLE PRINCIPLE WHERE REQUIRED,companion/07_SUBMISSION_AND_DEFENCE/E1_FREEZE_ONE_ASSESSABLE_RECORD.csv,MIXED,BOOK_v3.9.0_INTEGRATION_COMPLETE,companion/07_SUBMISSION_AND_DEFENCE/E1_FREEZE_ONE_ASSESSABLE_RECORD.csv,data row 2,EDITABLE_ROW_PRESENT,0.919,SOURCE SET RECHECKED 2026-08-23; VOLATILE VALUES NOT FROZEN,DISPOSITION_COMPLETED_IN_BOOK_v3.9.0,COMPANION_MIGRATION_CLOSED; BOOK_v3.9.0_INTEGRATION_CLOSED,Controlled CSV row 2 exists and normalised source-to-companion content comparison scored 0.919; source-date and source-code updates are governed by Phase 14C registers.
APX-T38-R03,E,table_row,Table E.1 row 3,Table E.1,Table Row,"Check and control = [ ] M — One final scientific state has been frozen and validated. || Pass evidence and failure action = The question, data or corpus, method, code, results, principal claim, limitations, figures and tables agree across the similarity-reviewed file, supervisor-approved file, examination copy and slides. Scientific drift returns to the earliest responsible gate. Sources E1 and E2.",MIGRATE_AS_EDITABLE_RECORD_ROW,NO_TABLE_ROW; REINTEGRATE ONLY THE STABLE PRINCIPLE WHERE REQUIRED,companion/07_SUBMISSION_AND_DEFENCE/E1_FREEZE_ONE_ASSESSABLE_RECORD.csv,MIXED,BOOK_v3.9.0_INTEGRATION_COMPLETE,companion/07_SUBMISSION_AND_DEFENCE/E1_FREEZE_ONE_ASSESSABLE_RECORD.csv,data row 3,EDITABLE_ROW_PRESENT,1.000,SOURCE SET RECHECKED 2026-08-23; VOLATILE VALUES NOT FROZEN,DISPOSITION_COMPLETED_IN_BOOK_v3.9.0,COMPANION_MIGRATION_CLOSED; BOOK_v3.9.0_INTEGRATION_CLOSED,Controlled CSV row 3 exists and normalised source-to-companion content comparison scored 1.000; source-date and source-code updates are governed by Phase 14C registers.
APX-T38-R04,E,table_row,Table E.1 row 4,Table E.1,Table Row,"Check and control = [ ] M — Mandatory declarations accurately describe the frozen work. || Pass evidence and failure action = Use the current originality, data-protection, generative-AI and other required forms. Verify placement, signature, date, title and declared use or non-use. An absent or inaccurate mandatory declaration blocks submission. Sources E1–E3, E5 and E6.",MIGRATE_AS_EDITABLE_RECORD_ROW,NO_TABLE_ROW; REINTEGRATE ONLY THE STABLE PRINCIPLE WHERE REQUIRED,companion/07_SUBMISSION_AND_DEFENCE/E1_FREEZE_ONE_ASSESSABLE_RECORD.csv,MIXED,BOOK_v3.9.0_INTEGRATION_COMPLETE,companion/07_SUBMISSION_AND_DEFENCE/E1_FREEZE_ONE_ASSESSABLE_RECORD.csv,data row 4,EDITABLE_ROW_PRESENT,1.000,SOURCE SET RECHECKED 2026-08-23; VOLATILE VALUES NOT FROZEN,DISPOSITION_COMPLETED_IN_BOOK_v3.9.0,COMPANION_MIGRATION_CLOSED; BOOK_v3.9.0_INTEGRATION_CLOSED,Controlled CSV row 4 exists and normalised source-to-companion content comparison scored 1.000; source-date and source-code updates are governed by Phase 14C registers.
APX-T38-R05,E,table_row,Table E.1 row 5,Table E.1,Table Row,"Check and control = [ ] C — Every route- or status-triggered document has been activated. || Pass evidence and failure action = Check previous cohort, additional year, mobility, external university, fee, identity change, account access and other conditions. Record the trigger and current evidence. Conditional becomes mandatory when activated. Sources E1, E2, E5 and E6.",MIGRATE_AS_EDITABLE_RECORD_ROW,NO_TABLE_ROW; REINTEGRATE ONLY THE STABLE PRINCIPLE WHERE REQUIRED,companion/07_SUBMISSION_AND_DEFENCE/E1_FREEZE_ONE_ASSESSABLE_RECORD.csv,MIXED,BOOK_v3.9.0_INTEGRATION_COMPLETE,companion/07_SUBMISSION_AND_DEFENCE/E1_FREEZE_ONE_ASSESSABLE_RECORD.csv,data row 5,EDITABLE_ROW_PRESENT,0.924,SOURCE SET RECHECKED 2026-08-23; VOLATILE VALUES NOT FROZEN,DISPOSITION_COMPLETED_IN_BOOK_v3.9.0,COMPANION_MIGRATION_CLOSED; BOOK_v3.9.0_INTEGRATION_CLOSED,Controlled CSV row 5 exists and normalised source-to-companion content comparison scored 0.924; source-date and source-code updates are governed by Phase 14C registers.
APX-T38-R06,E,table_row,Table E.1 row 6,Table E.1,Table Row,"Check and control = [ ] R — The authoritative release is uniquely identifiable. || Pass evidence and failure action = Record filename, version, date, SHA-256 hash, manifest and storage location for the final PDF and consequential artefacts. Remove or quarantine ambiguous near-final copies.",MIGRATE_AS_EDITABLE_RECORD_ROW,NO_TABLE_ROW; REINTEGRATE ONLY THE STABLE PRINCIPLE WHERE REQUIRED,companion/07_SUBMISSION_AND_DEFENCE/E1_FREEZE_ONE_ASSESSABLE_RECORD.csv,MIXED,BOOK_v3.9.0_INTEGRATION_COMPLETE,companion/07_SUBMISSION_AND_DEFENCE/E1_FREEZE_ONE_ASSESSABLE_RECORD.csv,data row 6,EDITABLE_ROW_PRESENT,1.000,SOURCE SET RECHECKED 2026-08-23; VOLATILE VALUES NOT FROZEN,DISPOSITION_COMPLETED_IN_BOOK_v3.9.0,COMPANION_MIGRATION_CLOSED; BOOK_v3.9.0_INTEGRATION_CLOSED,Controlled CSV row 6 exists and normalised source-to-companion content comparison scored 1.000; source-date and source-code updates are governed by Phase 14C registers.
APX-T38-R07,E,table_row,Table E.1 row 7,Table E.1,Table Row,"Check and control = [ ] R — Private, administrative, examination and public packages are separated. || Pass evidence and failure action = Keep identity documents, signatures, receipts, confidential data, scientific evidence and release candidates in their correct access classes. Do not place the administrative dossier in GitHub, Zenodo or a public companion.",MIGRATE_AS_EDITABLE_RECORD_ROW,NO_TABLE_ROW; REINTEGRATE ONLY THE STABLE PRINCIPLE WHERE REQUIRED,companion/07_SUBMISSION_AND_DEFENCE/E1_FREEZE_ONE_ASSESSABLE_RECORD.csv,MIXED,BOOK_v3.9.0_INTEGRATION_COMPLETE,companion/07_SUBMISSION_AND_DEFENCE/E1_FREEZE_ONE_ASSESSABLE_RECORD.csv,data row 7,EDITABLE_ROW_PRESENT,1.000,SOURCE SET RECHECKED 2026-08-23; VOLATILE VALUES NOT FROZEN,DISPOSITION_COMPLETED_IN_BOOK_v3.9.0,COMPANION_MIGRATION_CLOSED; BOOK_v3.9.0_INTEGRATION_CLOSED,Controlled CSV row 7 exists and normalised source-to-companion content comparison scored 1.000; source-date and source-code updates are governed by Phase 14C registers.
APX-T38-R08,E,table_row,Table E.1 row 8,Table E.1,Table Row,"Check and control = [ ] R — An authorised second person has completed an identity and openability test. || Pass evidence and failure action = The reviewer identifies the authoritative state, opens the actual final files, compares sampled claims, checks declarations and records defects without oral repair from the student.",MIGRATE_AS_EDITABLE_RECORD_ROW,NO_TABLE_ROW; REINTEGRATE ONLY THE STABLE PRINCIPLE WHERE REQUIRED,companion/07_SUBMISSION_AND_DEFENCE/E1_FREEZE_ONE_ASSESSABLE_RECORD.csv,MIXED,BOOK_v3.9.0_INTEGRATION_COMPLETE,companion/07_SUBMISSION_AND_DEFENCE/E1_FREEZE_ONE_ASSESSABLE_RECORD.csv,data row 8,EDITABLE_ROW_PRESENT,1.000,SOURCE SET RECHECKED 2026-08-23; VOLATILE VALUES NOT FROZEN,DISPOSITION_COMPLETED_IN_BOOK_v3.9.0,COMPANION_MIGRATION_CLOSED; BOOK_v3.9.0_INTEGRATION_CLOSED,Controlled CSV row 8 exists and normalised source-to-companion content comparison scored 1.000; source-date and source-code updates are governed by Phase 14C registers.
APX-T39-R00,E,table_header,Table E.2 row 0,Table E.2,Table Header,column_1 = Check and control || column_2 = Pass evidence and failure action,CREATE_SCHEMA_AND_COLUMN_DICTIONARY,NO_TABLE; RETAIN ONLY THE STABLE PRINCIPLE WHERE REQUIRED,companion/07_SUBMISSION_AND_DEFENCE/E2_SUBMIT_DOSSIER_AND_PROVE_ENROLMENT.csv,YES,BOOK_v3.9.0_INTEGRATION_COMPLETE,companion/07_SUBMISSION_AND_DEFENCE/E2_SUBMIT_THE_DOSSIER_AND_PROVE_ENROLMENT.csv,header row (row 0),SCHEMA_HEADER_PRESENT,1.000,SOURCE SET RECHECKED 2026-08-23; VOLATILE VALUES NOT FROZEN,DISPOSITION_COMPLETED_IN_BOOK_v3.9.0,COMPANION_MIGRATION_CLOSED; BOOK_v3.9.0_INTEGRATION_CLOSED,Controlled CSV row 0 exists and normalised source-to-companion content comparison scored 1.000; source-date and source-code updates are governed by Phase 14C registers.
APX-T39-R01,E,table_row,Table E.2 row 1,Table E.2,Table Row,"Check and control = [ ] M — The current dossier list and core forms have been resolved for the exact route. || Pass evidence and failure action = Build the list from the current regulation, calendar and faculty instructions. Verify source, revision, title, candidate details, signature, copies, channel and deadline. Do not reuse a prior session’s checklist. Sources E1–E6.",MIGRATE_AS_EDITABLE_RECORD_ROW,NO_TABLE_ROW; REINTEGRATE ONLY THE STABLE PRINCIPLE WHERE REQUIRED,companion/07_SUBMISSION_AND_DEFENCE/E2_SUBMIT_DOSSIER_AND_PROVE_ENROLMENT.csv,YES,BOOK_v3.9.0_INTEGRATION_COMPLETE,companion/07_SUBMISSION_AND_DEFENCE/E2_SUBMIT_THE_DOSSIER_AND_PROVE_ENROLMENT.csv,data row 1,EDITABLE_ROW_PRESENT,1.000,SOURCE SET RECHECKED 2026-08-23; VOLATILE VALUES NOT FROZEN,DISPOSITION_COMPLETED_IN_BOOK_v3.9.0,COMPANION_MIGRATION_CLOSED; BOOK_v3.9.0_INTEGRATION_CLOSED,Controlled CSV row 1 exists and normalised source-to-companion content comparison scored 1.000; source-date and source-code updates are governed by Phase 14C registers.
APX-T39-R02,E,table_row,Table E.2 row 2,Table E.2,Table Row,"Check and control = [ ] C — All status-triggered forms, fees and alternative channels are resolved. || Pass evidence and failure action = Distinguish previous cohort, additional year, mobility, identity change, lost account access and other activated conditions. Retain the competent instruction and evidence. Sources E1, E2, E5 and E6.",MIGRATE_AS_EDITABLE_RECORD_ROW,NO_TABLE_ROW; REINTEGRATE ONLY THE STABLE PRINCIPLE WHERE REQUIRED,companion/07_SUBMISSION_AND_DEFENCE/E2_SUBMIT_DOSSIER_AND_PROVE_ENROLMENT.csv,YES,BOOK_v3.9.0_INTEGRATION_COMPLETE,companion/07_SUBMISSION_AND_DEFENCE/E2_SUBMIT_THE_DOSSIER_AND_PROVE_ENROLMENT.csv,data row 2,EDITABLE_ROW_PRESENT,0.917,SOURCE SET RECHECKED 2026-08-23; VOLATILE VALUES NOT FROZEN,DISPOSITION_COMPLETED_IN_BOOK_v3.9.0,COMPANION_MIGRATION_CLOSED; BOOK_v3.9.0_INTEGRATION_CLOSED,Controlled CSV row 2 exists and normalised source-to-companion content comparison scored 0.917; source-date and source-code updates are governed by Phase 14C registers.
APX-T39-R03,E,table_row,Table E.2 row 3,Table E.2,Table Row,"Check and control = [ ] M — The validated final PDF was transmitted on time through the authorised channel and opens independently. || Pass evidence and failure action = Retain the actual sent or downloaded object, timestamp, recipient or platform, identifier and receipt. Compare its hash or controlled identity with the validated file. Sources E1, E2 and E4–E7.",MIGRATE_AS_EDITABLE_RECORD_ROW,NO_TABLE_ROW; REINTEGRATE ONLY THE STABLE PRINCIPLE WHERE REQUIRED,companion/07_SUBMISSION_AND_DEFENCE/E2_SUBMIT_DOSSIER_AND_PROVE_ENROLMENT.csv,YES,BOOK_v3.9.0_INTEGRATION_COMPLETE,companion/07_SUBMISSION_AND_DEFENCE/E2_SUBMIT_THE_DOSSIER_AND_PROVE_ENROLMENT.csv,data row 3,EDITABLE_ROW_PRESENT,1.000,SOURCE SET RECHECKED 2026-08-23; VOLATILE VALUES NOT FROZEN,DISPOSITION_COMPLETED_IN_BOOK_v3.9.0,COMPANION_MIGRATION_CLOSED; BOOK_v3.9.0_INTEGRATION_CLOSED,Controlled CSV row 3 exists and normalised source-to-companion content comparison scored 1.000; source-date and source-code updates are governed by Phase 14C registers.
APX-T39-R04,E,table_row,Table E.2 row 4,Table E.2,Table Row,"Check and control = [ ] M — The registration dossier was delivered in the official window and through the correct route. || Pass evidence and failure action = Record date, place or platform, receiving unit and items delivered. Separate scientific-file transmission from dossier delivery where both are required. Sources E1, E2 and E4–E6.",MIGRATE_AS_EDITABLE_RECORD_ROW,NO_TABLE_ROW; REINTEGRATE ONLY THE STABLE PRINCIPLE WHERE REQUIRED,companion/07_SUBMISSION_AND_DEFENCE/E2_SUBMIT_DOSSIER_AND_PROVE_ENROLMENT.csv,YES,BOOK_v3.9.0_INTEGRATION_COMPLETE,companion/07_SUBMISSION_AND_DEFENCE/E2_SUBMIT_THE_DOSSIER_AND_PROVE_ENROLMENT.csv,data row 4,EDITABLE_ROW_PRESENT,1.000,SOURCE SET RECHECKED 2026-08-23; VOLATILE VALUES NOT FROZEN,DISPOSITION_COMPLETED_IN_BOOK_v3.9.0,COMPANION_MIGRATION_CLOSED; BOOK_v3.9.0_INTEGRATION_CLOSED,Controlled CSV row 4 exists and normalised source-to-companion content comparison scored 1.000; source-date and source-code updates are governed by Phase 14C registers.
APX-T39-R05,E,table_row,Table E.2 row 5,Table E.2,Table Row,"Check and control = [ ] M — Document verification and enrolment are confirmed. || Pass evidence and failure action = Retain the identifiable confirmation issued after review of the dossier. Check candidate, route, session and status. Absence of confirmation remains PENDING and requires follow-up before the examination. Sources E1, E2, E5 and E6.",MIGRATE_AS_EDITABLE_RECORD_ROW,NO_TABLE_ROW; REINTEGRATE ONLY THE STABLE PRINCIPLE WHERE REQUIRED,companion/07_SUBMISSION_AND_DEFENCE/E2_SUBMIT_DOSSIER_AND_PROVE_ENROLMENT.csv,YES,BOOK_v3.9.0_INTEGRATION_COMPLETE,companion/07_SUBMISSION_AND_DEFENCE/E2_SUBMIT_THE_DOSSIER_AND_PROVE_ENROLMENT.csv,data row 5,EDITABLE_ROW_PRESENT,0.917,SOURCE SET RECHECKED 2026-08-23; VOLATILE VALUES NOT FROZEN,DISPOSITION_COMPLETED_IN_BOOK_v3.9.0,COMPANION_MIGRATION_CLOSED; BOOK_v3.9.0_INTEGRATION_CLOSED,Controlled CSV row 5 exists and normalised source-to-companion content comparison scored 0.917; source-date and source-code updates are governed by Phase 14C registers.
APX-T39-R06,E,table_row,Table E.2 row 6,Table E.2,Table Row,"Check and control = [ ] M — Exact title and candidate identity agree across official objects. || Pass evidence and failure action = Compare application, departmental record, final PDF, declarations, receipts and scheduling list. Resolve discrepancies in writing before the defence. Sources E1, E2, E5 and E6.",MIGRATE_AS_EDITABLE_RECORD_ROW,NO_TABLE_ROW; REINTEGRATE ONLY THE STABLE PRINCIPLE WHERE REQUIRED,companion/07_SUBMISSION_AND_DEFENCE/E2_SUBMIT_DOSSIER_AND_PROVE_ENROLMENT.csv,YES,BOOK_v3.9.0_INTEGRATION_COMPLETE,companion/07_SUBMISSION_AND_DEFENCE/E2_SUBMIT_THE_DOSSIER_AND_PROVE_ENROLMENT.csv,data row 6,EDITABLE_ROW_PRESENT,0.910,SOURCE SET RECHECKED 2026-08-23; VOLATILE VALUES NOT FROZEN,DISPOSITION_COMPLETED_IN_BOOK_v3.9.0,COMPANION_MIGRATION_CLOSED; BOOK_v3.9.0_INTEGRATION_CLOSED,Controlled CSV row 6 exists and normalised source-to-companion content comparison scored 0.910; source-date and source-code updates are governed by Phase 14C registers.
APX-T39-R07,E,table_row,Table E.2 row 7,Table E.2,Table Row,"Check and control = [ ] R — Interface state and conflicting instructions have been controlled. || Pass evidence and failure action = A button state, hidden menu, mobile error or screenshot alone is not proof of success or failure. Mark competing official values CONFLICT, pause the action and retain dated written clarification. Source E7.",MIGRATE_AS_EDITABLE_RECORD_ROW,NO_TABLE_ROW; REINTEGRATE ONLY THE STABLE PRINCIPLE WHERE REQUIRED,companion/07_SUBMISSION_AND_DEFENCE/E2_SUBMIT_DOSSIER_AND_PROVE_ENROLMENT.csv,YES,BOOK_v3.9.0_INTEGRATION_COMPLETE,companion/07_SUBMISSION_AND_DEFENCE/E2_SUBMIT_THE_DOSSIER_AND_PROVE_ENROLMENT.csv,data row 7,EDITABLE_ROW_PRESENT,1.000,SOURCE SET RECHECKED 2026-08-23; VOLATILE VALUES NOT FROZEN,DISPOSITION_COMPLETED_IN_BOOK_v3.9.0,COMPANION_MIGRATION_CLOSED; BOOK_v3.9.0_INTEGRATION_CLOSED,Controlled CSV row 7 exists and normalised source-to-companion content comparison scored 1.000; source-date and source-code updates are governed by Phase 14C registers.
APX-T39-R08,E,table_row,Table E.2 row 8,Table E.2,Table Row,"Check and control = [ ] R — Account continuity and administrative privacy are protected. || Pass evidence and failure action = Where institutional access may expire, export only permitted records and confirm an authorised alternative route. Keep identity copies, signatures, civil-status records, fee evidence and personal confirmations in the restricted dossier. Sources E5–E7.",MIGRATE_AS_EDITABLE_RECORD_ROW,NO_TABLE_ROW; REINTEGRATE ONLY THE STABLE PRINCIPLE WHERE REQUIRED,companion/07_SUBMISSION_AND_DEFENCE/E2_SUBMIT_DOSSIER_AND_PROVE_ENROLMENT.csv,YES,BOOK_v3.9.0_INTEGRATION_COMPLETE,companion/07_SUBMISSION_AND_DEFENCE/E2_SUBMIT_THE_DOSSIER_AND_PROVE_ENROLMENT.csv,data row 8,EDITABLE_ROW_PRESENT,1.000,SOURCE SET RECHECKED 2026-08-23; VOLATILE VALUES NOT FROZEN,DISPOSITION_COMPLETED_IN_BOOK_v3.9.0,COMPANION_MIGRATION_CLOSED; BOOK_v3.9.0_INTEGRATION_CLOSED,Controlled CSV row 8 exists and normalised source-to-companion content comparison scored 1.000; source-date and source-code updates are governed by Phase 14C registers.
APX-T40-R00,E,table_header,Table E.3 row 0,Table E.3,Table Header,column_1 = Check and control || column_2 = Pass evidence and failure action,CREATE_SCHEMA_AND_COLUMN_DICTIONARY,NO_TABLE; RETAIN ONLY THE STABLE PRINCIPLE WHERE REQUIRED,companion/07_SUBMISSION_AND_DEFENCE/E3_DEMONSTRATION_AND_FALLBACK.csv,MIXED,BOOK_v3.9.0_INTEGRATION_COMPLETE,companion/07_SUBMISSION_AND_DEFENCE/E3_DEMONSTRATION_AND_FALLBACK.csv,header row (row 0),SCHEMA_HEADER_PRESENT,1.000,SOURCE SET RECHECKED 2026-08-23; VOLATILE VALUES NOT FROZEN,DISPOSITION_COMPLETED_IN_BOOK_v3.9.0,COMPANION_MIGRATION_CLOSED; BOOK_v3.9.0_INTEGRATION_CLOSED,Controlled CSV row 0 exists and normalised source-to-companion content comparison scored 1.000; source-date and source-code updates are governed by Phase 14C registers.
APX-T40-R01,E,table_row,Table E.3 row 1,Table E.3,Table Row,"Check and control = [ ] C — The role and constraints of demonstration are confirmed. || Pass evidence and failure action = Record whether demonstration is required, permitted, optional or N/A, who authorised it and any time, equipment, network, security or data constraints. N/A requires a recorded reason.",MIGRATE_AS_EDITABLE_RECORD_ROW,NO_TABLE_ROW; REINTEGRATE ONLY THE STABLE PRINCIPLE WHERE REQUIRED,companion/07_SUBMISSION_AND_DEFENCE/E3_DEMONSTRATION_AND_FALLBACK.csv,MIXED,BOOK_v3.9.0_INTEGRATION_COMPLETE,companion/07_SUBMISSION_AND_DEFENCE/E3_DEMONSTRATION_AND_FALLBACK.csv,data row 1,EDITABLE_ROW_PRESENT,1.000,SOURCE SET RECHECKED 2026-08-23; VOLATILE VALUES NOT FROZEN,DISPOSITION_COMPLETED_IN_BOOK_v3.9.0,COMPANION_MIGRATION_CLOSED; BOOK_v3.9.0_INTEGRATION_CLOSED,Controlled CSV row 1 exists and normalised source-to-companion content comparison scored 1.000; source-date and source-code updates are governed by Phase 14C registers.
APX-T40-R02,E,table_row,Table E.3 row 2,Table E.3,Table Row,"Check and control = [ ] R — One declared release, procedure and expected result govern every path. || Pass evidence and failure action = Record release or corpus identifier, environment, input, command or procedure, expected output, interpretation and principal boundary. Do not improvise with a newer or stronger state.",MIGRATE_AS_EDITABLE_RECORD_ROW,NO_TABLE_ROW; REINTEGRATE ONLY THE STABLE PRINCIPLE WHERE REQUIRED,companion/07_SUBMISSION_AND_DEFENCE/E3_DEMONSTRATION_AND_FALLBACK.csv,MIXED,BOOK_v3.9.0_INTEGRATION_COMPLETE,companion/07_SUBMISSION_AND_DEFENCE/E3_DEMONSTRATION_AND_FALLBACK.csv,data row 2,EDITABLE_ROW_PRESENT,1.000,SOURCE SET RECHECKED 2026-08-23; VOLATILE VALUES NOT FROZEN,DISPOSITION_COMPLETED_IN_BOOK_v3.9.0,COMPANION_MIGRATION_CLOSED; BOOK_v3.9.0_INTEGRATION_CLOSED,Controlled CSV row 2 exists and normalised source-to-companion content comparison scored 1.000; source-date and source-code updates are governed by Phase 14C registers.
APX-T40-R03,E,table_row,Table E.3 row 3,Table E.3,Table Row,"Check and control = [ ] R — Primary and secondary paths have passed timed tests. || Pass evidence and failure action = Run under the intended access class and equivalent equipment conditions. Record test date, duration, result, deviation and the condition for switching paths.",MIGRATE_AS_EDITABLE_RECORD_ROW,NO_TABLE_ROW; REINTEGRATE ONLY THE STABLE PRINCIPLE WHERE REQUIRED,companion/07_SUBMISSION_AND_DEFENCE/E3_DEMONSTRATION_AND_FALLBACK.csv,MIXED,BOOK_v3.9.0_INTEGRATION_COMPLETE,companion/07_SUBMISSION_AND_DEFENCE/E3_DEMONSTRATION_AND_FALLBACK.csv,data row 3,EDITABLE_ROW_PRESENT,1.000,SOURCE SET RECHECKED 2026-08-23; VOLATILE VALUES NOT FROZEN,DISPOSITION_COMPLETED_IN_BOOK_v3.9.0,COMPANION_MIGRATION_CLOSED; BOOK_v3.9.0_INTEGRATION_CLOSED,Controlled CSV row 3 exists and normalised source-to-companion content comparison scored 1.000; source-date and source-code updates are governed by Phase 14C registers.
APX-T40-R04,E,table_row,Table E.3 row 4,Table E.3,Table Row,"Check and control = [ ] R — The fallback is dated, sanitised and provenance-linked. || Pass evidence and failure action = Use recorded evidence only from the declared release. Remove personal data, credentials and irrelevant system detail. Retain its creation record and hash.",MIGRATE_AS_EDITABLE_RECORD_ROW,NO_TABLE_ROW; REINTEGRATE ONLY THE STABLE PRINCIPLE WHERE REQUIRED,companion/07_SUBMISSION_AND_DEFENCE/E3_DEMONSTRATION_AND_FALLBACK.csv,MIXED,BOOK_v3.9.0_INTEGRATION_COMPLETE,companion/07_SUBMISSION_AND_DEFENCE/E3_DEMONSTRATION_AND_FALLBACK.csv,data row 4,EDITABLE_ROW_PRESENT,1.000,SOURCE SET RECHECKED 2026-08-23; VOLATILE VALUES NOT FROZEN,DISPOSITION_COMPLETED_IN_BOOK_v3.9.0,COMPANION_MIGRATION_CLOSED; BOOK_v3.9.0_INTEGRATION_CLOSED,Controlled CSV row 4 exists and normalised source-to-companion content comparison scored 1.000; source-date and source-code updates are governed by Phase 14C registers.
APX-T40-R05,E,table_row,Table E.3 row 5,Table E.3,Table Row,"Check and control = [ ] R — Reset, recovery and speaking-time limits are explicit. || Pass evidence and failure action = Define the stop condition, reset procedure, maximum recovery time and transition sentence. Do not consume the defence attempting unbounded repair.",MIGRATE_AS_EDITABLE_RECORD_ROW,NO_TABLE_ROW; REINTEGRATE ONLY THE STABLE PRINCIPLE WHERE REQUIRED,companion/07_SUBMISSION_AND_DEFENCE/E3_DEMONSTRATION_AND_FALLBACK.csv,MIXED,BOOK_v3.9.0_INTEGRATION_COMPLETE,companion/07_SUBMISSION_AND_DEFENCE/E3_DEMONSTRATION_AND_FALLBACK.csv,data row 5,EDITABLE_ROW_PRESENT,1.000,SOURCE SET RECHECKED 2026-08-23; VOLATILE VALUES NOT FROZEN,DISPOSITION_COMPLETED_IN_BOOK_v3.9.0,COMPANION_MIGRATION_CLOSED; BOOK_v3.9.0_INTEGRATION_CLOSED,Controlled CSV row 5 exists and normalised source-to-companion content comparison scored 1.000; source-date and source-code updates are governed by Phase 14C registers.
APX-T40-R06,E,table_row,Table E.3 row 6,Table E.3,Table Row,"Check and control = [ ] M — Protected data, secrets, unsafe commands and unauthorised services are absent. || Pass evidence and failure action = Inspect code, logs, filenames, browser history, notifications, environment variables and media. A protected or unsafe element blocks demonstration until quarantined or authorised.",MIGRATE_AS_EDITABLE_RECORD_ROW,NO_TABLE_ROW; REINTEGRATE ONLY THE STABLE PRINCIPLE WHERE REQUIRED,companion/07_SUBMISSION_AND_DEFENCE/E3_DEMONSTRATION_AND_FALLBACK.csv,MIXED,BOOK_v3.9.0_INTEGRATION_COMPLETE,companion/07_SUBMISSION_AND_DEFENCE/E3_DEMONSTRATION_AND_FALLBACK.csv,data row 6,EDITABLE_ROW_PRESENT,1.000,SOURCE SET RECHECKED 2026-08-23; VOLATILE VALUES NOT FROZEN,DISPOSITION_COMPLETED_IN_BOOK_v3.9.0,COMPANION_MIGRATION_CLOSED; BOOK_v3.9.0_INTEGRATION_CLOSED,Controlled CSV row 6 exists and normalised source-to-companion content comparison scored 1.000; source-date and source-code updates are governed by Phase 14C registers.
APX-T40-R07,E,table_row,Table E.3 row 7,Table E.3,Table Row,"Check and control = [ ] R — A clean-machine and offline failure rehearsal has passed. || Pass evidence and failure action = An authorised second person follows the runbook without oral repair, removes the preferred network path and interrupts the sequence. Record whether every recovery path preserves the claim boundary.",MIGRATE_AS_EDITABLE_RECORD_ROW,NO_TABLE_ROW; REINTEGRATE ONLY THE STABLE PRINCIPLE WHERE REQUIRED,companion/07_SUBMISSION_AND_DEFENCE/E3_DEMONSTRATION_AND_FALLBACK.csv,MIXED,BOOK_v3.9.0_INTEGRATION_COMPLETE,companion/07_SUBMISSION_AND_DEFENCE/E3_DEMONSTRATION_AND_FALLBACK.csv,data row 7,EDITABLE_ROW_PRESENT,1.000,SOURCE SET RECHECKED 2026-08-23; VOLATILE VALUES NOT FROZEN,DISPOSITION_COMPLETED_IN_BOOK_v3.9.0,COMPANION_MIGRATION_CLOSED; BOOK_v3.9.0_INTEGRATION_CLOSED,Controlled CSV row 7 exists and normalised source-to-companion content comparison scored 1.000; source-date and source-code updates are governed by Phase 14C registers.
APX-T40-R08,E,table_row,Table E.3 row 8,Table E.3,Table Row,"Check and control = [ ] C — Fallback use is legitimate under the current demonstration requirement. || Pass evidence and failure action = A fallback does not evade an explicit live requirement. Where substitution needs authorisation, retain the competent written decision.",MIGRATE_AS_EDITABLE_RECORD_ROW,NO_TABLE_ROW; REINTEGRATE ONLY THE STABLE PRINCIPLE WHERE REQUIRED,companion/07_SUBMISSION_AND_DEFENCE/E3_DEMONSTRATION_AND_FALLBACK.csv,MIXED,BOOK_v3.9.0_INTEGRATION_COMPLETE,companion/07_SUBMISSION_AND_DEFENCE/E3_DEMONSTRATION_AND_FALLBACK.csv,data row 8,EDITABLE_ROW_PRESENT,1.000,SOURCE SET RECHECKED 2026-08-23; VOLATILE VALUES NOT FROZEN,DISPOSITION_COMPLETED_IN_BOOK_v3.9.0,COMPANION_MIGRATION_CLOSED; BOOK_v3.9.0_INTEGRATION_CLOSED,Controlled CSV row 8 exists and normalised source-to-companion content comparison scored 1.000; source-date and source-code updates are governed by Phase 14C registers.
APX-T40-R09,E,table_row,Table E.3 row 9,Table E.3,Table Row,"Check and control = [ ] R — The incident-response sequence is rehearsed. || Pass evidence and failure action = On failure, stop unsafe action, state the observation, preserve evidence, switch once to the authorised path, bound the consequence and continue.",MIGRATE_AS_EDITABLE_RECORD_ROW,NO_TABLE_ROW; REINTEGRATE ONLY THE STABLE PRINCIPLE WHERE REQUIRED,companion/07_SUBMISSION_AND_DEFENCE/E3_DEMONSTRATION_AND_FALLBACK.csv,MIXED,BOOK_v3.9.0_INTEGRATION_COMPLETE,companion/07_SUBMISSION_AND_DEFENCE/E3_DEMONSTRATION_AND_FALLBACK.csv,data row 9,EDITABLE_ROW_PRESENT,1.000,SOURCE SET RECHECKED 2026-08-23; VOLATILE VALUES NOT FROZEN,DISPOSITION_COMPLETED_IN_BOOK_v3.9.0,COMPANION_MIGRATION_CLOSED; BOOK_v3.9.0_INTEGRATION_CLOSED,Controlled CSV row 9 exists and normalised source-to-companion content comparison scored 1.000; source-date and source-code updates are governed by Phase 14C registers.
APX-T41-R00,E,table_header,Table E.4 row 0,Table E.4,Table Header,column_1 = Check and control || column_2 = Pass evidence and failure action,CREATE_SCHEMA_AND_COLUMN_DICTIONARY,NO_TABLE; RETAIN ONLY THE STABLE PRINCIPLE WHERE REQUIRED,companion/07_SUBMISSION_AND_DEFENCE/E4_PRESENTATION_AND_ACCESSIBILITY.csv,MIXED,BOOK_v3.9.0_INTEGRATION_COMPLETE,companion/07_SUBMISSION_AND_DEFENCE/E4_PRESENTATION_AND_ACCESSIBILITY.csv,header row (row 0),SCHEMA_HEADER_PRESENT,1.000,SOURCE SET RECHECKED 2026-08-23; VOLATILE VALUES NOT FROZEN,DISPOSITION_COMPLETED_IN_BOOK_v3.9.0,COMPANION_MIGRATION_CLOSED; BOOK_v3.9.0_INTEGRATION_CLOSED,Controlled CSV row 0 exists and normalised source-to-companion content comparison scored 1.000; source-date and source-code updates are governed by Phase 14C registers.
APX-T41-R01,E,table_row,Table E.4 row 1,Table E.4,Table Row,"Check and control = [ ] M — Current schedule, route, duration, room or platform and permitted aids are confirmed. || Pass evidence and failure action = Use the current official publication or written clarification. Do not import bachelor’s test structure or timing into the master’s route, or vice versa. Sources E1, E2 and E4–E6.",MIGRATE_AS_EDITABLE_RECORD_ROW,NO_TABLE_ROW; REINTEGRATE ONLY THE STABLE PRINCIPLE WHERE REQUIRED,companion/07_SUBMISSION_AND_DEFENCE/E4_PRESENTATION_AND_ACCESSIBILITY.csv,MIXED,BOOK_v3.9.0_INTEGRATION_COMPLETE,companion/07_SUBMISSION_AND_DEFENCE/E4_PRESENTATION_AND_ACCESSIBILITY.csv,data row 1,EDITABLE_ROW_PRESENT,1.000,SOURCE SET RECHECKED 2026-08-23; VOLATILE VALUES NOT FROZEN,DISPOSITION_COMPLETED_IN_BOOK_v3.9.0,COMPANION_MIGRATION_CLOSED; BOOK_v3.9.0_INTEGRATION_CLOSED,Controlled CSV row 1 exists and normalised source-to-companion content comparison scored 1.000; source-date and source-code updates are governed by Phase 14C registers.
APX-T41-R02,E,table_row,Table E.4 row 2,Table E.4,Table Row,"Check and control = [ ] C — Route-specific theoretical questions or bibliography are prepared where activated. || Pass evidence and failure action = For the bachelor’s route, verify the current faculty topic, bibliography and mode of assessment. Do not add this component to the master’s route without an applicable instruction. Source E5.",MIGRATE_AS_EDITABLE_RECORD_ROW,NO_TABLE_ROW; REINTEGRATE ONLY THE STABLE PRINCIPLE WHERE REQUIRED,companion/07_SUBMISSION_AND_DEFENCE/E4_PRESENTATION_AND_ACCESSIBILITY.csv,MIXED,BOOK_v3.9.0_INTEGRATION_COMPLETE,companion/07_SUBMISSION_AND_DEFENCE/E4_PRESENTATION_AND_ACCESSIBILITY.csv,data row 2,EDITABLE_ROW_PRESENT,1.000,SOURCE SET RECHECKED 2026-08-23; VOLATILE VALUES NOT FROZEN,DISPOSITION_COMPLETED_IN_BOOK_v3.9.0,COMPANION_MIGRATION_CLOSED; BOOK_v3.9.0_INTEGRATION_CLOSED,Controlled CSV row 2 exists and normalised source-to-companion content comparison scored 1.000; source-date and source-code updates are governed by Phase 14C registers.
APX-T41-R03,E,table_row,Table E.4 row 3,Table E.4,Table Row,"Check and control = [ ] R — The talk has a claim-led spine and matches the frozen record. || Pass evidence and failure action = State problem, contribution, evidence, decisive result, uncertainty, limitation and implication. Cross-check every slide and note against the final manuscript and artefacts.",MIGRATE_AS_EDITABLE_RECORD_ROW,NO_TABLE_ROW; REINTEGRATE ONLY THE STABLE PRINCIPLE WHERE REQUIRED,companion/07_SUBMISSION_AND_DEFENCE/E4_PRESENTATION_AND_ACCESSIBILITY.csv,MIXED,BOOK_v3.9.0_INTEGRATION_COMPLETE,companion/07_SUBMISSION_AND_DEFENCE/E4_PRESENTATION_AND_ACCESSIBILITY.csv,data row 3,EDITABLE_ROW_PRESENT,1.000,SOURCE SET RECHECKED 2026-08-23; VOLATILE VALUES NOT FROZEN,DISPOSITION_COMPLETED_IN_BOOK_v3.9.0,COMPANION_MIGRATION_CLOSED; BOOK_v3.9.0_INTEGRATION_CLOSED,Controlled CSV row 3 exists and normalised source-to-companion content comparison scored 1.000; source-date and source-code updates are governed by Phase 14C registers.
APX-T41-R04,E,table_row,Table E.4 row 4,Table E.4,Table Row,"Check and control = [ ] M — Numbers, units, labels, figures and conclusions are consistent. || Pass evidence and failure action = Check counts, denominators, estimates, uncertainty, axes, legends, table numbers, figure versions and conclusion wording. Scientific mismatch returns to the responsible gate.",MIGRATE_AS_EDITABLE_RECORD_ROW,NO_TABLE_ROW; REINTEGRATE ONLY THE STABLE PRINCIPLE WHERE REQUIRED,companion/07_SUBMISSION_AND_DEFENCE/E4_PRESENTATION_AND_ACCESSIBILITY.csv,MIXED,BOOK_v3.9.0_INTEGRATION_COMPLETE,companion/07_SUBMISSION_AND_DEFENCE/E4_PRESENTATION_AND_ACCESSIBILITY.csv,data row 4,EDITABLE_ROW_PRESENT,1.000,SOURCE SET RECHECKED 2026-08-23; VOLATILE VALUES NOT FROZEN,DISPOSITION_COMPLETED_IN_BOOK_v3.9.0,COMPANION_MIGRATION_CLOSED; BOOK_v3.9.0_INTEGRATION_CLOSED,Controlled CSV row 4 exists and normalised source-to-companion content comparison scored 1.000; source-date and source-code updates are governed by Phase 14C registers.
APX-T41-R05,E,table_row,Table E.4 row 5,Table E.4,Table Row,"Check and control = [ ] R — The strongest sentence remains inside the Claim Gate boundary. || Pass evidence and failure action = Mark the principal claim and strongest unsupported extension. Practise rejecting causality, deployment, fairness, generalisation or institutional readiness claims not established by the design.",MIGRATE_AS_EDITABLE_RECORD_ROW,NO_TABLE_ROW; REINTEGRATE ONLY THE STABLE PRINCIPLE WHERE REQUIRED,companion/07_SUBMISSION_AND_DEFENCE/E4_PRESENTATION_AND_ACCESSIBILITY.csv,MIXED,BOOK_v3.9.0_INTEGRATION_COMPLETE,companion/07_SUBMISSION_AND_DEFENCE/E4_PRESENTATION_AND_ACCESSIBILITY.csv,data row 5,EDITABLE_ROW_PRESENT,1.000,SOURCE SET RECHECKED 2026-08-23; VOLATILE VALUES NOT FROZEN,DISPOSITION_COMPLETED_IN_BOOK_v3.9.0,COMPANION_MIGRATION_CLOSED; BOOK_v3.9.0_INTEGRATION_CLOSED,Controlled CSV row 5 exists and normalised source-to-companion content comparison scored 1.000; source-date and source-code updates are governed by Phase 14C registers.
APX-T41-R06,E,table_row,Table E.4 row 6,Table E.4,Table Row,"Check and control = [ ] R — The deck is readable and accessible under room conditions. || Pass evidence and failure action = Check final-size text, contrast, line density, colour-independent meaning, verbal descriptions, input needs and visibility from the intended room or equivalent display.",MIGRATE_AS_EDITABLE_RECORD_ROW,NO_TABLE_ROW; REINTEGRATE ONLY THE STABLE PRINCIPLE WHERE REQUIRED,companion/07_SUBMISSION_AND_DEFENCE/E4_PRESENTATION_AND_ACCESSIBILITY.csv,MIXED,BOOK_v3.9.0_INTEGRATION_COMPLETE,companion/07_SUBMISSION_AND_DEFENCE/E4_PRESENTATION_AND_ACCESSIBILITY.csv,data row 6,EDITABLE_ROW_PRESENT,1.000,SOURCE SET RECHECKED 2026-08-23; VOLATILE VALUES NOT FROZEN,DISPOSITION_COMPLETED_IN_BOOK_v3.9.0,COMPANION_MIGRATION_CLOSED; BOOK_v3.9.0_INTEGRATION_CLOSED,Controlled CSV row 6 exists and normalised source-to-companion content comparison scored 1.000; source-date and source-code updates are governed by Phase 14C registers.
APX-T41-R07,E,table_row,Table E.4 row 7,Table E.4,Table Row,"Check and control = [ ] M — Citations, rights, personal data and confidential detail are controlled. || Pass evidence and failure action = Cite sources actually used, retain required attributions and remove restricted identifiers, credentials, participant details or unauthorised third-party material.",MIGRATE_AS_EDITABLE_RECORD_ROW,NO_TABLE_ROW; REINTEGRATE ONLY THE STABLE PRINCIPLE WHERE REQUIRED,companion/07_SUBMISSION_AND_DEFENCE/E4_PRESENTATION_AND_ACCESSIBILITY.csv,MIXED,BOOK_v3.9.0_INTEGRATION_COMPLETE,companion/07_SUBMISSION_AND_DEFENCE/E4_PRESENTATION_AND_ACCESSIBILITY.csv,data row 7,EDITABLE_ROW_PRESENT,1.000,SOURCE SET RECHECKED 2026-08-23; VOLATILE VALUES NOT FROZEN,DISPOSITION_COMPLETED_IN_BOOK_v3.9.0,COMPANION_MIGRATION_CLOSED; BOOK_v3.9.0_INTEGRATION_CLOSED,Controlled CSV row 7 exists and normalised source-to-companion content comparison scored 1.000; source-date and source-code updates are governed by Phase 14C registers.
APX-T41-R08,E,table_row,Table E.4 row 8,Table E.4,Table Row,"Check and control = [ ] R — Full, compressed and no-slide narratives and the actual equipment path have passed timed tests. || Pass evidence and failure action = Open the final deck and media on equivalent equipment. Check fonts, aspect ratio, links, audio, adapters, offline access and backups. After freeze, make no hidden scientific change.",MIGRATE_AS_EDITABLE_RECORD_ROW,NO_TABLE_ROW; REINTEGRATE ONLY THE STABLE PRINCIPLE WHERE REQUIRED,companion/07_SUBMISSION_AND_DEFENCE/E4_PRESENTATION_AND_ACCESSIBILITY.csv,MIXED,BOOK_v3.9.0_INTEGRATION_COMPLETE,companion/07_SUBMISSION_AND_DEFENCE/E4_PRESENTATION_AND_ACCESSIBILITY.csv,data row 8,EDITABLE_ROW_PRESENT,1.000,SOURCE SET RECHECKED 2026-08-23; VOLATILE VALUES NOT FROZEN,DISPOSITION_COMPLETED_IN_BOOK_v3.9.0,COMPANION_MIGRATION_CLOSED; BOOK_v3.9.0_INTEGRATION_CLOSED,Controlled CSV row 8 exists and normalised source-to-companion content comparison scored 1.000; source-date and source-code updates are governed by Phase 14C registers.
APX-T42-R00,E,table_header,Table E.5 row 0,Table E.5,Table Header,column_1 = Check and control || column_2 = Pass evidence and failure action,CREATE_SCHEMA_AND_COLUMN_DICTIONARY,NO_TABLE; RETAIN ONLY THE STABLE PRINCIPLE WHERE REQUIRED,companion/07_SUBMISSION_AND_DEFENCE/E5_ORAL_OWNERSHIP_AND_HOSTILE_QUESTIONS.csv,MIXED,BOOK_v3.9.0_INTEGRATION_COMPLETE,companion/07_SUBMISSION_AND_DEFENCE/E5_ORAL_OWNERSHIP_AND_HOSTILE_QUESTIONS.csv,header row (row 0),SCHEMA_HEADER_PRESENT,1.000,SOURCE SET RECHECKED 2026-08-23; VOLATILE VALUES NOT FROZEN,DISPOSITION_COMPLETED_IN_BOOK_v3.9.0,COMPANION_MIGRATION_CLOSED; BOOK_v3.9.0_INTEGRATION_CLOSED,Controlled CSV row 0 exists and normalised source-to-companion content comparison scored 1.000; source-date and source-code updates are governed by Phase 14C registers.
APX-T42-R01,E,table_row,Table E.5 row 1,Table E.5,Table Row,"Check and control = [ ] R — The core project can be explained without a script and its evidence can be retrieved. || Pass evidence and failure action = Explain problem, contribution, method, evidence and boundary, then locate the supporting table, figure, calculation, log, excerpt, test or primary source.",MIGRATE_AS_EDITABLE_RECORD_ROW,NO_TABLE_ROW; REINTEGRATE ONLY THE STABLE PRINCIPLE WHERE REQUIRED,companion/07_SUBMISSION_AND_DEFENCE/E5_ORAL_OWNERSHIP_AND_HOSTILE_QUESTIONS.csv,MIXED,BOOK_v3.9.0_INTEGRATION_COMPLETE,companion/07_SUBMISSION_AND_DEFENCE/E5_ORAL_OWNERSHIP_AND_HOSTILE_QUESTIONS.csv,data row 1,EDITABLE_ROW_PRESENT,1.000,SOURCE SET RECHECKED 2026-08-23; VOLATILE VALUES NOT FROZEN,DISPOSITION_COMPLETED_IN_BOOK_v3.9.0,COMPANION_MIGRATION_CLOSED; BOOK_v3.9.0_INTEGRATION_CLOSED,Controlled CSV row 1 exists and normalised source-to-companion content comparison scored 1.000; source-date and source-code updates are governed by Phase 14C registers.
APX-T42-R02,E,table_row,Table E.5 row 2,Table E.5,Table Row,"Check and control = [ ] R — Design choices and rejected alternatives can be defended. || Pass evidence and failure action = State the decision criterion, feasible alternatives, evidence available at the time, trade-off and residual risk. Do not claim that one implementation was the only possible design.",MIGRATE_AS_EDITABLE_RECORD_ROW,NO_TABLE_ROW; REINTEGRATE ONLY THE STABLE PRINCIPLE WHERE REQUIRED,companion/07_SUBMISSION_AND_DEFENCE/E5_ORAL_OWNERSHIP_AND_HOSTILE_QUESTIONS.csv,MIXED,BOOK_v3.9.0_INTEGRATION_COMPLETE,companion/07_SUBMISSION_AND_DEFENCE/E5_ORAL_OWNERSHIP_AND_HOSTILE_QUESTIONS.csv,data row 2,EDITABLE_ROW_PRESENT,1.000,SOURCE SET RECHECKED 2026-08-23; VOLATILE VALUES NOT FROZEN,DISPOSITION_COMPLETED_IN_BOOK_v3.9.0,COMPANION_MIGRATION_CLOSED; BOOK_v3.9.0_INTEGRATION_CLOSED,Controlled CSV row 2 exists and normalised source-to-companion content comparison scored 1.000; source-date and source-code updates are governed by Phase 14C registers.
APX-T42-R03,E,table_row,Table E.5 row 3,Table E.5,Table Row,"Check and control = [ ] R — Limitations, uncertainty, negative results and failure cases can be discussed without minimisation. || Pass evidence and failure action = Name what remains unknown, how it affects the claim and what evidence would be required to extend the conclusion.",MIGRATE_AS_EDITABLE_RECORD_ROW,NO_TABLE_ROW; REINTEGRATE ONLY THE STABLE PRINCIPLE WHERE REQUIRED,companion/07_SUBMISSION_AND_DEFENCE/E5_ORAL_OWNERSHIP_AND_HOSTILE_QUESTIONS.csv,MIXED,BOOK_v3.9.0_INTEGRATION_COMPLETE,companion/07_SUBMISSION_AND_DEFENCE/E5_ORAL_OWNERSHIP_AND_HOSTILE_QUESTIONS.csv,data row 3,EDITABLE_ROW_PRESENT,1.000,SOURCE SET RECHECKED 2026-08-23; VOLATILE VALUES NOT FROZEN,DISPOSITION_COMPLETED_IN_BOOK_v3.9.0,COMPANION_MIGRATION_CLOSED; BOOK_v3.9.0_INTEGRATION_CLOSED,Controlled CSV row 3 exists and normalised source-to-companion content comparison scored 1.000; source-date and source-code updates are governed by Phase 14C registers.
APX-T42-R04,E,table_row,Table E.5 row 4,Table E.5,Table Row,"Check and control = [ ] M — Generative-AI use or non-use can be explained consistently with every record. || Pass evidence and failure action = Identify consequential uses, affected artefacts, verification, data boundary and retained human judgement. Oral account, TRACE, manuscript disclosure and official declaration must agree. Source E3.",MIGRATE_AS_EDITABLE_RECORD_ROW,NO_TABLE_ROW; REINTEGRATE ONLY THE STABLE PRINCIPLE WHERE REQUIRED,companion/07_SUBMISSION_AND_DEFENCE/E5_ORAL_OWNERSHIP_AND_HOSTILE_QUESTIONS.csv,MIXED,BOOK_v3.9.0_INTEGRATION_COMPLETE,companion/07_SUBMISSION_AND_DEFENCE/E5_ORAL_OWNERSHIP_AND_HOSTILE_QUESTIONS.csv,data row 4,EDITABLE_ROW_PRESENT,1.000,SOURCE SET RECHECKED 2026-08-23; VOLATILE VALUES NOT FROZEN,DISPOSITION_COMPLETED_IN_BOOK_v3.9.0,COMPANION_MIGRATION_CLOSED; BOOK_v3.9.0_INTEGRATION_CLOSED,Controlled CSV row 4 exists and normalised source-to-companion content comparison scored 1.000; source-date and source-code updates are governed by Phase 14C registers.
APX-T42-R05,E,table_row,Table E.5 row 5,Table E.5,Table Row,"Check and control = [ ] R — Requested values, counts and citations are verified before assertion. || Pass evidence and failure action = Retrieve the controlled value or state that verification is needed. Do not manufacture precision or a source to maintain conversational flow.",MIGRATE_AS_EDITABLE_RECORD_ROW,NO_TABLE_ROW; REINTEGRATE ONLY THE STABLE PRINCIPLE WHERE REQUIRED,companion/07_SUBMISSION_AND_DEFENCE/E5_ORAL_OWNERSHIP_AND_HOSTILE_QUESTIONS.csv,MIXED,BOOK_v3.9.0_INTEGRATION_COMPLETE,companion/07_SUBMISSION_AND_DEFENCE/E5_ORAL_OWNERSHIP_AND_HOSTILE_QUESTIONS.csv,data row 5,EDITABLE_ROW_PRESENT,1.000,SOURCE SET RECHECKED 2026-08-23; VOLATILE VALUES NOT FROZEN,DISPOSITION_COMPLETED_IN_BOOK_v3.9.0,COMPANION_MIGRATION_CLOSED; BOOK_v3.9.0_INTEGRATION_CLOSED,Controlled CSV row 5 exists and normalised source-to-companion content comparison scored 1.000; source-date and source-code updates are governed by Phase 14C registers.
APX-T42-R06,E,table_row,Table E.5 row 6,Table E.5,Table Row,"Check and control = [ ] R — The strongest conclusion not permitted by the design can be rejected. || Pass evidence and failure action = Answer “What can you not conclude?” with the unsupported extension, responsible limitation and evidence needed to test it.",MIGRATE_AS_EDITABLE_RECORD_ROW,NO_TABLE_ROW; REINTEGRATE ONLY THE STABLE PRINCIPLE WHERE REQUIRED,companion/07_SUBMISSION_AND_DEFENCE/E5_ORAL_OWNERSHIP_AND_HOSTILE_QUESTIONS.csv,MIXED,BOOK_v3.9.0_INTEGRATION_COMPLETE,companion/07_SUBMISSION_AND_DEFENCE/E5_ORAL_OWNERSHIP_AND_HOSTILE_QUESTIONS.csv,data row 6,EDITABLE_ROW_PRESENT,1.000,SOURCE SET RECHECKED 2026-08-23; VOLATILE VALUES NOT FROZEN,DISPOSITION_COMPLETED_IN_BOOK_v3.9.0,COMPANION_MIGRATION_CLOSED; BOOK_v3.9.0_INTEGRATION_CLOSED,Controlled CSV row 6 exists and normalised source-to-companion content comparison scored 1.000; source-date and source-code updates are governed by Phase 14C registers.
APX-T42-R07,E,table_row,Table E.5 row 7,Table E.5,Table Row,"Check and control = [ ] R — Unknowns and genuine errors can be handled honestly. || Pass evidence and failure action = State what is known, identify missing evidence and resolution method. For an error, correct it, bound its effect and identify the authorised repair path rather than defending the unsupported sentence.",MIGRATE_AS_EDITABLE_RECORD_ROW,NO_TABLE_ROW; REINTEGRATE ONLY THE STABLE PRINCIPLE WHERE REQUIRED,companion/07_SUBMISSION_AND_DEFENCE/E5_ORAL_OWNERSHIP_AND_HOSTILE_QUESTIONS.csv,MIXED,BOOK_v3.9.0_INTEGRATION_COMPLETE,companion/07_SUBMISSION_AND_DEFENCE/E5_ORAL_OWNERSHIP_AND_HOSTILE_QUESTIONS.csv,data row 7,EDITABLE_ROW_PRESENT,1.000,SOURCE SET RECHECKED 2026-08-23; VOLATILE VALUES NOT FROZEN,DISPOSITION_COMPLETED_IN_BOOK_v3.9.0,COMPANION_MIGRATION_CLOSED; BOOK_v3.9.0_INTEGRATION_CLOSED,Controlled CSV row 7 exists and normalised source-to-companion content comparison scored 1.000; source-date and source-code updates are governed by Phase 14C registers.
APX-T42-R08,E,table_row,Table E.5 row 8,Table E.5,Table Row,"Check and control = [ ] M — Hidden real-time generative answer support is absent. || Pass evidence and failure action = Do not use generative answer support unless explicitly authorised by the current rules. Technical availability, private access or prior disclosure does not create examination permission. Source E3.",MIGRATE_AS_EDITABLE_RECORD_ROW,NO_TABLE_ROW; REINTEGRATE ONLY THE STABLE PRINCIPLE WHERE REQUIRED,companion/07_SUBMISSION_AND_DEFENCE/E5_ORAL_OWNERSHIP_AND_HOSTILE_QUESTIONS.csv,MIXED,BOOK_v3.9.0_INTEGRATION_COMPLETE,companion/07_SUBMISSION_AND_DEFENCE/E5_ORAL_OWNERSHIP_AND_HOSTILE_QUESTIONS.csv,data row 8,EDITABLE_ROW_PRESENT,1.000,SOURCE SET RECHECKED 2026-08-23; VOLATILE VALUES NOT FROZEN,DISPOSITION_COMPLETED_IN_BOOK_v3.9.0,COMPANION_MIGRATION_CLOSED; BOOK_v3.9.0_INTEGRATION_CLOSED,Controlled CSV row 8 exists and normalised source-to-companion content comparison scored 1.000; source-date and source-code updates are governed by Phase 14C registers.
APX-T42-R09,E,table_row,Table E.5 row 9,Table E.5,Table Row,"Check and control = [ ] R — An authorised second person has run an unseen hostile mock defence. || Pass evidence and failure action = Cover the problem, literature, design, execution, evidence, limitations, ethics, rights, AI use and route-specific conditions. Record failed answers, repairs and retest needs.",MIGRATE_AS_EDITABLE_RECORD_ROW,NO_TABLE_ROW; REINTEGRATE ONLY THE STABLE PRINCIPLE WHERE REQUIRED,companion/07_SUBMISSION_AND_DEFENCE/E5_ORAL_OWNERSHIP_AND_HOSTILE_QUESTIONS.csv,MIXED,BOOK_v3.9.0_INTEGRATION_COMPLETE,companion/07_SUBMISSION_AND_DEFENCE/E5_ORAL_OWNERSHIP_AND_HOSTILE_QUESTIONS.csv,data row 9,EDITABLE_ROW_PRESENT,1.000,SOURCE SET RECHECKED 2026-08-23; VOLATILE VALUES NOT FROZEN,DISPOSITION_COMPLETED_IN_BOOK_v3.9.0,COMPANION_MIGRATION_CLOSED; BOOK_v3.9.0_INTEGRATION_CLOSED,Controlled CSV row 9 exists and normalised source-to-companion content comparison scored 1.000; source-date and source-code updates are governed by Phase 14C registers.
APX-T43-R00,E,table_header,Table E.6 row 0,Table E.6,Table Header,column_1 = Check and control || column_2 = Pass evidence and failure action,CREATE_SCHEMA_AND_COLUMN_DICTIONARY,NO_TABLE; RETAIN ONLY THE STABLE PRINCIPLE WHERE REQUIRED,companion/07_SUBMISSION_AND_DEFENCE/E6_DEFENCE_DAY_INCIDENT_RESPONSE_AND_CLOSEOUT.csv,MIXED,BOOK_v3.9.0_INTEGRATION_COMPLETE,companion/07_SUBMISSION_AND_DEFENCE/E6_DEFENCE_DAY_INCIDENT_RESPONSE_AND_CLOSEOUT.csv,header row (row 0),SCHEMA_HEADER_PRESENT,1.000,SOURCE SET RECHECKED 2026-08-23; VOLATILE VALUES NOT FROZEN,DISPOSITION_COMPLETED_IN_BOOK_v3.9.0,COMPANION_MIGRATION_CLOSED; BOOK_v3.9.0_INTEGRATION_CLOSED,Controlled CSV row 0 exists and normalised source-to-companion content comparison scored 1.000; source-date and source-code updates are governed by Phase 14C registers.
APX-T43-R01,E,table_row,Table E.6 row 1,Table E.6,Table Row,"Check and control = [ ] M — Final schedule, candidate, route and access conditions are rechecked. || Pass evidence and failure action = Confirm date, time, room or platform, commission or contact, identity evidence, permitted aids and arrival or connection instructions from the current official source.",MIGRATE_AS_EDITABLE_RECORD_ROW,NO_TABLE_ROW; REINTEGRATE ONLY THE STABLE PRINCIPLE WHERE REQUIRED,companion/07_SUBMISSION_AND_DEFENCE/E6_DEFENCE_DAY_INCIDENT_RESPONSE_AND_CLOSEOUT.csv,MIXED,BOOK_v3.9.0_INTEGRATION_COMPLETE,companion/07_SUBMISSION_AND_DEFENCE/E6_DEFENCE_DAY_INCIDENT_RESPONSE_AND_CLOSEOUT.csv,data row 1,EDITABLE_ROW_PRESENT,1.000,SOURCE SET RECHECKED 2026-08-23; VOLATILE VALUES NOT FROZEN,DISPOSITION_COMPLETED_IN_BOOK_v3.9.0,COMPANION_MIGRATION_CLOSED; BOOK_v3.9.0_INTEGRATION_CLOSED,Controlled CSV row 1 exists and normalised source-to-companion content comparison scored 1.000; source-date and source-code updates are governed by Phase 14C registers.
APX-T43-R02,E,table_row,Table E.6 row 2,Table E.6,Table Row,Check and control = [ ] R — The authoritative files and two controlled backups open and agree. || Pass evidence and failure action = Verify hashes or controlled identity and offline availability where lawful. Keep one backup on a distinct medium or access path.,MIGRATE_AS_EDITABLE_RECORD_ROW,NO_TABLE_ROW; REINTEGRATE ONLY THE STABLE PRINCIPLE WHERE REQUIRED,companion/07_SUBMISSION_AND_DEFENCE/E6_DEFENCE_DAY_INCIDENT_RESPONSE_AND_CLOSEOUT.csv,MIXED,BOOK_v3.9.0_INTEGRATION_COMPLETE,companion/07_SUBMISSION_AND_DEFENCE/E6_DEFENCE_DAY_INCIDENT_RESPONSE_AND_CLOSEOUT.csv,data row 2,EDITABLE_ROW_PRESENT,1.000,SOURCE SET RECHECKED 2026-08-23; VOLATILE VALUES NOT FROZEN,DISPOSITION_COMPLETED_IN_BOOK_v3.9.0,COMPANION_MIGRATION_CLOSED; BOOK_v3.9.0_INTEGRATION_CLOSED,Controlled CSV row 2 exists and normalised source-to-companion content comparison scored 1.000; source-date and source-code updates are governed by Phase 14C registers.
APX-T43-R03,E,table_row,Table E.6 row 3,Table E.6,Table Row,"Check and control = [ ] C — Required physical originals, signed forms or route-specific objects are present. || Pass evidence and failure action = Use the current official list. Protect the objects during transport and retain delivery or presentation evidence where required. N/A requires a route-specific reason.",MIGRATE_AS_EDITABLE_RECORD_ROW,NO_TABLE_ROW; REINTEGRATE ONLY THE STABLE PRINCIPLE WHERE REQUIRED,companion/07_SUBMISSION_AND_DEFENCE/E6_DEFENCE_DAY_INCIDENT_RESPONSE_AND_CLOSEOUT.csv,MIXED,BOOK_v3.9.0_INTEGRATION_COMPLETE,companion/07_SUBMISSION_AND_DEFENCE/E6_DEFENCE_DAY_INCIDENT_RESPONSE_AND_CLOSEOUT.csv,data row 3,EDITABLE_ROW_PRESENT,1.000,SOURCE SET RECHECKED 2026-08-23; VOLATILE VALUES NOT FROZEN,DISPOSITION_COMPLETED_IN_BOOK_v3.9.0,COMPANION_MIGRATION_CLOSED; BOOK_v3.9.0_INTEGRATION_CLOSED,Controlled CSV row 3 exists and normalised source-to-companion content comparison scored 1.000; source-date and source-code updates are governed by Phase 14C registers.
APX-T43-R04,E,table_row,Table E.6 row 4,Table E.6,Table Row,"Check and control = [ ] R — The technical-incident sequence is ready. || Pass evidence and failure action = On incident, pause, preserve state, state the problem, attempt only authorised recovery, switch once, bound the consequence and continue.",MIGRATE_AS_EDITABLE_RECORD_ROW,NO_TABLE_ROW; REINTEGRATE ONLY THE STABLE PRINCIPLE WHERE REQUIRED,companion/07_SUBMISSION_AND_DEFENCE/E6_DEFENCE_DAY_INCIDENT_RESPONSE_AND_CLOSEOUT.csv,MIXED,BOOK_v3.9.0_INTEGRATION_COMPLETE,companion/07_SUBMISSION_AND_DEFENCE/E6_DEFENCE_DAY_INCIDENT_RESPONSE_AND_CLOSEOUT.csv,data row 4,EDITABLE_ROW_PRESENT,1.000,SOURCE SET RECHECKED 2026-08-23; VOLATILE VALUES NOT FROZEN,DISPOSITION_COMPLETED_IN_BOOK_v3.9.0,COMPANION_MIGRATION_CLOSED; BOOK_v3.9.0_INTEGRATION_CLOSED,Controlled CSV row 4 exists and normalised source-to-companion content comparison scored 1.000; source-date and source-code updates are governed by Phase 14C registers.
APX-T43-R05,E,table_row,Table E.6 row 5,Table E.6,Table Row,"Check and control = [ ] M — No unvalidated substitute file or stronger claim will be introduced under pressure. || Pass evidence and failure action = If a controlled object is unavailable, disclose the limitation. Do not open an ambiguous draft, regenerate results live or substitute a scientifically different release.",MIGRATE_AS_EDITABLE_RECORD_ROW,NO_TABLE_ROW; REINTEGRATE ONLY THE STABLE PRINCIPLE WHERE REQUIRED,companion/07_SUBMISSION_AND_DEFENCE/E6_DEFENCE_DAY_INCIDENT_RESPONSE_AND_CLOSEOUT.csv,MIXED,BOOK_v3.9.0_INTEGRATION_COMPLETE,companion/07_SUBMISSION_AND_DEFENCE/E6_DEFENCE_DAY_INCIDENT_RESPONSE_AND_CLOSEOUT.csv,data row 5,EDITABLE_ROW_PRESENT,1.000,SOURCE SET RECHECKED 2026-08-23; VOLATILE VALUES NOT FROZEN,DISPOSITION_COMPLETED_IN_BOOK_v3.9.0,COMPANION_MIGRATION_CLOSED; BOOK_v3.9.0_INTEGRATION_CLOSED,Controlled CSV row 5 exists and normalised source-to-companion content comparison scored 1.000; source-date and source-code updates are governed by Phase 14C registers.
APX-T43-R06,E,table_row,Table E.6 row 6,Table E.6,Table Row,"Check and control = [ ] R — Questions, incidents, result and official communications are retained. || Pass evidence and failure action = Capture consequential questions, acknowledged errors, requested corrections and the official result or notice. Distinguish examiner request, personal reflection and verified correction.",MIGRATE_AS_EDITABLE_RECORD_ROW,NO_TABLE_ROW; REINTEGRATE ONLY THE STABLE PRINCIPLE WHERE REQUIRED,companion/07_SUBMISSION_AND_DEFENCE/E6_DEFENCE_DAY_INCIDENT_RESPONSE_AND_CLOSEOUT.csv,MIXED,BOOK_v3.9.0_INTEGRATION_COMPLETE,companion/07_SUBMISSION_AND_DEFENCE/E6_DEFENCE_DAY_INCIDENT_RESPONSE_AND_CLOSEOUT.csv,data row 6,EDITABLE_ROW_PRESENT,1.000,SOURCE SET RECHECKED 2026-08-23; VOLATILE VALUES NOT FROZEN,DISPOSITION_COMPLETED_IN_BOOK_v3.9.0,COMPANION_MIGRATION_CLOSED; BOOK_v3.9.0_INTEGRATION_CLOSED,Controlled CSV row 6 exists and normalised source-to-companion content comparison scored 1.000; source-date and source-code updates are governed by Phase 14C registers.
APX-T43-R07,E,table_row,Table E.6 row 7,Table E.6,Table Row,"Check and control = [ ] C — Any post-examination correction follows the authorised route. || Pass evidence and failure action = Do not overwrite the examined state. Create a new controlled derivative only where permitted and retain the request, exact change, response and approval.",MIGRATE_AS_EDITABLE_RECORD_ROW,NO_TABLE_ROW; REINTEGRATE ONLY THE STABLE PRINCIPLE WHERE REQUIRED,companion/07_SUBMISSION_AND_DEFENCE/E6_DEFENCE_DAY_INCIDENT_RESPONSE_AND_CLOSEOUT.csv,MIXED,BOOK_v3.9.0_INTEGRATION_COMPLETE,companion/07_SUBMISSION_AND_DEFENCE/E6_DEFENCE_DAY_INCIDENT_RESPONSE_AND_CLOSEOUT.csv,data row 7,EDITABLE_ROW_PRESENT,1.000,SOURCE SET RECHECKED 2026-08-23; VOLATILE VALUES NOT FROZEN,DISPOSITION_COMPLETED_IN_BOOK_v3.9.0,COMPANION_MIGRATION_CLOSED; BOOK_v3.9.0_INTEGRATION_CLOSED,Controlled CSV row 7 exists and normalised source-to-companion content comparison scored 1.000; source-date and source-code updates are governed by Phase 14C registers.
APX-T43-R08,E,table_row,Table E.6 row 8,Table E.6,Table Row,"Check and control = [ ] R — The examined state and its evidence chain are archived. || Pass evidence and failure action = Preserve the final PDF, slides, release or corpus, manifest, hashes, receipts, enrolment confirmation, runbook and defence notes in the correct access classes.",MIGRATE_AS_EDITABLE_RECORD_ROW,NO_TABLE_ROW; REINTEGRATE ONLY THE STABLE PRINCIPLE WHERE REQUIRED,companion/07_SUBMISSION_AND_DEFENCE/E6_DEFENCE_DAY_INCIDENT_RESPONSE_AND_CLOSEOUT.csv,MIXED,BOOK_v3.9.0_INTEGRATION_COMPLETE,companion/07_SUBMISSION_AND_DEFENCE/E6_DEFENCE_DAY_INCIDENT_RESPONSE_AND_CLOSEOUT.csv,data row 8,EDITABLE_ROW_PRESENT,1.000,SOURCE SET RECHECKED 2026-08-23; VOLATILE VALUES NOT FROZEN,DISPOSITION_COMPLETED_IN_BOOK_v3.9.0,COMPANION_MIGRATION_CLOSED; BOOK_v3.9.0_INTEGRATION_CLOSED,Controlled CSV row 8 exists and normalised source-to-companion content comparison scored 1.000; source-date and source-code updates are governed by Phase 14C registers.
APX-T43-R09,E,table_row,Table E.6 row 9,Table E.6,Table Row,"Check and control = [ ] C — Institutional account expiry or access loss has been closed safely. || Pass evidence and failure action = Where activated, export only permitted records through authorised routes and confirm an alternative contact or retrieval path. Do not copy restricted material to an unauthorised service.",MIGRATE_AS_EDITABLE_RECORD_ROW,NO_TABLE_ROW; REINTEGRATE ONLY THE STABLE PRINCIPLE WHERE REQUIRED,companion/07_SUBMISSION_AND_DEFENCE/E6_DEFENCE_DAY_INCIDENT_RESPONSE_AND_CLOSEOUT.csv,MIXED,BOOK_v3.9.0_INTEGRATION_COMPLETE,companion/07_SUBMISSION_AND_DEFENCE/E6_DEFENCE_DAY_INCIDENT_RESPONSE_AND_CLOSEOUT.csv,data row 9,EDITABLE_ROW_PRESENT,1.000,SOURCE SET RECHECKED 2026-08-23; VOLATILE VALUES NOT FROZEN,DISPOSITION_COMPLETED_IN_BOOK_v3.9.0,COMPANION_MIGRATION_CLOSED; BOOK_v3.9.0_INTEGRATION_CLOSED,Controlled CSV row 9 exists and normalised source-to-companion content comparison scored 1.000; source-date and source-code updates are governed by Phase 14C registers.
APX-T43-R10,E,table_row,Table E.6 row 10,Table E.6,Table Row,"Check and control = [ ] R — Personal-data segregation and the public-release hold remain effective. || Pass evidence and failure action = Remove identity documents, signatures, receipts, secrets, hidden content and metadata from release candidates. Do not publish before written rights and publication decisions.",MIGRATE_AS_EDITABLE_RECORD_ROW,NO_TABLE_ROW; REINTEGRATE ONLY THE STABLE PRINCIPLE WHERE REQUIRED,companion/07_SUBMISSION_AND_DEFENCE/E6_DEFENCE_DAY_INCIDENT_RESPONSE_AND_CLOSEOUT.csv,MIXED,BOOK_v3.9.0_INTEGRATION_COMPLETE,companion/07_SUBMISSION_AND_DEFENCE/E6_DEFENCE_DAY_INCIDENT_RESPONSE_AND_CLOSEOUT.csv,data row 10,EDITABLE_ROW_PRESENT,1.000,SOURCE SET RECHECKED 2026-08-23; VOLATILE VALUES NOT FROZEN,DISPOSITION_COMPLETED_IN_BOOK_v3.9.0,COMPANION_MIGRATION_CLOSED; BOOK_v3.9.0_INTEGRATION_CLOSED,Controlled CSV row 10 exists and normalised source-to-companion content comparison scored 1.000; source-date and source-code updates are governed by Phase 14C registers.
APX-T43-R11,E,table_row,Table E.6 row 11,Table E.6,Table Row,"Check and control = [ ] R — The final readiness or closeout outcome is explicit. || Pass evidence and failure action = Record PASS, BLOCKED, RETURN TO CURRENT-SESSION COMPLIANCE, RETURN TO EDITORIAL GATE, RETURN TO EARLIEST SCIENTIFIC GATE or WITHHOLD PUBLIC RELEASE, with owner and next action.",MIGRATE_AS_EDITABLE_RECORD_ROW,NO_TABLE_ROW; REINTEGRATE ONLY THE STABLE PRINCIPLE WHERE REQUIRED,companion/07_SUBMISSION_AND_DEFENCE/E6_DEFENCE_DAY_INCIDENT_RESPONSE_AND_CLOSEOUT.csv,MIXED,BOOK_v3.9.0_INTEGRATION_COMPLETE,companion/07_SUBMISSION_AND_DEFENCE/E6_DEFENCE_DAY_INCIDENT_RESPONSE_AND_CLOSEOUT.csv,data row 11,EDITABLE_ROW_PRESENT,1.000,SOURCE SET RECHECKED 2026-08-23; VOLATILE VALUES NOT FROZEN,DISPOSITION_COMPLETED_IN_BOOK_v3.9.0,COMPANION_MIGRATION_CLOSED; BOOK_v3.9.0_INTEGRATION_CLOSED,Controlled CSV row 11 exists and normalised source-to-companion content comparison scored 1.000; source-date and source-code updates are governed by Phase 14C registers.
